ThomsonN7.TwoRegime.localGramA_of_localGram	theorem	6293	6303	ThomsonN7.SphereConfig ThomsonN7.TwoRegime.LocalGram ThomsonN7.cyl._proof_1 ThomsonN7.R3 ThomsonN7.pentBipyramid ThomsonN7.TwoRegime.LocalGramA ThomsonN7.TwoRegime.InWindow
ThomsonN7.Kron.Ex.add.injEq	theorem	0	0	ThomsonN7.Kron.Ex.add.inj ThomsonN7.Kron.Ex.add ThomsonN7.Kron.Ex
ThomsonN7.Cert.l1_sumE_map._f	def	0	0	ThomsonN7.Cert.l1_sumE_map.match_1 ThomsonN7.Cert.sumE_cons ThomsonN7.Kron.Ex.add ThomsonN7.Kron.Ex.l1.eq_1 ThomsonN7.Kron.Ex.c ThomsonN7.Kron.Ex ThomsonN7.Kron.Ex.l1 ThomsonN7.Kron.Ex.l1.eq_3 ThomsonN7.Kron.Ex.sumE ThomsonN7.Cert.l1_sumE_map._proof_1
ThomsonN7.Case1Data.S7_B_l_7	def	10226	10226	
ThomsonN7.Reg.max_score_stationary	theorem	4798	4827	ThomsonN7.ThreePoint.quad_Y3_nonneg._simp_1 ThomsonN7.cyl._proof_1 ThomsonN7.R3 ThomsonN7.Reg.planeRot_apply ThomsonN7.Reg.procScore ThomsonN7.Reg.IsoSet ThomsonN7.Reg.planeRot ThomsonN7.Reg.eq_zero_of_mul_le_sq_mul ThomsonN7.Reg.comp_planeRot_mem
ThomsonN7.SlabOneD.Slab_s96_94.parHC	def	17128	17128	ThomsonN7.SlabOneD.Par.mk ThomsonN7.SlabOneD.Par
ThomsonN7.Glue.Coerce.Contact2R.mk.inj	theorem	0	0	ThomsonN7.Glue.Coerce.Contact2R ThomsonN7.Glue.Coerce.Contact2R.mk.noConfusion ThomsonN7.Glue.Coerce.Contact2R.mk ThomsonN7.Glue.Coerce.BPiece
ThomsonN7.Cert.tc_s99_98_SA0	def	16265	16269	ThomsonN7.Cert.TBlk ThomsonN7.Cert.TBlk.mk
ThomsonN7.Case1.c1FtotK	def	10357	10363	ThomsonN7.Cert.sixE ThomsonN7.Kron.Ex.add ThomsonN7.Kron.Ex ThomsonN7.Kron.Ex.smul
ThomsonN7.Case1.c1Smul	def	10328	10329	ThomsonN7.Case1.C1Stat ThomsonN7.Case1.c1Mul ThomsonN7.Case1.c1C
ThomsonN7.GV.sin_2pi5_sq	theorem	5496	5499	ThomsonN7.Base.c1 ThomsonN7.Base.cos_2pi5
ThomsonN7.M2.Pl.pow._sunfold	def	0	0	ThomsonN7.M2.K8 ThomsonN7.M2.Pl.pow ThomsonN7.M2.K8.one ThomsonN7.M2.Pl.mul ThomsonN7.M2.Pl.pow.match_1
ThomsonN7.Cert.Cert3._sizeOf_1	def	0	0	ThomsonN7.Cert.Cert3 ThomsonN7.Cert.SBlk ThomsonN7.Cert.Blk ThomsonN7.Cert.SBlk._sizeOf_inst ThomsonN7.Cert.Cert3.rec ThomsonN7.Cert.Blk._sizeOf_inst
ThomsonN7.Cert.tc_s96_94_SG3	def	17007	17011	ThomsonN7.Cert.TBlk ThomsonN7.Cert.TBlk.mk
ThomsonN7.Reg.kk_0_3	theorem	7769	7771	ThomsonN7.Reg.cross_of_enc
ThomsonN7.Cert.GramCut	def	2507	2510	ThomsonN7.ThreePoint.GramOK
ThomsonN7.CutOneD.peval._f	def	0	0	ThomsonN7.CutOneD.peval.match_1
ThomsonN7.Reg.g_2_3	theorem	4238	4240	ThomsonN7.Reg.hF1 ThomsonN7.Reg.s1 ThomsonN7.Base.c2 ThomsonN7.Reg.inner_vec3 ThomsonN7.Reg.pent_2 ThomsonN7.Reg.hF2 ThomsonN7.Reg.hF3 ThomsonN7.R3 ThomsonN7.Base.c1 ThomsonN7.Reg.s2 ThomsonN7.Reg.hF4 ThomsonN7.pentBipyramid ThomsonN7.Reg.pent_3
ThomsonN7.Cert.tc_s96_94_FP0	def	16863	16866	ThomsonN7.Cert.Blk ThomsonN7.Cert.mkBlk
ThomsonN7.Reg.W_5_3	theorem	4433	4434	ThomsonN7.Reg.W ThomsonN7.Reg.W_ne ThomsonN7.Reg.g_5_3 ThomsonN7.Base.phi ThomsonN7.R3 ThomsonN7.pentBipyramid
ThomsonN7.Case1Data.S0_B_D_37	def	9739	9739	
ThomsonN7.Kron.Ex.l1.eq_3	theorem	0	0	ThomsonN7.Kron.Ex.add ThomsonN7.Kron.Ex ThomsonN7.Kron.Ex.l1
ThomsonN7.M6.det4h	def	11409	11414	ThomsonN7.cyl._proof_1
ThomsonN7.Glue.Coerce.bernSum._unsafe_rec	def	0	0	ThomsonN7.CutOneD.padd ThomsonN7.Glue.Coerce.ppow ThomsonN7.CutOneD.pscale ThomsonN7.Glue.Coerce.bernSum.match_1 ThomsonN7.CutOneD.pmul ThomsonN7.Glue.Coerce.bernSum._unsafe_rec
ThomsonN7.ThreePoint.sum_ne_eq_sub	theorem	937	944	
ThomsonN7.Cert.idL	def	14452	14454	ThomsonN7.Cert.TBlk.l1B ThomsonN7.Cert.gT ThomsonN7.Cert.TBlk.g ThomsonN7.Cert.TBlk ThomsonN7.Kron.Ex ThomsonN7.Kron.Ex.l1
ThomsonN7.SlabOneD.Slab_s94_93.parHB.eq_1	theorem	0	0	ThomsonN7.SlabOneD.Par.mk ThomsonN7.SlabOneD.Slab_s94_93.parHB ThomsonN7.SlabOneD.Par
ThomsonN7.SlabOneD.sqSumZ._f	def	0	0	ThomsonN7.CutOneD.sqSum.match_1 ThomsonN7.SlabOneD.evalZ
ThomsonN7.Case1Data.S7_B_l_14	def	10233	10233	
ThomsonN7.Reg.CP_10.eq_1	theorem	0	0	ThomsonN7.triCapPrism._proof_1 ThomsonN7.Reg.CP_10 ThomsonN7.Base.c1._proof_1
ThomsonN7.RegB.t0_ring_lt	theorem	4912	4918	ThomsonN7.cyl._proof_1 ThomsonN7.R3 ThomsonN7.RegB.t0 ThomsonN7.cyl ThomsonN7.pent_of_lt ThomsonN7.pentBipyramid ThomsonN7.Base.inner_cyl
ThomsonN7.Case1Data.S7_B_D_8	def	10248	10248	
ThomsonN7.RegB.t0_35	theorem	5091	5091	ThomsonN7.RegB.t0_north ThomsonN7.RegB.t0
ThomsonN7.Cert.TCert.HAf	def	14955	14956	ThomsonN7.Cert.polyR ThomsonN7.Cert.TCert.HA ThomsonN7.Cert.TCert ThomsonN7.Cert.TCert.Lam
ThomsonN7.Glue.Coerce.Contact2R._sizeOf_1	def	0	0	ThomsonN7.Glue.Coerce.Contact2R ThomsonN7.Glue.Coerce.Contact2R.rec ThomsonN7.Glue.Coerce.BPiece ThomsonN7.Glue.Coerce.BPiece._sizeOf_inst
ThomsonN7.Case1Data.S2_B_D_20	def	9895	9895	
ThomsonN7.Case1Data.S6_B_l_8	def	10151	10151	
ThomsonN7.Reg.kk_15_15	theorem	8153	8155	ThomsonN7.Reg.diag_of_enc
ThomsonN7.Cert.TCert.mB	def	14857	14857	ThomsonN7.Cert.TCert
ThomsonN7.Cert.l1_sub	theorem	14439	14440	ThomsonN7.Kron.Ex.sub ThomsonN7.Kron.Ex.mul ThomsonN7.Kron.Ex.add ThomsonN7.Kron.Ex.c ThomsonN7.Kron.Ex ThomsonN7.Kron.Ex.l1 ThomsonN7.Kron.Ex.l1.eq_3
ThomsonN7.Glue.Coerce.Contact2.mk.sizeOf_spec	theorem	0	0	ThomsonN7.Glue.Coerce.Contact2.mk ThomsonN7.Glue.Coerce.Contact2 ThomsonN7.Glue.Coerce.BPiece ThomsonN7.Glue.Coerce.Contact2._sizeOf_inst ThomsonN7.Glue.Coerce.BPiece._sizeOf_inst
ThomsonN7.ThreePoint.dsum_const	theorem	883	894	ThomsonN7.ThreePoint.dsum_pair12 ThomsonN7.ThreePoint.dsum_const._proof_1 ThomsonN7.ThreePoint.dsum
ThomsonN7.CutOneD.Cert.mk.inj	theorem	0	0	ThomsonN7.CutOneD.Cert.mk ThomsonN7.CutOneD.Cert.mk.noConfusion ThomsonN7.CutOneD.Cert
ThomsonN7.Cert.l1_sqF_le	theorem	14243	14269	ThomsonN7.Cert.l1_sqF_le._f ThomsonN7.Kron.Ex.l1 ThomsonN7.Cert.sqF
_private.ThomsonN7.Solution.0.ThomsonN7.Cert.codeE.match_1.eq_13	theorem	0	0	ThomsonN7.Cert.codeE.match_1
ThomsonN7.GV.pent5'	theorem	5216	5217	ThomsonN7.cyl._proof_1 ThomsonN7.R3 ThomsonN7.pentBipyramid._proof_1 ThomsonN7.cyl ThomsonN7.pentBipyramid
ThomsonN7.Glue.Coerce.Contact1.ctorIdx	def	0	0	ThomsonN7.Glue.Coerce.Contact1
ThomsonN7.Kron.Ex.Term	def	1650	1651	
ThomsonN7.Cert.tc_s94_93_SB1	def	17294	17298	ThomsonN7.Cert.TBlk ThomsonN7.Cert.TBlk.mk
ThomsonN7.SlabOneD.peval.eq_2	theorem	0	0	ThomsonN7.SlabOneD.peval
_private.ThomsonN7.Solution.0.ThomsonN7.Cert.perm3.match_1.eq_1	theorem	0	0	ThomsonN7.Cert.perm3.match_1
ThomsonN7.Kron.Ex.sq	def	1972	1973	ThomsonN7.Kron.Ex.mul ThomsonN7.Kron.Ex
ThomsonN7.Kron.Ex.ev_sumRange	theorem	2020	2023	ThomsonN7.Kron.Ex.sumRange.eq_1 ThomsonN7.Kron.Ex.ev_sumE ThomsonN7.Kron.Ex.list_sum_range_map ThomsonN7.Kron.Ex.sumRange ThomsonN7.Kron.Ex.ev ThomsonN7.Kron.Ex ThomsonN7.Kron.Ex.sumE
ThomsonN7.Reg.sq_8	theorem	8245	8245	
ThomsonN7.Cert.degK_linF_le._proof_2	theorem	0	0	ThomsonN7.Kron.Ex.mon ThomsonN7.Cert.proj ThomsonN7.Cert.smulNZ ThomsonN7.Cert.linF ThomsonN7.Cert.mxs ThomsonN7.Cert.degK
ThomsonN7.Reg.mlo_26	theorem	7061	7062	ThomsonN7.Reg.mon_lo ThomsonN7.Reg.InBox
ThomsonN7.Case1Data.S1_B_l_23	def	9786	9786	
ThomsonN7.Glue.Coerce.BPiece.w1	def	12965	12965	ThomsonN7.Glue.Coerce.BPiece
ThomsonN7.CutOneD.sqSum.eq_2	theorem	0	0	ThomsonN7.CutOneD.sqSum ThomsonN7.CutOneD.padd ThomsonN7.CutOneD.pscale ThomsonN7.CutOneD.pmul
ThomsonN7.Case1Data.S4_B_D_7	def	10034	10034	
ThomsonN7.M2.Pl.eval_mul._f	def	0	0	ThomsonN7.M2.K8 ThomsonN7.M2.Pl.scale ThomsonN7.M2.K8.toReal ThomsonN7.M2.K8.zero ThomsonN7.M2.Pl.eval_add ThomsonN7.M2.Pl.eval.eq_1 ThomsonN7.M2.K8.toReal_zero ThomsonN7.M2.Pl.mul ThomsonN7.M2.Pl.eval ThomsonN7.M2.Pl.add ThomsonN7.M2.Pl.eval_scale ThomsonN7.M2.Pl.eval_mul.match_1
ThomsonN7.Reg.hF2	theorem	4132	4132	ThomsonN7.Reg.s2_eq ThomsonN7.Reg.s1 ThomsonN7.Base.c1 ThomsonN7.Reg.s2
ThomsonN7.Case1Data.S5_B_D_4	def	10107	10107	
ThomsonN7.Cert.tc_cap_SB1	def	16001	16005	ThomsonN7.Cert.TBlk ThomsonN7.Cert.TBlk.mk
ThomsonN7.SlabOneD.Slab_s98_96.termHA_5	def	16750	16751	ThomsonN7.SlabOneD.Term ThomsonN7.SlabOneD.Term.mk
ThomsonN7.Kron.Ex.mon	ctor	1602	1602	ThomsonN7.Kron.Ex.mon ThomsonN7.Kron.Ex
ThomsonN7.CutOneD.compQ.eq_def	theorem	0	0	ThomsonN7.CutOneD.compQ ThomsonN7.CutOneD.padd ThomsonN7.CutOneD.compQ._f _private.ThomsonN7.Solution.0.ThomsonN7.CutOneD.compQ.match_1.splitter ThomsonN7.CutOneD.pmul ThomsonN7.CutOneD.compQ.match_1
ThomsonN7.Cert.q3E.eq_def	theorem	0	0	ThomsonN7.Kron.Ex.V ThomsonN7.Cert.q3E.match_1 ThomsonN7.Kron.Ex.sub _private.ThomsonN7.Solution.0.ThomsonN7.Cert.q3E.match_1.splitter ThomsonN7.Kron.Ex.T ThomsonN7.Kron.Ex.mul ThomsonN7.Cert.q3E ThomsonN7.Kron.Ex.U ThomsonN7.Cert.q3E._f ThomsonN7.Kron.Ex.c ThomsonN7.Kron.Ex ThomsonN7.Kron.Ex.smul ThomsonN7.Kron.Ex.sq
ThomsonN7.Cert.hvE.eq_1	theorem	0	0	ThomsonN7.Cert.hvE ThomsonN7.Cert.sbst ThomsonN7.Cert.h1E ThomsonN7.Kron.Ex
ThomsonN7.Cert.ev_quadF	theorem	13861	13876	ThomsonN7.Kron.Ex.ev ThomsonN7.Kron.Ex.add ThomsonN7.Cert.quadF ThomsonN7.Kron.Ex ThomsonN7.Cert.ev_rowF ThomsonN7.Cert.mv ThomsonN7.Kron.Ex.ev_add ThomsonN7.Cert.getD_tail_succ' ThomsonN7.Cert.rowF ThomsonN7.Cert.quadF.eq_2
ThomsonN7.Glue.seven_of_rooted	theorem	12088	12093	ThomsonN7.coulombEnergy ThomsonN7.Glue.case2_of_rooted ThomsonN7.SphereConfig ThomsonN7.Case1.seven_of_case2 ThomsonN7.R3 ThomsonN7.Glue.RootedClaim ThomsonN7.pentBipyramid
ThomsonN7.Case1Data.S1_B_l_14	def	9777	9777	
ThomsonN7.Reg.kk_1_19	theorem	7817	7819	ThomsonN7.Reg.cross_of_enc
ThomsonN7.Case1Data.F1	def	9621	9621	ThomsonN7.Cert.Blk ThomsonN7.Case1Data.F1_l ThomsonN7.Case1Data.F1_D ThomsonN7.Case1Data.F1_d ThomsonN7.Cert.Blk.mk
ThomsonN7.Case1Data.S5_B_D_3	def	10106	10106	
ThomsonN7.Reg.CP_54.eq_1	theorem	0	0	ThomsonN7.triCapPrism._proof_1 ThomsonN7.Reg.CP_54 ThomsonN7.cyl._proof_1 ThomsonN7.Base.c1._proof_1
_private.ThomsonN7.Solution.0.ThomsonN7.Cert.quadF.match_1.splitter	def	0	0	ThomsonN7.Cert.quadF.match_1
ThomsonN7.M2.Pl.eval_nonneg	theorem	3098	3104	ThomsonN7.M2.K8 ThomsonN7.M2.K8.toReal ThomsonN7.M2.Pl.eval
ThomsonN7.M3.emb_injective._proof_1	theorem	0	0	
ThomsonN7.Case1Data.S6_B_l_13	def	10156	10156	
ThomsonN7.Case1Data.S0_B_D_52	def	9754	9754	
ThomsonN7.M2.Pl.eval_pos	theorem	3106	3109	ThomsonN7.M2.K8 ThomsonN7.M2.K8.toReal ThomsonN7.M2.Pl.eval_nonneg ThomsonN7.M2.Pl.eval
ThomsonN7.Cert.SBlk.ctorIdx	def	0	0	ThomsonN7.Cert.SBlk
_private.ThomsonN7.Solution.0.ThomsonN7.Cert.codeE.match_1.eq_11	theorem	0	0	ThomsonN7.Cert.codeE.match_1
ThomsonN7.Case1Data.S0_B_D_39	def	9741	9741	
ThomsonN7.Kron.Ex.ev_subst	theorem	2056	2062	ThomsonN7.Kron.Ex.mul ThomsonN7.Kron.Ex.ev_pw ThomsonN7.Kron.Ex.mon ThomsonN7.Kron.Ex.pw ThomsonN7.Kron.Ex.ev ThomsonN7.Kron.Ex.subst ThomsonN7.Kron.Ex.add ThomsonN7.Kron.Ex ThomsonN7.Kron.Ex.rec ThomsonN7.Kron.Ex.varVal
ThomsonN7.SlabOneD.Slab_s93_90.termHA_7	def	17743	17744	ThomsonN7.SlabOneD.Term ThomsonN7.SlabOneD.Term.mk
ThomsonN7.Kron.Ex.varVal.eq_2	theorem	0	0	ThomsonN7.Kron.Ex.varVal
ThomsonN7.Kron.Ex.ctorElim	def	1599	1604	ThomsonN7.Kron.Ex.ctorIdx ThomsonN7.Kron.Ex.casesOn ThomsonN7.Kron.Ex.mul ThomsonN7.Kron.Ex.mon ThomsonN7.Kron.Ex.ctorElimType ThomsonN7.Kron.Ex.add ThomsonN7.Kron.Ex.c ThomsonN7.Kron.Ex
_private.ThomsonN7.Solution.0.ThomsonN7.Glue.Coerce.chainOK.match_1.eq_2	theorem	0	0	ThomsonN7.Glue.Coerce.chainOK.match_1 ThomsonN7.Glue.Coerce.BPiece
ThomsonN7.Reg.gaugeG_zero	theorem	8982	8994	ThomsonN7.Reg.gaugeG ThomsonN7.R3 ThomsonN7.pentBipyramid
ThomsonN7.Reg.muP.eq_1	theorem	0	0	ThomsonN7.Reg.W ThomsonN7.cyl._proof_1 ThomsonN7.R3 ThomsonN7.Reg.muP ThomsonN7.pentBipyramid
ThomsonN7.ThreePoint.lamA	def	11055	11057	ThomsonN7.ThreePoint.gm ThomsonN7.cyl._proof_1 ThomsonN7.pentBipyramid._proof_1
ThomsonN7.Cert.TCert.ctorIdx	def	0	0	ThomsonN7.Cert.TCert
ThomsonN7.Final.a._proof_5	theorem	0	0	
ThomsonN7.SlabOneD.Slab_s98_96.parHC	def	16799	16799	ThomsonN7.SlabOneD.Par.mk ThomsonN7.SlabOneD.Par
_private.ThomsonN7.Solution.0.ThomsonN7.Cert.codeE.match_1.eq_9	theorem	0	0	ThomsonN7.Cert.codeE.match_1
ThomsonN7.M2.Pl.comp.eq_1	theorem	0	0	ThomsonN7.M2.K8 ThomsonN7.M2.Pl.comp
ThomsonN7.Case1Data.S0_B_l_28	def	9673	9673	
ThomsonN7.M6.mid	def	11484	11484	
ThomsonN7.Cert.sqfF.eq_1	theorem	0	0	ThomsonN7.Cert.Blk.Δ ThomsonN7.Cert.Blk.l ThomsonN7.Cert.Blk.d ThomsonN7.Cert.Blk ThomsonN7.Cert.sqfF ThomsonN7.Kron.Ex.add ThomsonN7.Cert.quadF ThomsonN7.Kron.Ex ThomsonN7.Cert.sqF
ThomsonN7.Cert.tc_s98_96_SA3	def	16612	16616	ThomsonN7.Cert.TBlk ThomsonN7.Cert.TBlk.mk
ThomsonN7.SlabOneD.Slab_s96_94.termHA_3	def	17073	17074	ThomsonN7.SlabOneD.Term ThomsonN7.SlabOneD.Term.mk
ThomsonN7.Case1Data.S1_B_l_27	def	9790	9790	
ThomsonN7.ThreePoint.H7_eq	theorem	11273	11291	ThomsonN7.ThreePoint.instDecidableIsP ThomsonN7.ThreePoint.H7_eq._proof_2 ThomsonN7.ThreePoint.H7_eq._proof_1 ThomsonN7.ThreePoint.H7_eq._proof_3 ThomsonN7.ThreePoint.H7_eq._proof_4 ThomsonN7.ThreePoint.H7 ThomsonN7.ThreePoint.isP
ThomsonN7.Glue.rooted_of_cap_slabs	theorem	12112	12124	ThomsonN7.coulombEnergy ThomsonN7.M3.firstWhere._proof_1 ThomsonN7.SphereConfig ThomsonN7.Glue.Concl ThomsonN7.cyl._proof_1 ThomsonN7.R3 ThomsonN7.RegB.quadPart._proof_1 ThomsonN7.Glue.RootedClaim ThomsonN7.pentBipyramid ThomsonN7.Glue.exists_cell ThomsonN7.Reg.CP_56._proof_2
ThomsonN7.SlabOneD.compQ._sunfold	def	0	0	ThomsonN7.SlabOneD.padd ThomsonN7.SlabOneD.pmul ThomsonN7.CutOneD.compQ.match_1 ThomsonN7.SlabOneD.compQ
ThomsonN7.SlabOneD.Slab_s98_96.certHA	def	16759	16763	ThomsonN7.SlabOneD.Slab_s98_96.termHA_2 ThomsonN7.SlabOneD.Slab_s98_96.termHA_1 ThomsonN7.SlabOneD.Slab_s98_96.termHA_6 ThomsonN7.SlabOneD.Cert.mk ThomsonN7.SlabOneD.Term ThomsonN7.SlabOneD.Slab_s98_96.termHA_4 ThomsonN7.SlabOneD.Cert ThomsonN7.SlabOneD.Slab_s98_96.termHA_5 ThomsonN7.SlabOneD.Slab_s98_96.termHA_7 ThomsonN7.SlabOneD.Slab_s98_96.termHA_3 ThomsonN7.SlabOneD.Slab_s98_96.termHA_0
ThomsonN7.Reg.W_0_3	theorem	4332	4333	ThomsonN7.Reg.W ThomsonN7.Reg.W_ne ThomsonN7.Base.c2 ThomsonN7.Base.phi ThomsonN7.R3 ThomsonN7.pentBipyramid ThomsonN7.Reg.g_0_3
ThomsonN7.M3.val	def	3568	3569	ThomsonN7.M3.cosA ThomsonN7.M3.cosB
ThomsonN7.Case1Data.S1_B_D_25	def	9824	9824	
ThomsonN7.Cert.TBlk.mk.inj	theorem	0	0	ThomsonN7.Cert.TBlk ThomsonN7.Cert.TBlk.mk.noConfusion ThomsonN7.Cert.TBlk.mk
ThomsonN7.Kron.Ex.toList.eq_def	theorem	0	0	ThomsonN7.Kron.Ex.Term ThomsonN7.Kron.Ex.below ThomsonN7.Kron.Ex.mul ThomsonN7.Kron.Ex.mon ThomsonN7.Kron.Ex.toList._f ThomsonN7.Kron.Ex.brecOn.go ThomsonN7.Kron.Ex.toList _private.ThomsonN7.Solution.0.ThomsonN7.Kron.Ex.ev.match_1.splitter ThomsonN7.Kron.Ex.add ThomsonN7.Kron.Ex.ev.match_1 ThomsonN7.Kron.Ex.c ThomsonN7.Kron.Ex ThomsonN7.Kron.Ex.rec ThomsonN7.Kron.Ex.brecOn.eq ThomsonN7.Kron.Ex.brecOn
ThomsonN7.Reg.W_1_6	theorem	4361	4362	ThomsonN7.Reg.W ThomsonN7.Reg.W_ne ThomsonN7.Base.phi ThomsonN7.R3 ThomsonN7.Reg.g_1_6 ThomsonN7.pentBipyramid
ThomsonN7.Case1Data.S0_B_l_55	def	9700	9700	
ThomsonN7.Kron.Ex.ev_U	theorem	1993	1993	ThomsonN7.Kron.Ex.U ThomsonN7.Kron.Ex.ev
ThomsonN7.Cert.cast_kev	theorem	14119	14130	ThomsonN7.Kron.Ex.mul ThomsonN7.Kron.Ex.kev ThomsonN7.Kron.Ex.mon ThomsonN7.Kron.Ex.ev ThomsonN7.Kron.Ex.add ThomsonN7.Kron.Ex ThomsonN7.Kron.Ex.rec
ThomsonN7.RegB.t0_north	theorem	4920	4920	ThomsonN7.Base.pent_inner_north ThomsonN7.RegB.t0
ThomsonN7.Reg.CP_28	def	6765	6765	ThomsonN7.triCapPrism._proof_1 ThomsonN7.Base.c1._proof_1
ThomsonN7.Reg.isoOfMem._proof_1	theorem	0	0	
ThomsonN7.Reg.InBox	def	6938	6941	ThomsonN7.Reg.InBox._proof_16 ThomsonN7.Reg.InBox._proof_7 ThomsonN7.Reg.InBox._proof_9 ThomsonN7.Reg.InBox._proof_2 ThomsonN7.Reg.InBox._proof_5 ThomsonN7.Reg.InBox._proof_8 ThomsonN7.Reg.InBox._proof_15 ThomsonN7.Reg.InBox._proof_13 ThomsonN7.Reg.InBox._proof_6 ThomsonN7.Reg.InBox._proof_11 ThomsonN7.Reg.InBox._proof_4 ThomsonN7.Reg.InBox._proof_10 ThomsonN7.Reg.InBox._proof_12 ThomsonN7.Reg.InBox._proof_3 ThomsonN7.Reg.InBox._proof_1 ThomsonN7.Reg.InBox._proof_14
ThomsonN7.Reg.sq_18	theorem	8255	8255	
ThomsonN7.Case1Data.S0_B_D_15	def	9717	9717	
ThomsonN7.SlabOneD.Slab_s99_98.parHC.eq_1	theorem	0	0	ThomsonN7.SlabOneD.Par.mk ThomsonN7.SlabOneD.Slab_s99_98.parHC ThomsonN7.SlabOneD.Par
ThomsonN7.TwoRegime.regimeB_of_rigid_local	theorem	5755	5772	ThomsonN7.coulombEnergy ThomsonN7.Base.coulombEnergy_comp_isometry ThomsonN7.SphereConfig ThomsonN7.TwoRegime.LocalMinAt ThomsonN7.cyl._proof_1 ThomsonN7.TwoRegime.GramRigid ThomsonN7.R3 ThomsonN7.TwoRegime.sumW ThomsonN7.Base.sphereConfig_comp ThomsonN7.Base.coulombEnergy_comp_perm ThomsonN7.pentBipyramid ThomsonN7.TwoRegime.exists_chart_explicit ThomsonN7.TwoRegime.RegimeB
ThomsonN7.Reg.g_0_6	theorem	4208	4209	ThomsonN7.Base.pent_inner_south ThomsonN7.R3 ThomsonN7.pentBipyramid
ThomsonN7.SlabOneD.Slab_s99_98.termHA_4	def	16418	16419	ThomsonN7.SlabOneD.Term ThomsonN7.SlabOneD.Term.mk
ThomsonN7.SlabOneD.evalZ.match_1	def	0	0	
ThomsonN7.Cert.tc_s99_98_FP2	def	16215	16218	ThomsonN7.Cert.Blk ThomsonN7.Cert.mkBlk
ThomsonN7.Case1Data.S6_B_l_12	def	10155	10155	
ThomsonN7.Cert.codeE.eq_14	theorem	0	0	ThomsonN7.Kron.Ex.V ThomsonN7.Kron.Ex.sub ThomsonN7.Kron.Ex.T ThomsonN7.Kron.Ex.mul ThomsonN7.Kron.Ex.U _private.ThomsonN7.Solution.0.ThomsonN7.Cert.codeE.match_1.eq_14 ThomsonN7.Kron.Ex.add ThomsonN7.Kron.Ex.c ThomsonN7.Kron.Ex ThomsonN7.Kron.Ex.smul ThomsonN7.Kron.Ex.sq ThomsonN7.Cert.codeE ThomsonN7.Cert.codeE.match_1
ThomsonN7.Reg.enc_42	theorem	7569	7590	ThomsonN7.Reg.mlo_18 ThomsonN7.Reg.mlo_16 ThomsonN7.Reg.mhi_12 ThomsonN7.triCapPrism._proof_1 ThomsonN7.Reg.mhi_14 ThomsonN7.Reg.mhi_18 ThomsonN7.Reg.mlo_13 ThomsonN7.Reg.mhi_27 ThomsonN7.Reg.mhi_13 ThomsonN7.triCapPrism._proof_2 ThomsonN7.Reg.mhi_16 ThomsonN7.cyl._proof_1 ThomsonN7.RegB.phiCos._proof_1 ThomsonN7.Reg.mlo_34 ThomsonN7.Reg.mlo_27 ThomsonN7.Reg.mhi_2 ThomsonN7.Reg.mhi_34 ThomsonN7.Reg.InBox ThomsonN7.Reg.mlo_14 ThomsonN7.Reg.mlo_2 ThomsonN7.Reg.mlo_12 ThomsonN7.Reg.CP_42 ThomsonN7.Reg.mlo_37 ThomsonN7.Reg.mhi_37
ThomsonN7.SlabOneD.Par.recOn	def	15210	15215	ThomsonN7.SlabOneD.Par.mk ThomsonN7.SlabOneD.Par.rec ThomsonN7.SlabOneD.Par
ThomsonN7.Glue.cap_of_typed_tube._proof_1	theorem	0	0	
ThomsonN7.M3.inner_P_pent	theorem	3677	3687	ThomsonN7.M3.cP._proof_1 ThomsonN7.M3.cos_pent ThomsonN7.M3.inner_cyl ThomsonN7.R3 ThomsonN7.cyl ThomsonN7.M3.cosA ThomsonN7.pent_of_lt ThomsonN7.M3.cosB ThomsonN7.pentBipyramid ThomsonN7.M3.val ThomsonN7.M3.cP
ThomsonN7.ThreePoint.S3.eq_1	theorem	0	0	ThomsonN7.ThreePoint.Y3 ThomsonN7.triCapPrism._proof_2 ThomsonN7.ThreePoint.S3
ThomsonN7.Cert.tc_cap	def	16055	16077	ThomsonN7.Cert.tc_cap_SA1 ThomsonN7.Cert.tc_cap_SA0 ThomsonN7.Cert.tc_cap_SB1 ThomsonN7.Cert.tc_cap_FR3 ThomsonN7.Cert.tc_cap_FR2 ThomsonN7.Cert.tc_cap_SG2 ThomsonN7.Cert.tc_cap_SB0 ThomsonN7.Cert.tc_cap_SB2 ThomsonN7.Cert.Blk ThomsonN7.Cert.TBlk ThomsonN7.Cert.tc_cap_FP2 ThomsonN7.Cert.tc_cap_FR5 ThomsonN7.Cert.tc_cap_FP1 ThomsonN7.Cert.TCert.mk ThomsonN7.Cert.tc_cap_SA3 ThomsonN7.Cert.tc_cap_FR4 ThomsonN7.Cert.tc_cap_SG1 ThomsonN7.Cert.tc_cap_FP5 ThomsonN7.Cert.TCert ThomsonN7.Cert.tc_cap_FR1 ThomsonN7.Cert.tc_cap_SG4 ThomsonN7.Cert.tc_cap_FP0 ThomsonN7.Cert.tc_cap_FP3 ThomsonN7.Cert.tc_cap_FP4 ThomsonN7.Cert.tc_cap_SA4 ThomsonN7.Cert.tc_cap_SG3 ThomsonN7.Cert.tc_cap_SA6 ThomsonN7.Cert.tc_cap_SA5 ThomsonN7.Cert.tc_cap_SA2 ThomsonN7.Cert.tc_cap_SB4 ThomsonN7.Cert.tc_cap_SG0 ThomsonN7.Cert.tc_cap_SB3 ThomsonN7.Cert.tc_cap_FR0
ThomsonN7.M3.firstWhere._proof_1	theorem	0	0	
ThomsonN7.Case1Data.S3_B_D_25	def	9976	9976	
ThomsonN7.SlabOneD.sumTerms.match_1	def	0	0	ThomsonN7.SlabOneD.Term
ThomsonN7.M2.r5L.eq_1	theorem	0	0	ThomsonN7.M2.r5L
ThomsonN7.GV.P_inner_1	theorem	5489	5491	ThomsonN7.GV.pent1 ThomsonN7.GV.inner_coord ThomsonN7.R3 ThomsonN7.Base.c1 ThomsonN7.Base.cos_2pi5 ThomsonN7.pentBipyramid
ThomsonN7.M2.Pl.eval_mul	theorem	3074	3077	ThomsonN7.M2.K8 ThomsonN7.M2.Pl.eval_mul._f ThomsonN7.M2.Pl.mul ThomsonN7.M2.Pl.eval
ThomsonN7.Case1Data.F2_l	def	9627	9627	ThomsonN7.Case1Data.F2_l_2 ThomsonN7.Case1Data.F2_l_3 ThomsonN7.Case1Data.F2_l_0 ThomsonN7.Case1Data.F2_l_1
ThomsonN7.Cert.Cert3.sound	theorem	2803	2809	ThomsonN7.ThreePoint.three_point_bound ThomsonN7.Cert.Cert3 ThomsonN7.Cert.Cert3.idE ThomsonN7.Cert.Cert3.ad ThomsonN7.Cert.Blk.ok ThomsonN7.Cert.chk ThomsonN7.Cert.Cert3.blk ThomsonN7.Cert.SBlk ThomsonN7.Cert.Cert3.hpt ThomsonN7.Cert.Cert3.Fm ThomsonN7.Cert.SBlk.z ThomsonN7.Cert.Cert3.m ThomsonN7.Cert.Cert3.Hf ThomsonN7.Cert.Cert3.eps ThomsonN7.Cert.Cert3.Lam ThomsonN7.R3 ThomsonN7.Cert.Cert3.K ThomsonN7.ThreePoint.GramOK ThomsonN7.Cert.Cert3.S ThomsonN7.Cert.Cert3.an ThomsonN7.Cert.Cert3.check_parts ThomsonN7.Cert.Cert3.n ThomsonN7.Cert.fmat_psd ThomsonN7.Cert.SBlk.B ThomsonN7.Cert.Cert3.check
ThomsonN7.Glue.Coerce.Contact1.check.eq_1	theorem	0	0	ThomsonN7.Glue.Coerce.Contact1.g0d ThomsonN7.CutOneD.pneg ThomsonN7.CutOneD.padd ThomsonN7.Glue.Coerce.chainOK ThomsonN7.Glue.Coerce.Contact1.Q ThomsonN7.Glue.Coerce.Fpoly ThomsonN7.Glue.Coerce.Contact1.pieces ThomsonN7.Glue.Coerce.Contact1.p ThomsonN7.Glue.Coerce.lin ThomsonN7.CutOneD.pscale ThomsonN7.Glue.Coerce.Contact1.check ThomsonN7.CutOneD.pmul ThomsonN7.Glue.Coerce.Contact1 ThomsonN7.Glue.Coerce.Contact1.q ThomsonN7.Glue.Coerce.Contact1.g0n ThomsonN7.Glue.Coerce.Contact1.Dq ThomsonN7.Glue.Coerce.Contact1.G
ThomsonN7.Case1Data.S6_B_l_19	def	10162	10162	
ThomsonN7.Cert.Blk._sizeOf_inst	def	0	0	ThomsonN7.Cert.Blk._sizeOf_1 ThomsonN7.Cert.Blk
ThomsonN7.M3.det4h_inner_eq_zero	theorem	3544	3560	ThomsonN7.M3.det4h ThomsonN7.M3.det_fin_four_unit ThomsonN7.R3
ThomsonN7.Reg.sq_16	theorem	8253	8253	
ThomsonN7.M6.chk3._unsafe_rec	def	0	0	ThomsonN7.M6.Box6.A ThomsonN7.M6.Box6.split ThomsonN7.M6.Box6.C ThomsonN7.M6.widest ThomsonN7.M6.Box6.B ThomsonN7.M6.Box6 ThomsonN7.M6.chk3._unsafe_rec ThomsonN7.M6.chk4.match_1 ThomsonN7.M6.idet3
ThomsonN7.ThreePoint.sum_root_decomp	theorem	10847	10885	ThomsonN7.ThreePoint.sum_S3_eq_sum_Y3._simp_1 ThomsonN7.ThreePoint.sum_ne_eq_sub ThomsonN7.ThreePoint.sum_all_eq ThomsonN7.ThreePoint.mrg ThomsonN7.ThreePoint.dsum
ThomsonN7.Case1Data.S6_B_l_26	def	10169	10169	
ThomsonN7.Case1Data.S4_B_l	def	10026	10026	ThomsonN7.Case1Data.S4_B_l_13 ThomsonN7.Case1Data.S4_B_l_4 ThomsonN7.Case1Data.S4_B_l_29 ThomsonN7.Case1Data.S4_B_l_18 ThomsonN7.Case1Data.S4_B_l_15 ThomsonN7.Case1Data.S4_B_l_25 ThomsonN7.Case1Data.S4_B_l_1 ThomsonN7.Case1Data.S4_B_l_8 ThomsonN7.Case1Data.S4_B_l_32 ThomsonN7.Case1Data.S4_B_l_9 ThomsonN7.Case1Data.S4_B_l_22 ThomsonN7.Case1Data.S4_B_l_27 ThomsonN7.Case1Data.S4_B_l_20 ThomsonN7.Case1Data.S4_B_l_3 ThomsonN7.Case1Data.S4_B_l_2 ThomsonN7.Case1Data.S4_B_l_10 ThomsonN7.Case1Data.S4_B_l_11 ThomsonN7.Case1Data.S4_B_l_5 ThomsonN7.Case1Data.S4_B_l_34 ThomsonN7.Case1Data.S4_B_l_24 ThomsonN7.Case1Data.S4_B_l_33 ThomsonN7.Case1Data.S4_B_l_0 ThomsonN7.Case1Data.S4_B_l_28 ThomsonN7.Case1Data.S4_B_l_30 ThomsonN7.Case1Data.S4_B_l_12 ThomsonN7.Case1Data.S4_B_l_31 ThomsonN7.Case1Data.S4_B_l_14 ThomsonN7.Case1Data.S4_B_l_21 ThomsonN7.Case1Data.S4_B_l_16 ThomsonN7.Case1Data.S4_B_l_19 ThomsonN7.Case1Data.S4_B_l_17 ThomsonN7.Case1Data.S4_B_l_23 ThomsonN7.Case1Data.S4_B_l_7 ThomsonN7.Case1Data.S4_B_l_6 ThomsonN7.Case1Data.S4_B_l_26
ThomsonN7.Reg.W_5_6	theorem	4441	4442	ThomsonN7.Reg.W ThomsonN7.Reg.W_ne ThomsonN7.Reg.g_5_6 ThomsonN7.Base.phi ThomsonN7.R3 ThomsonN7.pentBipyramid
ThomsonN7.Cert.TCert.calf	def	14973	14974	ThomsonN7.Cert.TCert.cal ThomsonN7.Cert.TCert ThomsonN7.Cert.TCert.Lam
_private.ThomsonN7.Solution.0.ThomsonN7.Kron.Ex.ev.match_1.eq_2	theorem	0	0	ThomsonN7.Kron.Ex.mul ThomsonN7.Kron.Ex.mon ThomsonN7.Kron.Ex.add ThomsonN7.Kron.Ex.ev.match_1 ThomsonN7.Kron.Ex.c ThomsonN7.Kron.Ex
ThomsonN7.Cert.perm3	def	2584	2591	ThomsonN7.Cert.perm3.match_1
ThomsonN7.ThreePoint.norm_greatCircle'	theorem	1295	1302	ThomsonN7.R3
ThomsonN7.GV.inner_cols	theorem	5361	5364	ThomsonN7.GV.inner_coord ThomsonN7.R3
ThomsonN7.SlabOneD.Slab_s98_96.HA_le_phi	theorem	16767	16770	ThomsonN7.SlabOneD.Slab_s98_96.parHA ThomsonN7.SlabOneD.Cert.sound ThomsonN7.SlabOneD.peval ThomsonN7.SlabOneD.Cert.Q ThomsonN7.SlabOneD.Par.mu2 ThomsonN7.SlabOneD.Slab_s98_96.certHA_ok ThomsonN7.SlabOneD.Par.nu1 ThomsonN7.SlabOneD.Par.mu1 ThomsonN7.SlabOneD.Slab_s98_96.certHA ThomsonN7.SlabOneD.Cert.Lam ThomsonN7.SlabOneD.Par.nu2
ThomsonN7.M3.det_fin_four_unit	theorem	3538	3542	ThomsonN7.M3.det4h ThomsonN7.cyl._proof_1
ThomsonN7.Kron.Ex.ev_eq_zero_of_kev._proof_2	theorem	0	0	ThomsonN7.Kron.Ex.Term ThomsonN7.Kron.Ex.dy ThomsonN7.Kron.Ex.kev ThomsonN7.Kron.Ex.dz ThomsonN7.Kron.Ex.dx ThomsonN7.Kron.Ex ThomsonN7.Kron.Ex.l1
ThomsonN7.Case1Data.S5_B_l	def	10102	10102	ThomsonN7.Case1Data.S5_B_l_28 ThomsonN7.Case1Data.S5_B_l_29 ThomsonN7.Case1Data.S5_B_l_8 ThomsonN7.Case1Data.S5_B_l_16 ThomsonN7.Case1Data.S5_B_l_5 ThomsonN7.Case1Data.S5_B_l_32 ThomsonN7.Case1Data.S5_B_l_30 ThomsonN7.Case1Data.S5_B_l_14 ThomsonN7.Case1Data.S5_B_l_3 ThomsonN7.Case1Data.S5_B_l_12 ThomsonN7.Case1Data.S5_B_l_22 ThomsonN7.Case1Data.S5_B_l_27 ThomsonN7.Case1Data.S5_B_l_24 ThomsonN7.Case1Data.S5_B_l_25 ThomsonN7.Case1Data.S5_B_l_11 ThomsonN7.Case1Data.S5_B_l_20 ThomsonN7.Case1Data.S5_B_l_33 ThomsonN7.Case1Data.S5_B_l_2 ThomsonN7.Case1Data.S5_B_l_1 ThomsonN7.Case1Data.S5_B_l_21 ThomsonN7.Case1Data.S5_B_l_7 ThomsonN7.Case1Data.S5_B_l_18 ThomsonN7.Case1Data.S5_B_l_17 ThomsonN7.Case1Data.S5_B_l_0 ThomsonN7.Case1Data.S5_B_l_9 ThomsonN7.Case1Data.S5_B_l_4 ThomsonN7.Case1Data.S5_B_l_23 ThomsonN7.Case1Data.S5_B_l_31 ThomsonN7.Case1Data.S5_B_l_6 ThomsonN7.Case1Data.S5_B_l_26 ThomsonN7.Case1Data.S5_B_l_19 ThomsonN7.Case1Data.S5_B_l_10 ThomsonN7.Case1Data.S5_B_l_15 ThomsonN7.Case1Data.S5_B_l_34 ThomsonN7.Case1Data.S5_B_l_13
ThomsonN7.Case1Data.S4_B_l_10	def	10001	10001	
ThomsonN7.Cert.unpackI_natAbs_le.match_1	def	0	0	
ThomsonN7.ThreePoint.typed_identity	theorem	10729	10749	ThomsonN7.ThreePoint.kap ThomsonN7.ThreePoint.mrg ThomsonN7.ThreePoint.os ThomsonN7.ThreePoint.dsum_os_R ThomsonN7.ThreePoint.dsum_sub ThomsonN7.ThreePoint.dsum ThomsonN7.ThreePoint.dsum_G
ThomsonN7.Cert.sblkE.eq_1	theorem	0	0	ThomsonN7.Cert.SBlk.g ThomsonN7.Cert.perm3 ThomsonN7.Kron.Ex.mul ThomsonN7.Cert.SBlk.σ ThomsonN7.Cert.SBlk ThomsonN7.Cert.SBlk.z ThomsonN7.Cert.sbst ThomsonN7.Cert.gE ThomsonN7.Cert.sblkE ThomsonN7.Kron.Ex ThomsonN7.Cert.SBlk.B ThomsonN7.Cert.sqfE
ThomsonN7.Case1Data.S5_B_l_3	def	10070	10070	
ThomsonN7.Cert.Blk.noConfusion	def	2159	2163	ThomsonN7.Cert.Blk ThomsonN7.Cert.Blk.casesOn ThomsonN7.Cert.Blk.noConfusionType
ThomsonN7.ThreePoint.dsum	def	736	738	
ThomsonN7.Reg.mhi_20	theorem	7039	7040	ThomsonN7.Reg.mon_hi ThomsonN7.Reg.InBox
ThomsonN7.Reg.W_4_1	theorem	4407	4408	ThomsonN7.Reg.g_4_1 ThomsonN7.Reg.W ThomsonN7.Reg.W_ne ThomsonN7.Base.c2 ThomsonN7.Base.phi ThomsonN7.R3 ThomsonN7.pentBipyramid
ThomsonN7.Cert.tc_s94_93_FR0	def	17222	17225	ThomsonN7.Cert.Blk ThomsonN7.Cert.mkBlk
ThomsonN7.Reg.g_0_2	theorem	4193	4195	ThomsonN7.Base.c2 ThomsonN7.Reg.inner_vec3 ThomsonN7.Reg.pent_2 ThomsonN7.R3 ThomsonN7.Reg.s2 ThomsonN7.Reg.pent_0 ThomsonN7.pentBipyramid
ThomsonN7.Reg.mhi_12	theorem	7007	7008	ThomsonN7.Reg.mon_hi ThomsonN7.Reg.InBox
ThomsonN7.Kron.Ex.dy.eq_def	theorem	0	0	ThomsonN7.Kron.Ex.below ThomsonN7.Kron.Ex.dy ThomsonN7.Kron.Ex.mul ThomsonN7.Kron.Ex.mon ThomsonN7.Kron.Ex.brecOn.go _private.ThomsonN7.Solution.0.ThomsonN7.Kron.Ex.ev.match_1.splitter ThomsonN7.Kron.Ex.add ThomsonN7.Kron.Ex.ev.match_1 ThomsonN7.Kron.Ex.c ThomsonN7.Kron.Ex ThomsonN7.Kron.Ex.rec ThomsonN7.Kron.Ex.dy._f ThomsonN7.Kron.Ex.brecOn.eq ThomsonN7.Kron.Ex.brecOn
ThomsonN7.Case1Data.S6_B_d	def	10142	10142	
ThomsonN7.Glue.Coerce.peval_Fpoly	theorem	13081	13085	ThomsonN7.CutOneD.compQ ThomsonN7.CutOneD.pneg ThomsonN7.CutOneD.padd ThomsonN7.CutOneD.peval_padd ThomsonN7.Glue.Coerce.Fpoly ThomsonN7.CutOneD.pmul ThomsonN7.CutOneD.peval_compQ ThomsonN7.CutOneD.peval_pmul ThomsonN7.CutOneD.peval ThomsonN7.CutOneD.peval_pneg
ThomsonN7.M2.Pl.pow.eq_def	theorem	0	0	ThomsonN7.M2.K8 ThomsonN7.M2.Pl.pow ThomsonN7.M2.K8.one ThomsonN7.M2.Pl.mul ThomsonN7.M2.Pl.pow.match_1 ThomsonN7.M2.Pl.pow._f _private.ThomsonN7.Solution.0.ThomsonN7.M2.Pl.pow.match_1.splitter
ThomsonN7.Glue.Coerce.Contact1.mk	ctor	13172	13172	ThomsonN7.Glue.Coerce.BPiece ThomsonN7.Glue.Coerce.Contact1.mk ThomsonN7.Glue.Coerce.Contact1
ThomsonN7.M6.Box6.mk.noConfusion	def	11473	11473	ThomsonN7.M6.Box6.noConfusion ThomsonN7.M6.Box6.mk ThomsonN7.M6.Box6
ThomsonN7.Cert.TCert.checkMeta	def	14921	14930	ThomsonN7.Cert.TCert.SA ThomsonN7.Cert.TCert.bd ThomsonN7.Cert.TCert.SG ThomsonN7.Cert.TCert.mA ThomsonN7.Cert.Blk.ok ThomsonN7.Cert.TCert.SB ThomsonN7.Cert.TCert.mB ThomsonN7.Cert.TCert.ad ThomsonN7.Cert.TCert.m ThomsonN7.Cert.TCert.blkR ThomsonN7.Cert.TCert.mG ThomsonN7.Cert.TBlk ThomsonN7.Cert.TCert.blkP ThomsonN7.Cert.TBlk.z ThomsonN7.Cert.TCert ThomsonN7.Cert.TCert.Lam ThomsonN7.Cert.TBlk.B ThomsonN7.Cert.okF ThomsonN7.Cert.TCert.K
ThomsonN7.Cert.six.eq_1	theorem	0	0	ThomsonN7.Cert.six
ThomsonN7.Reg.W_1_5	theorem	4358	4359	ThomsonN7.Reg.W ThomsonN7.Reg.W_ne ThomsonN7.Reg.g_1_5 ThomsonN7.Base.phi ThomsonN7.R3 ThomsonN7.pentBipyramid
ThomsonN7.SlabOneD.evalZ.eq_1	theorem	0	0	ThomsonN7.SlabOneD.evalZ
ThomsonN7.Case1Data.S0_B_D_51	def	9753	9753	
ThomsonN7.Kron.Ex.dx._f	def	0	0	ThomsonN7.Kron.Ex.below ThomsonN7.Kron.Ex.mul ThomsonN7.Kron.Ex.mon ThomsonN7.Kron.Ex.add ThomsonN7.Kron.Ex.ev.match_1 ThomsonN7.Kron.Ex.c ThomsonN7.Kron.Ex
ThomsonN7.Cert.linF	def	13799	13802	ThomsonN7.Kron.Ex ThomsonN7.Cert.linF._f
ThomsonN7.Cert.TBlk.rec	rec	14081	14093	ThomsonN7.Cert.TBlk ThomsonN7.Cert.TBlk.mk
ThomsonN7.Reg.W_4_4	theorem	4416	4416	ThomsonN7.Reg.W ThomsonN7.Reg.W_diag
ThomsonN7.SlabOneD.peval_compQ	theorem	15174	15178	ThomsonN7.SlabOneD.padd ThomsonN7.SlabOneD.peval ThomsonN7.SlabOneD.pmul ThomsonN7.SlabOneD.peval.eq_1 ThomsonN7.SlabOneD.peval_pmul ThomsonN7.SlabOneD.peval_padd ThomsonN7.SlabOneD.compQ
ThomsonN7.Reg.pb_1_5	theorem	8817	8818	ThomsonN7.Reg.phi_zero_le ThomsonN7.Base.phi ThomsonN7.Reg.gP ThomsonN7.Reg.gP_1_5
ThomsonN7.SlabOneD.Cert.mk._flat_ctor	def	0	0	ThomsonN7.SlabOneD.Cert.mk ThomsonN7.SlabOneD.Term ThomsonN7.SlabOneD.Cert
ThomsonN7.Reg.phi_c1_le	theorem	8776	8778	ThomsonN7.Base.phi ThomsonN7.Reg.phi_c1_box ThomsonN7.Base.c1
ThomsonN7.Cert.tc_s98_96_SB4	def	16654	16658	ThomsonN7.Cert.TBlk ThomsonN7.Cert.TBlk.mk
ThomsonN7.Reg.phi_c1_box	theorem	8746	8752	ThomsonN7.Reg.box_phi ThomsonN7.Base.phi_pos ThomsonN7.Reg.sqrt5_hi ThomsonN7.Reg.sqrt5_lo ThomsonN7.Base.phi ThomsonN7.Base.c1 ThomsonN7.pentBipyramid._proof_1 ThomsonN7.Base.c1._proof_1 ThomsonN7.Base.phi_sq_mul ThomsonN7.Reg.c1_lt_one
ThomsonN7.M6.imul_mem	theorem	11369	11381	ThomsonN7.M6.imul ThomsonN7.M6.mul_ge_min4 ThomsonN7.M6.Imem ThomsonN7.M6.mul_le_max4
ThomsonN7.Reg.gaugeG	def	8365	8367	ThomsonN7.R3 ThomsonN7.pentBipyramid
ThomsonN7.M2.aL	def	2935	2936	
ThomsonN7.Cert.kw.eq_1	theorem	0	0	ThomsonN7.Cert.zt ThomsonN7.Cert.kw
_private.ThomsonN7.Solution.0.ThomsonN7.ThreePoint.Q3.match_1.eq_2	theorem	0	0	ThomsonN7.ThreePoint.Q3.match_1
ThomsonN7.Cert.TCert.an	def	14842	14842	ThomsonN7.Cert.TCert
ThomsonN7.Cert.transposeSq_getD._proof_4	theorem	0	0	
ThomsonN7.Reg.kk_3_6	theorem	7853	7855	ThomsonN7.Reg.cross_of_enc
ThomsonN7.Reg.ss_10	theorem	8226	8226	
ThomsonN7.Case1.c1Mul.eq_1	theorem	0	0	ThomsonN7.Case1.C1Stat ThomsonN7.Case1.c1Mul
ThomsonN7.ThreePoint.sum_ne_eq_two_sum_Ioi	theorem	902	924	
ThomsonN7.Cert.h1E	def	14715	14717	ThomsonN7.Kron.Ex.sumRange ThomsonN7.Kron.Ex.mon ThomsonN7.Cert.smulNZ ThomsonN7.Kron.Ex
ThomsonN7.Base.norm_sub_inv_eq_phi	theorem	324	327	ThomsonN7.Base.phi ThomsonN7.cyl._proof_1 ThomsonN7.Base.norm_sub_sq_of_unit ThomsonN7.R3
ThomsonN7.Reg.InBox._proof_5	theorem	0	0	
ThomsonN7.SlabOneD.l1_diff._proof_1	theorem	0	0	ThomsonN7.SlabOneD.cqB ThomsonN7.SlabOneD.Cert.Q ThomsonN7.SlabOneD.pmul ThomsonN7.SlabOneD.Cert ThomsonN7.SlabOneD.l1 ThomsonN7.SlabOneD.Cert.Lam ThomsonN7.SlabOneD.compQ
ThomsonN7.Interfaces.congruent_of_nodes	theorem	6441	6447	ThomsonN7.M3.contact_rigidity ThomsonN7.SphereConfig ThomsonN7.Base.c2 ThomsonN7.Base.IsNode ThomsonN7.R3 ThomsonN7.Base.c1 ThomsonN7.pentBipyramid
ThomsonN7.Glue.Coerce.ContactA.Q	def	13361	13361	ThomsonN7.Glue.Coerce.ContactA
ThomsonN7.Case1Data.S2_B_D_30	def	9905	9905	
ThomsonN7.Reg.mlo_16	theorem	7021	7022	ThomsonN7.Reg.mon_lo ThomsonN7.Reg.InBox
ThomsonN7.Reg.CP_53	def	6790	6790	ThomsonN7.triCapPrism._proof_2 ThomsonN7.RegB.phiCos._proof_1
ThomsonN7.Cert.offAbs.eq_def	theorem	0	0	ThomsonN7.Cert.offAbs ThomsonN7.Cert.offAbs._f ThomsonN7.Cert.offAbs.match_1 _private.ThomsonN7.Solution.0.ThomsonN7.Cert.offAbs.match_1.splitter
ThomsonN7.Reg.CP_29	def	6766	6766	ThomsonN7.triCapPrism._proof_1 ThomsonN7.cyl._proof_1
ThomsonN7.CutOneD.peval_pscale	theorem	9157	9162	ThomsonN7.CutOneD.pscale ThomsonN7.CutOneD.peval.eq_2 ThomsonN7.CutOneD.peval.eq_1 ThomsonN7.CutOneD.peval
ThomsonN7.Reg.sq_14	theorem	8251	8251	
ThomsonN7.Reg.ss_14	theorem	8230	8230	
ThomsonN7.Glue.Coerce.PlainCert.noConfusion	def	13121	13125	ThomsonN7.Glue.Coerce.PlainCert.noConfusionType ThomsonN7.Glue.Coerce.PlainCert.casesOn ThomsonN7.Glue.Coerce.PlainCert ThomsonN7.Glue.Coerce.BPiece
ThomsonN7.Reg.gP_0_4	theorem	8297	8297	ThomsonN7.Reg.gP ThomsonN7.Base.c1 ThomsonN7.Reg.g_0_4
ThomsonN7.Case1Data.S1_B_D_27	def	9826	9826	
ThomsonN7.Kron.Ex.toList.eq_4	theorem	0	0	ThomsonN7.Kron.Ex.Term ThomsonN7.Kron.Ex.mul ThomsonN7.Kron.Ex.toList ThomsonN7.Kron.Ex
ThomsonN7.Case1Data.S1_B_D_21	def	9820	9820	
ThomsonN7.Case1.Hf_eq	theorem	10475	10479	ThomsonN7.CutOneD.Cert.Lam ThomsonN7.Case1Data.cf ThomsonN7.CutOneD.Cert.Q ThomsonN7.Case1.lam_eq ThomsonN7.Cert.Cert3.Hf ThomsonN7.Cert.Cert3.h ThomsonN7.Cert.Cert3.Lam ThomsonN7.CutOneD.cutCert ThomsonN7.CutOneD.peval ThomsonN7.CutOneD.peval_eq_sum ThomsonN7.Case1.h_eq
ThomsonN7.Cert.Cert3.mk	ctor	2640	2640	ThomsonN7.Cert.Cert3 ThomsonN7.Cert.Cert3.mk ThomsonN7.Cert.SBlk ThomsonN7.Cert.Blk
ThomsonN7.Cert.tc_s96_94_G	theorem	17049	17049	ThomsonN7.Cert.tc_s96_94_G._proof_1 ThomsonN7.Cert.tc_s96_94 ThomsonN7.Cert.TCert.chkG
ThomsonN7.Case1Data.S7	def	10263	10263	ThomsonN7.Case1Data.S7_z ThomsonN7.Cert.SBlk ThomsonN7.Cert.SBlk.mk ThomsonN7.Case1Data.S7_B
ThomsonN7.M2.Pl.eval._f	def	0	0	ThomsonN7.M2.K8 ThomsonN7.M2.K8.toReal ThomsonN7.M2.Pl.eval.match_1
ThomsonN7.Case1Data.F0	def	9607	9607	ThomsonN7.Case1Data.F0_D ThomsonN7.Cert.Blk ThomsonN7.Case1Data.F0_l ThomsonN7.Case1Data.F0_d ThomsonN7.Cert.Blk.mk
ThomsonN7.RegB.ringA1.eq_1	theorem	0	0	ThomsonN7.M3.firstWhere._proof_1 ThomsonN7.RegB.ringA1 ThomsonN7.cyl._proof_1 ThomsonN7.R3
ThomsonN7.Cert.Blk.mk.inj	theorem	0	0	ThomsonN7.Cert.Blk.mk.noConfusion ThomsonN7.Cert.Blk ThomsonN7.Cert.Blk.mk
ThomsonN7.Cert.Cert3.F	def	2647	2647	ThomsonN7.Cert.Cert3 ThomsonN7.Cert.Blk
ThomsonN7.Case1Data.S3_B_l_22	def	9937	9937	
ThomsonN7.ThreePoint.sum_matDot_Rk	theorem	1082	1086	ThomsonN7.ThreePoint.Rk ThomsonN7.ThreePoint.Rs ThomsonN7.ThreePoint.matDot_Rk ThomsonN7.ThreePoint.matDot ThomsonN7.cyl._proof_1 ThomsonN7.ThreePoint.S3
ThomsonN7.Case1Data.S6_B_D_1	def	10180	10180	
ThomsonN7.SlabOneD.Slab_s98_96.termHB_1	def	16777	16778	ThomsonN7.SlabOneD.Term ThomsonN7.SlabOneD.Term.mk
ThomsonN7.Reg.CP_59.eq_1	theorem	0	0	ThomsonN7.Reg.CP_59._proof_1 ThomsonN7.Reg.CP_59._proof_2 ThomsonN7.Reg.CP_59
ThomsonN7.Reg.CP_3.eq_1	theorem	0	0	ThomsonN7.Reg.CP_3
ThomsonN7.Kron.Ex.rec	rec	1599	1604	ThomsonN7.Kron.Ex.mul ThomsonN7.Kron.Ex.mon ThomsonN7.Kron.Ex.add ThomsonN7.Kron.Ex.c ThomsonN7.Kron.Ex
ThomsonN7.Glue.Coerce.ContactA.ctorIdx	def	0	0	ThomsonN7.Glue.Coerce.ContactA
ThomsonN7.Case1.c1Add	def	10295	10298	ThomsonN7.Case1.C1Stat
ThomsonN7.Cert.ev_fkE	theorem	2337	2344	ThomsonN7.Cert.ev_q3E ThomsonN7.Kron.Ex.mul ThomsonN7.Cert.q3E ThomsonN7.ThreePoint.Q3 ThomsonN7.Cert.ev_fpE ThomsonN7.Cert.Blk ThomsonN7.Kron.Ex.ev_mul ThomsonN7.Kron.Ex.ev ThomsonN7.Kron.Ex ThomsonN7.Cert.fpE ThomsonN7.Cert.Blk.ent ThomsonN7.Cert.fkE ThomsonN7.Cert.fkE.eq_1
_private.ThomsonN7.Solution.0.ThomsonN7.Kron.Ex.ev.match_1.eq_1	theorem	0	0	ThomsonN7.Kron.Ex.mul ThomsonN7.Kron.Ex.mon ThomsonN7.Kron.Ex.add ThomsonN7.Kron.Ex.ev.match_1 ThomsonN7.Kron.Ex.c ThomsonN7.Kron.Ex
ThomsonN7.CutOneD.padd._sunfold	def	0	0	ThomsonN7.CutOneD.padd ThomsonN7.CutOneD.padd.match_1
ThomsonN7.Case1Data.S3_B_D_21	def	9972	9972	
ThomsonN7.M3.imp.eq_1	theorem	0	0	ThomsonN7.M3.imp
ThomsonN7.Reg.kk_14_16	theorem	8138	8140	ThomsonN7.Reg.cross_of_enc
ThomsonN7.SlabOneD.Slab_s99_98.parHB	def	16443	16443	ThomsonN7.SlabOneD.Par.mk ThomsonN7.SlabOneD.Par
ThomsonN7.Case1Data.S1_B_D_28	def	9827	9827	
ThomsonN7.Kron.Ex.ev_sub	theorem	2001	2002	ThomsonN7.Kron.Ex.ev_neg ThomsonN7.Kron.Ex.sub ThomsonN7.Kron.Ex.neg ThomsonN7.Kron.Ex.ev ThomsonN7.Kron.Ex
ThomsonN7.SlabOneD.Slab_s99_98.HA_le_phi	theorem	16438	16441	ThomsonN7.SlabOneD.Cert.sound ThomsonN7.SlabOneD.Slab_s99_98.parHA ThomsonN7.SlabOneD.peval ThomsonN7.SlabOneD.Cert.Q ThomsonN7.SlabOneD.Par.mu2 ThomsonN7.SlabOneD.Slab_s99_98.certHA ThomsonN7.SlabOneD.Par.nu1 ThomsonN7.SlabOneD.Par.mu1 ThomsonN7.SlabOneD.Slab_s99_98.certHA_ok ThomsonN7.SlabOneD.Cert.Lam ThomsonN7.SlabOneD.Par.nu2
ThomsonN7.Cert.TCert.checkMeta_parts	theorem	14932	14943	ThomsonN7.Cert.TCert.SA ThomsonN7.Cert.TCert.bd ThomsonN7.Cert.TCert.SG ThomsonN7.Cert.TCert.mA ThomsonN7.Cert.Blk.ok ThomsonN7.Cert.TCert.SB ThomsonN7.Cert.TCert.mB ThomsonN7.Cert.TCert.ad ThomsonN7.Cert.TCert.checkMeta ThomsonN7.Cert.TCert.m ThomsonN7.Cert.TCert.blkR ThomsonN7.Cert.TCert.mG ThomsonN7.Cert.TBlk ThomsonN7.Cert.TCert.blkP ThomsonN7.Cert.TBlk.z ThomsonN7.Cert.TCert ThomsonN7.Cert.TCert.Lam ThomsonN7.Cert.TBlk.B ThomsonN7.Cert.okF ThomsonN7.Cert.TCert.K
ThomsonN7.SlabOneD.Slab_s98_96.termHA_0	def	16735	16736	ThomsonN7.SlabOneD.Term ThomsonN7.SlabOneD.Term.mk
ThomsonN7.CutOneD.Cert.recOn	def	9211	9218	ThomsonN7.CutOneD.Cert.mk ThomsonN7.CutOneD.Cert.rec ThomsonN7.CutOneD.Cert
ThomsonN7.M6.chk3.eq_def	theorem	0	0	ThomsonN7.M6.Box6.A ThomsonN7.M6.chk3 ThomsonN7.M6.Box6.split ThomsonN7.M6.Box6.C ThomsonN7.M6.widest ThomsonN7.M6.Box6.B ThomsonN7.M6.Box6 ThomsonN7.M6.chk3._f ThomsonN7.M6.chk4.match_1 ThomsonN7.M6.idet3 _private.ThomsonN7.Solution.0.ThomsonN7.M6.chk4.match_1.splitter
ThomsonN7.Case1Data.S0_z	def	9760	9760	
ThomsonN7.Cert.tc_s93_90_SA2	def	17593	17597	ThomsonN7.Cert.TBlk ThomsonN7.Cert.TBlk.mk
ThomsonN7.Cert.varVal_pow	theorem	2260	2267	_private.ThomsonN7.Solution.0.ThomsonN7.Kron.Ex.pw.match_1.eq_2 ThomsonN7.Kron.Ex.ev_pw.match_1 _private.ThomsonN7.Solution.0.ThomsonN7.Kron.Ex.pw.match_1.eq_4 _private.ThomsonN7.Solution.0.ThomsonN7.Kron.Ex.pw.match_1.eq_3 ThomsonN7.Kron.Ex.varVal _private.ThomsonN7.Solution.0.ThomsonN7.Kron.Ex.pw.match_1.eq_1
ThomsonN7.Case1Data.S6_B_D_11	def	10190	10190	
ThomsonN7.Case1Data.S3_B_D	def	9986	9986	ThomsonN7.Case1Data.S3_B_D_15 ThomsonN7.Case1Data.S3_B_D_29 ThomsonN7.Case1Data.S3_B_D_28 ThomsonN7.Case1Data.S3_B_D_26 ThomsonN7.Case1Data.S3_B_D_4 ThomsonN7.Case1Data.S3_B_D_30 ThomsonN7.Case1Data.S3_B_D_33 ThomsonN7.Case1Data.S3_B_D_13 ThomsonN7.Case1Data.S3_B_D_1 ThomsonN7.Case1Data.S3_B_D_22 ThomsonN7.Case1Data.S3_B_D_11 ThomsonN7.Case1Data.S3_B_D_23 ThomsonN7.Case1Data.S3_B_D_31 ThomsonN7.Case1Data.S3_B_D_19 ThomsonN7.Case1Data.S3_B_D_16 ThomsonN7.Case1Data.S3_B_D_17 ThomsonN7.Case1Data.S3_B_D_14 ThomsonN7.Case1Data.S3_B_D_9 ThomsonN7.Case1Data.S3_B_D_3 ThomsonN7.Case1Data.S3_B_D_10 ThomsonN7.Case1Data.S3_B_D_27 ThomsonN7.Case1Data.S3_B_D_5 ThomsonN7.Case1Data.S3_B_D_34 ThomsonN7.Case1Data.S3_B_D_32 ThomsonN7.Case1Data.S3_B_D_20 ThomsonN7.Case1Data.S3_B_D_8 ThomsonN7.Case1Data.S3_B_D_7 ThomsonN7.Case1Data.S3_B_D_25 ThomsonN7.Case1Data.S3_B_D_12 ThomsonN7.Case1Data.S3_B_D_2 ThomsonN7.Case1Data.S3_B_D_0 ThomsonN7.Case1Data.S3_B_D_21 ThomsonN7.Case1Data.S3_B_D_24 ThomsonN7.Case1Data.S3_B_D_18 ThomsonN7.Case1Data.S3_B_D_6
ThomsonN7.Reg.CP_13.eq_1	theorem	0	0	ThomsonN7.triCapPrism._proof_1 ThomsonN7.Reg.CP_13 ThomsonN7.Base.c1._proof_1
ThomsonN7.Reg.CP_56.eq_1	theorem	0	0	ThomsonN7.triCapPrism._proof_1 ThomsonN7.triCapPrism._proof_2 ThomsonN7.RegB.phiCos._proof_3 ThomsonN7.Reg.CP_56 ThomsonN7.Reg.CP_56._proof_1 ThomsonN7.Base.c1._proof_1 ThomsonN7.Reg.CP_56._proof_2
ThomsonN7.SlabOneD.evalZ	def	15255	15258	ThomsonN7.SlabOneD.evalZ._f
ThomsonN7.Reg.kk_4_15	theorem	7904	7906	ThomsonN7.Reg.cross_of_enc
ThomsonN7.Case1Data.S4_B_D_10	def	10037	10037	
ThomsonN7.ThreePoint.GramOK	def	1046	1049	ThomsonN7.cyl._proof_1
ThomsonN7.Reg.ss_9	theorem	8225	8225	
ThomsonN7.Case1.c1_idE_stat	theorem	10430	10437	ThomsonN7.Case1.c1Smul ThomsonN7.Case1.c1_stat_S5 ThomsonN7.Case1Data.S0 ThomsonN7.Case1Data.S1 ThomsonN7.Case1.c1Sum ThomsonN7.Case1.c1_S ThomsonN7.Case1.c1_stat_S1 ThomsonN7.Case1Data.S6 ThomsonN7.Case1.c1_stat_S0 ThomsonN7.Cert.Cert3.idE ThomsonN7.Cert.Cert3.ad ThomsonN7.Case1Data.S5 ThomsonN7.Case1.c1_stat_H ThomsonN7.Case1.c1Stat ThomsonN7.Case1Data.cf ThomsonN7.Case1Data.S2 ThomsonN7.Cert.Cert3.blk ThomsonN7.Cert.SBlk ThomsonN7.Case1.c1_stat_S6 ThomsonN7.Case1.C1Stat ThomsonN7.Case1.c1_range4 ThomsonN7.Case1Data.S3 ThomsonN7.Case1.c1_stat_S7 ThomsonN7.Case1.c1_stat_F0 ThomsonN7.Case1Data.S7 ThomsonN7.Case1.c1_stat_S3 ThomsonN7.Case1.c1Sub ThomsonN7.Cert.Cert3.m ThomsonN7.Case1.c1_stat_S2 ThomsonN7.Cert.hE ThomsonN7.Cert.Cert3.eps ThomsonN7.Cert.Cert3.h ThomsonN7.Case1.c1_stat_F1 ThomsonN7.Case1.c1_idE_stat._proof_1 ThomsonN7.Cert.Cert3.K ThomsonN7.Cert.sblkE ThomsonN7.Case1.c1_K ThomsonN7.Case1Data.S4 ThomsonN7.Cert.Cert3.S ThomsonN7.Case1.c1_stat_S4 ThomsonN7.Case1.c1_stat_F2 ThomsonN7.Cert.Cert3.an ThomsonN7.Case1.c1Stat_idE ThomsonN7.Cert.Cert3.n ThomsonN7.Cert.fkE ThomsonN7.Case1.c1FtotK ThomsonN7.Case1.c1_stat_F3 ThomsonN7.Case1.c1C
ThomsonN7.Cert.TCert.ef	def	14970	14971	ThomsonN7.Cert.TCert ThomsonN7.Cert.TCert.Lam ThomsonN7.Cert.TCert.e
ThomsonN7.Cert.tc_s99_98_FP1	def	16210	16213	ThomsonN7.Cert.Blk ThomsonN7.Cert.mkBlk
ThomsonN7.M6.idet4_mem	theorem	11442	11469	ThomsonN7.M6.isq_mem ThomsonN7.M6.imul ThomsonN7.M6.iscale ThomsonN7.M6.iscale_mem ThomsonN7.M6.idet4 ThomsonN7.cyl._proof_1 ThomsonN7.M6.iadd ThomsonN7.M6.Imem ThomsonN7.M6.isq ThomsonN7.M6.imul_mem ThomsonN7.M6.det4h ThomsonN7.M6.iadd_mem
ThomsonN7.Final.capA_check	theorem	16153	16153	ThomsonN7.Glue.Coerce.ContactA.check ThomsonN7.Final.capA ThomsonN7.Final.capA_check._proof_1
ThomsonN7.Reg.kk_11_18	theorem	8090	8092	ThomsonN7.Reg.cross_of_enc
ThomsonN7.Case1Data.S4_B_l_23	def	10014	10014	
ThomsonN7.Reg.ss_1	theorem	8217	8217	
ThomsonN7.Cert.unpackI.match_1	def	0	0	
ThomsonN7.M3.sqrt5'.eq_1	theorem	0	0	ThomsonN7.pentBipyramid._proof_1 ThomsonN7.M3.sqrt5'._proof_1 ThomsonN7.M3.sqrt5'
ThomsonN7.GV.frame_gram	theorem	5436	5468	ThomsonN7.GV.inner_cols ThomsonN7.GV.L33 ThomsonN7.R3 ThomsonN7.GV.L22 ThomsonN7.GV.L32 ThomsonN7.GV.frame
ThomsonN7.ThreePoint.mrg	def	10644	10646	
ThomsonN7.M3.ok4_ccOf	theorem	3872	3881	ThomsonN7.M3.ok4_of_det4h ThomsonN7.M3.val_ccOf ThomsonN7.M3.det4h ThomsonN7.M3.ccOf ThomsonN7.M3.ok4 ThomsonN7.M3.det4h_inner_eq_zero ThomsonN7.R3 ThomsonN7.M3.cosA ThomsonN7.M3.cosB ThomsonN7.M3.val
ThomsonN7.M3.cos_six_pi_div_five	theorem	3629	3632	ThomsonN7.pentBipyramid._proof_1 ThomsonN7.M3.cosA ThomsonN7.M3.cosA.eq_1 ThomsonN7.Base.c1._proof_1
ThomsonN7.Reg.muP_4	theorem	4520	4522	ThomsonN7.Reg.g_4_1 ThomsonN7.Reg.W ThomsonN7.Reg.W_4_2 ThomsonN7.Reg.g_4_5 ThomsonN7.Reg.g_4_3 ThomsonN7.Reg.W_4_0 ThomsonN7.Base.c2 ThomsonN7.Reg.W_4_4 ThomsonN7.Reg.W_4_3 ThomsonN7.Reg.g_4_6 ThomsonN7.Reg.g_4_2 ThomsonN7.Base.phi ThomsonN7.cyl._proof_1 ThomsonN7.Reg.W_4_5 ThomsonN7.Reg.W_4_6 ThomsonN7.R3 ThomsonN7.Base.c1 ThomsonN7.Reg.W_4_1 ThomsonN7.Reg.muP ThomsonN7.pentBipyramid ThomsonN7.Reg.g_4_0
ThomsonN7.TwoRegime.mem_of_cnt_ge_21	theorem	6395	6414	ThomsonN7.R3 ThomsonN7.TwoRegime.cnt
ThomsonN7.SlabOneD.cqB._f	def	0	0	ThomsonN7.CutOneD.compQ.match_1
ThomsonN7.Glue.Coerce.BPiece.Lam	def	12967	12967	ThomsonN7.Glue.Coerce.BPiece
ThomsonN7.Base.coulombEnergy_comp_isometry	theorem	354	357	ThomsonN7.coulombEnergy ThomsonN7.R3 ThomsonN7.Base.coulombEnergy_comp_isometry._simp_1
ThomsonN7.Reg.kk_14_15	theorem	8135	8137	ThomsonN7.Reg.cross_of_enc
ThomsonN7.Cert.chk_sound._proof_1	theorem	0	0	ThomsonN7.Kron.Ex.dy ThomsonN7.Kron.Ex.kev ThomsonN7.Kron.Ex.dz ThomsonN7.Kron.Ex.dx ThomsonN7.Kron.Ex ThomsonN7.Kron.Ex.l1
ThomsonN7.ThreePoint.typed_bound_comb	theorem	10770	10795	ThomsonN7.ThreePoint.dsum_nonneg ThomsonN7.ThreePoint.dsum_os6 ThomsonN7.ThreePoint.typed_identity ThomsonN7.ThreePoint.os ThomsonN7.ThreePoint.dsum ThomsonN7.ThreePoint.os6
ThomsonN7.CutOneD.peval	def	9127	9130	ThomsonN7.CutOneD.peval._f
ThomsonN7.RegB.t0_34	theorem	4942	4943	ThomsonN7.RegB.t0_ring_lt ThomsonN7.Base.c1 ThomsonN7.RegB.t0 ThomsonN7.Base.cos_2pi5
ThomsonN7.Case1Data.S2_B_D_21	def	9896	9896	
ThomsonN7.Cert.tc_s99_98_SG0	def	16331	16335	ThomsonN7.Cert.TBlk ThomsonN7.Cert.TBlk.mk
ThomsonN7.Cert.tc_s94_93_FP4	def	17212	17215	ThomsonN7.Cert.Blk ThomsonN7.Cert.mkBlk
ThomsonN7.Case1Data.S3_B_D_32	def	9983	9983	
ThomsonN7.Reg.muP_1	theorem	4508	4510	ThomsonN7.Reg.W ThomsonN7.Reg.g_1_4 ThomsonN7.Reg.W_1_5 ThomsonN7.Reg.g_1_2 ThomsonN7.Reg.g_1_3 ThomsonN7.Reg.W_1_3 ThomsonN7.Reg.W_1_4 ThomsonN7.Reg.g_1_0 ThomsonN7.Reg.W_1_6 ThomsonN7.Base.c2 ThomsonN7.Reg.W_1_0 ThomsonN7.Reg.g_1_5 ThomsonN7.Base.phi ThomsonN7.cyl._proof_1 ThomsonN7.R3 ThomsonN7.Base.c1 ThomsonN7.Reg.g_1_6 ThomsonN7.Reg.muP ThomsonN7.Reg.W_1_1 ThomsonN7.pentBipyramid ThomsonN7.Reg.W_1_2
ThomsonN7.Cert.tc_s94_93_SA2	def	17264	17268	ThomsonN7.Cert.TBlk ThomsonN7.Cert.TBlk.mk
ThomsonN7.Reg.sqrt5_lo	theorem	8677	8678	
ThomsonN7.Glue.Coerce.ContactA.noConfusion	def	13357	13367	ThomsonN7.Glue.Coerce.ContactA.casesOn ThomsonN7.Glue.Coerce.ContactA.noConfusionType ThomsonN7.Glue.Coerce.BPiece ThomsonN7.Glue.Coerce.ContactA
ThomsonN7.Cert.TBlk.ctorIdx	def	0	0	ThomsonN7.Cert.TBlk
ThomsonN7.Reg.sq_11	theorem	8248	8248	
ThomsonN7.Cert.l1_sumE_map.match_1	def	0	0	ThomsonN7.Kron.Ex ThomsonN7.Kron.Ex.l1
ThomsonN7.RegB.phi_neg_one_pow	theorem	5069	5074	ThomsonN7.Base.phi ThomsonN7.cyl._proof_1
ThomsonN7.Case1Data.S4_B_D_32	def	10059	10059	
ThomsonN7.Reg.enc_23	theorem	7359	7366	ThomsonN7.Reg.mlo_31 ThomsonN7.Reg.mhi_33 ThomsonN7.Reg.mhi_31 ThomsonN7.Reg.mlo_33 ThomsonN7.triCapPrism._proof_2 ThomsonN7.RegB.phiCos._proof_1 ThomsonN7.Reg.InBox ThomsonN7.Reg.CP_23
ThomsonN7.CutOneD.padd.match_1	def	0	0	
ThomsonN7.SlabOneD.Slab_s96_94.parHA	def	17062	17062	ThomsonN7.SlabOneD.Par.mk ThomsonN7.SlabOneD.Par
ThomsonN7.Cert.sqF	def	13804	13808	ThomsonN7.Cert.sqF._f ThomsonN7.Kron.Ex
ThomsonN7.Case1Data.S5_B_D_6	def	10109	10109	
ThomsonN7.TwoRegime.regimeA_of_minorant	theorem	5889	5909	ThomsonN7.coulombEnergy ThomsonN7.Base.inner_lt_one_of_ne ThomsonN7.SphereConfig ThomsonN7.Base.neg_one_le_inner_of_unit ThomsonN7.Base.phi ThomsonN7.cyl._proof_1 ThomsonN7.R3 ThomsonN7.TwoRegime.sumW ThomsonN7.TwoRegime.RegimeA ThomsonN7.Base.coulombEnergy_eq_sum_phi ThomsonN7.pentBipyramid
ThomsonN7.Reg.crit_4_x	theorem	4488	4490	ThomsonN7.Reg.hF1 ThomsonN7.Base.c2 ThomsonN7.Base.c1 ThomsonN7.Reg.hF4
ThomsonN7.Reg.enc_6	theorem	7173	7180	ThomsonN7.Reg.mhi_14 ThomsonN7.Reg.mlo_4 ThomsonN7.Reg.InBox ThomsonN7.Reg.mlo_14 ThomsonN7.Base.c1._proof_1 ThomsonN7.Reg.mhi_4 ThomsonN7.Reg.CP_6
ThomsonN7.Cert.proj	def	14282	14283	
ThomsonN7.Reg.CP_43.eq_1	theorem	0	0	ThomsonN7.triCapPrism._proof_1 ThomsonN7.Reg.CP_43 ThomsonN7.triCapPrism._proof_2 ThomsonN7.RegB.phiCos._proof_1 ThomsonN7.Base.c1._proof_1
ThomsonN7.Reg.enc_30	theorem	7433	7444	ThomsonN7.Reg.mhi_14 ThomsonN7.Reg.mlo_24 ThomsonN7.Reg.mhi_27 ThomsonN7.cyl._proof_1 ThomsonN7.RegB.phiCos._proof_1 ThomsonN7.Reg.CP_30 ThomsonN7.Reg.mlo_4 ThomsonN7.Reg.mlo_27 ThomsonN7.Reg.InBox ThomsonN7.Reg.mlo_14 ThomsonN7.Reg.mhi_24 ThomsonN7.Base.c1._proof_1 ThomsonN7.Reg.mhi_4
ThomsonN7.Kron.Ex.c.noConfusion	def	1601	1601	ThomsonN7.Kron.Ex.noConfusion ThomsonN7.Kron.Ex.c ThomsonN7.Kron.Ex
ThomsonN7.Glue.Coerce.Contact1.mk.noConfusion	def	13172	13172	ThomsonN7.Glue.Coerce.Contact1.noConfusion ThomsonN7.Glue.Coerce.BPiece ThomsonN7.Glue.Coerce.Contact1.mk ThomsonN7.Glue.Coerce.Contact1
ThomsonN7.M2.K8.ofRat	def	2871	2872	ThomsonN7.M2.K8 ThomsonN7.M2.K8.mk
ThomsonN7.SlabOneD.compQ	def	15169	15172	ThomsonN7.SlabOneD.compQ._f
ThomsonN7.triCapPrism_injective._proof_1	theorem	0	0	
ThomsonN7.Case1Data.S4_B_l_26	def	10017	10017	
ThomsonN7.Cert.comb1._sunfold	def	0	0	ThomsonN7.Cert.offB ThomsonN7.Cert.dotN.match_1 ThomsonN7.Cert.comb1
ThomsonN7.M3.all4.eq_1	theorem	0	0	ThomsonN7.M3.cP._proof_1 ThomsonN7.M3.all4
ThomsonN7.Reg.CP_14._proof_1	theorem	0	0	
ThomsonN7.Case1Data.S2_B_l_24	def	9863	9863	
ThomsonN7.Kron.Ex.mon.noConfusion	def	1602	1602	ThomsonN7.Kron.Ex.mon ThomsonN7.Kron.Ex.noConfusion ThomsonN7.Kron.Ex
ThomsonN7.Case1Data.S7_B_l_6	def	10225	10225	
ThomsonN7.M6.Box6	induct	11473	11479	ThomsonN7.M6.Box6.mk
ThomsonN7.ThreePoint.Q3	def	525	531	ThomsonN7.ThreePoint.Q3._f
ThomsonN7.Reg.isoOfMem._proof_2	theorem	0	0	
_private.ThomsonN7.Solution.0.ThomsonN7.CutOneD.padd.match_1.eq_1	theorem	0	0	ThomsonN7.CutOneD.padd.match_1
ThomsonN7.M3.emb	def	3578	3579	ThomsonN7.M3.sqrt5'
ThomsonN7.Cert.TCert.idA_ev	theorem	14912	14913	ThomsonN7.Cert.TCert.SA ThomsonN7.Cert.fqCur ThomsonN7.Cert.TCert.bn ThomsonN7.Cert.TCert.FA ThomsonN7.Cert.TCert.bd ThomsonN7.Cert.TCert.idA ThomsonN7.Cert.TCert.ad ThomsonN7.Cert.TCert.an ThomsonN7.Cert.hybChk_sound ThomsonN7.Cert.fqCur_spec ThomsonN7.Kron.Ex.ev ThomsonN7.Cert.TCert.chkA ThomsonN7.Cert.TCert
ThomsonN7.Reg.CP_46	def	6783	6783	ThomsonN7.triCapPrism._proof_1 ThomsonN7.cyl._proof_1 ThomsonN7.RegB.phiCos._proof_1
ThomsonN7.Cert.gramCut_swap12	theorem	2576	2578	ThomsonN7.Cert.gramOK_swap12 ThomsonN7.Cert.GramCut ThomsonN7.ThreePoint.GramOK
ThomsonN7.M6.chk4.eq_2	theorem	0	0	ThomsonN7.M6.Box6.A ThomsonN7.M6.chk4 ThomsonN7.M6.Box6.F ThomsonN7.M6.Box6.split ThomsonN7.M6.Box6.D ThomsonN7.M6.Box6.C ThomsonN7.M6.idet4 ThomsonN7.M6.widest ThomsonN7.M6.Box6.B ThomsonN7.M6.Box6 ThomsonN7.M6.idet3 ThomsonN7.M6.Box6.E
ThomsonN7.Reg.CP_47.eq_1	theorem	0	0	ThomsonN7.Reg.CP_47 ThomsonN7.RegB.phiCos._proof_3 ThomsonN7.Base.c1._proof_1
ThomsonN7.Reg.ss_2	theorem	8218	8218	
ThomsonN7.Case1Data.S6_B_D_0	def	10179	10179	
ThomsonN7.M2.K8.zero.eq_1	theorem	0	0	ThomsonN7.M2.K8 ThomsonN7.M2.K8.zero ThomsonN7.M2.K8.mk
ThomsonN7.Case1Data.S6_B_D_16	def	10195	10195	
ThomsonN7.M3.cos_pent._proof_3	theorem	0	0	
ThomsonN7.Final.a.eq_2	theorem	0	0	ThomsonN7.Final.a._proof_4 ThomsonN7.Final.a._proof_3 ThomsonN7.Final.a
ThomsonN7.Kron.Ex.ev_eq	theorem	1736	1741	ThomsonN7.Kron.Ex.evalW ThomsonN7.Kron.Ex.Wr ThomsonN7.Kron.Ex.mul ThomsonN7.Kron.Ex.mon ThomsonN7.Kron.Ex.ev ThomsonN7.Kron.Ex.add ThomsonN7.Kron.Ex.c ThomsonN7.Kron.Ex ThomsonN7.Kron.Ex.rec
ThomsonN7.Cert.comb2.eq_2	theorem	0	0	ThomsonN7.Cert.comb2.eq_def ThomsonN7.Cert.offB ThomsonN7.Cert.comb2 ThomsonN7.Cert.comb2.match_1 _private.ThomsonN7.Solution.0.ThomsonN7.Cert.comb2.match_1.eq_2
ThomsonN7.Reg.muP_0	theorem	4504	4506	ThomsonN7.Reg.W ThomsonN7.Reg.W_0_6 ThomsonN7.Reg.g_0_5 ThomsonN7.Reg.W_0_2 ThomsonN7.Reg.W_0_5 ThomsonN7.Base.c2 ThomsonN7.Reg.g_0_1 ThomsonN7.Reg.W_0_3 ThomsonN7.Reg.g_0_2 ThomsonN7.Reg.W_0_4 ThomsonN7.Base.phi ThomsonN7.cyl._proof_1 ThomsonN7.Reg.g_0_6 ThomsonN7.R3 ThomsonN7.Base.c1 ThomsonN7.Reg.W_0_1 ThomsonN7.Reg.muP ThomsonN7.Reg.W_0_0 ThomsonN7.pentBipyramid ThomsonN7.Reg.g_0_4 ThomsonN7.Reg.g_0_3
ThomsonN7.Case1Data.S6_B_l_31	def	10174	10174	
ThomsonN7.Glue.Coerce.BPiece.noConfusion	def	12960	12968	ThomsonN7.Glue.Coerce.BPiece ThomsonN7.Glue.Coerce.BPiece.casesOn ThomsonN7.Glue.Coerce.BPiece.noConfusionType
ThomsonN7.CutOneD.pmul.match_1	def	0	0	
ThomsonN7.SlabOneD.Slab_s93_90.parHA	def	17720	17720	ThomsonN7.SlabOneD.Par.mk ThomsonN7.SlabOneD.Par
ThomsonN7.Cert.degK_sumE_map	theorem	14426	14434	ThomsonN7.Cert.degK_sumE_map._f ThomsonN7.Kron.Ex ThomsonN7.Kron.Ex.sumE ThomsonN7.Cert.degK
ThomsonN7.CutOneD.padd._f	def	0	0	ThomsonN7.CutOneD.padd.match_1
ThomsonN7.M6.chk4	def	11545	11554	ThomsonN7.M6.Box6 ThomsonN7.M6.chk4._f
ThomsonN7.Cert.unpackM.eq_2	theorem	0	0	ThomsonN7.Cert.unpackM ThomsonN7.Cert.unpackI
ThomsonN7.Reg.phi_c2_le	theorem	8780	8782	ThomsonN7.Base.c2 ThomsonN7.Base.phi ThomsonN7.Reg.phi_c2_box
ThomsonN7.Reg.sq_7	theorem	8244	8244	
ThomsonN7.Glue.Coerce.Contact2R.piecesR	def	13643	13643	ThomsonN7.Glue.Coerce.Contact2R ThomsonN7.Glue.Coerce.BPiece
ThomsonN7.SlabOneD.Term.recOn	def	15217	15223	ThomsonN7.SlabOneD.Term ThomsonN7.SlabOneD.Term.rec ThomsonN7.SlabOneD.Term.mk
ThomsonN7.Case1Data.S5_B_D_25	def	10128	10128	
ThomsonN7.Case1Data.S0_B_D_13	def	9715	9715	
ThomsonN7.Glue.tubeRigid_of_le	theorem	12483	12485	ThomsonN7.Glue.TubeRigid ThomsonN7.T4.ring_rigid ThomsonN7.M3.firstWhere._proof_1 ThomsonN7.Base.c2 ThomsonN7.cyl._proof_1 ThomsonN7.R3 ThomsonN7.Base.c1
ThomsonN7.Cert.codeE.eq_6	theorem	0	0	ThomsonN7.Kron.Ex.U ThomsonN7.Kron.Ex.add ThomsonN7.Kron.Ex.c ThomsonN7.Kron.Ex ThomsonN7.Cert.codeE
ThomsonN7.Reg.kk_4_6	theorem	7886	7888	ThomsonN7.Reg.cross_of_enc
ThomsonN7.Cert.comb1.eq_def	theorem	0	0	ThomsonN7.Cert.offB ThomsonN7.Cert.dotN.match_1 ThomsonN7.Cert.comb1 _private.ThomsonN7.Solution.0.ThomsonN7.Cert.dotN.match_1.splitter ThomsonN7.Cert.comb1._f
ThomsonN7.Case1Data.S2_z	def	9912	9912	
ThomsonN7.M2.Pl.comp.eq_def	theorem	0	0	ThomsonN7.M2.Pl.comp._f ThomsonN7.M2.K8 _private.ThomsonN7.Solution.0.ThomsonN7.M2.Pl.mul.match_1.splitter ThomsonN7.M2.Pl.comp ThomsonN7.M2.Pl.mul ThomsonN7.M2.Pl.add ThomsonN7.M2.Pl.mul.match_1
ThomsonN7.Reg.mhi_33	theorem	7091	7092	ThomsonN7.Reg.mon_hi ThomsonN7.Reg.InBox
ThomsonN7.Kron.Ex.brecOn.eq	theorem	0	0	ThomsonN7.Kron.Ex.casesOn ThomsonN7.Kron.Ex.below ThomsonN7.Kron.Ex.mul ThomsonN7.Kron.Ex.mon ThomsonN7.Kron.Ex.brecOn.go ThomsonN7.Kron.Ex.add ThomsonN7.Kron.Ex.c ThomsonN7.Kron.Ex ThomsonN7.Kron.Ex.brecOn
ThomsonN7.Cert.TCert.HBf.eq_1	theorem	0	0	ThomsonN7.Cert.TCert.HBf ThomsonN7.Cert.polyR ThomsonN7.Cert.TCert.HB ThomsonN7.Cert.TCert ThomsonN7.Cert.TCert.Lam
ThomsonN7.Cert.TCert.gamma_nonneg	theorem	15055	15079	ThomsonN7.Cert.TCert.SA ThomsonN7.Kron.Ex.sub ThomsonN7.Cert.TCert.checkMeta_parts ThomsonN7.Cert.TCert.bd ThomsonN7.Cert.TCert.idG ThomsonN7.Cert.polyR ThomsonN7.Cert.TCert.SG ThomsonN7.Cert.TCert.nonneg_of_scaled ThomsonN7.Kron.Ex.ev_sumE ThomsonN7.Cert.TCert.mA ThomsonN7.Cert.Blk.ok ThomsonN7.Cert.TCert.gramCut_of_le' ThomsonN7.Cert.SE ThomsonN7.Cert.lamGE ThomsonN7.Cert.TCert.FPm ThomsonN7.Cert.TCert.calf ThomsonN7.Cert.TCert.SB ThomsonN7.Cert.TCert.cbe ThomsonN7.Cert.TCert.ψCb ThomsonN7.Cert.TCert.mB ThomsonN7.Cert.tsum_nonneg ThomsonN7.Cert.TCert.ad ThomsonN7.Cert.TCert.checkMeta ThomsonN7.ThreePoint.Sk ThomsonN7.Cert.TCert.ef ThomsonN7.Cert.TCert.an ThomsonN7.Cert.TCert.m ThomsonN7.Cert.TCert.blkR ThomsonN7.Cert.TCert.mG ThomsonN7.Cert.TBlk ThomsonN7.Kron.Ex.ev ThomsonN7.Cert.TCert.blkP ThomsonN7.Cert.TCert.alo ThomsonN7.ThreePoint.lamG ThomsonN7.Cert.TCert.HCf ThomsonN7.Kron.Ex.ev_smul ThomsonN7.Cert.tblkE ThomsonN7.Cert.TBlk.z ThomsonN7.Cert.TCert.cal ThomsonN7.Cert.GramCut ThomsonN7.Cert.TCert.FRm ThomsonN7.Cert.TCert ThomsonN7.Kron.Ex ThomsonN7.Kron.Ex.smul ThomsonN7.Cert.fmat ThomsonN7.Cert.TCert.le_one_of_gramOK ThomsonN7.Cert.TCert.chkG ThomsonN7.ThreePoint.GramOK ThomsonN7.Cert.TCert.Lam ThomsonN7.Cert.TCert.cbef ThomsonN7.Cert.TCert.HC ThomsonN7.Kron.Ex.ev_sub ThomsonN7.Cert.TCert.ψCbf ThomsonN7.Cert.ev_lamGE ThomsonN7.Cert.TBlk.B ThomsonN7.Kron.Ex.sumE ThomsonN7.Cert.okF ThomsonN7.Cert.TCert.e ThomsonN7.Cert.TCert.K ThomsonN7.Cert.TCert.idG_ev
ThomsonN7.Reg.enc_56	theorem	7733	7742	ThomsonN7.Reg.mlo_1 ThomsonN7.triCapPrism._proof_1 ThomsonN7.Reg.mhi_28 ThomsonN7.Reg.mlo_28 ThomsonN7.Reg.mhi_1 ThomsonN7.Reg.mhi_15 ThomsonN7.triCapPrism._proof_2 ThomsonN7.Reg.mlo_15 ThomsonN7.Reg.InBox ThomsonN7.RegB.phiCos._proof_3 ThomsonN7.Reg.CP_56 ThomsonN7.Reg.CP_56._proof_1 ThomsonN7.Base.c1._proof_1 ThomsonN7.Reg.CP_56._proof_2
ThomsonN7.M3.emb_injective._proof_5	theorem	0	0	
ThomsonN7.ThreePoint.S3_swap23	theorem	550	553	ThomsonN7.ThreePoint.Q3 ThomsonN7.triCapPrism._proof_2 ThomsonN7.ThreePoint.S3
ThomsonN7.Kron.Ex.dy.eq_1	theorem	0	0	ThomsonN7.Kron.Ex.dy ThomsonN7.Kron.Ex.c
ThomsonN7.Kron.Ex.below	def	1599	1604	ThomsonN7.Kron.Ex ThomsonN7.Kron.Ex.rec
ThomsonN7.Cert.tc_s96_94_FR1	def	16898	16901	ThomsonN7.Cert.Blk ThomsonN7.Cert.mkBlk
ThomsonN7.Cert.perm3.match_1	def	0	0	
ThomsonN7.ThreePoint.gram_det_nonneg	theorem	1027	1044	ThomsonN7.ThreePoint.normsq_coords ThomsonN7.R3 ThomsonN7.ThreePoint.inner_coords
ThomsonN7.Reg.CP_49.eq_1	theorem	0	0	ThomsonN7.triCapPrism._proof_2 ThomsonN7.RegB.phiCos._proof_1 ThomsonN7.Reg.CP_49
ThomsonN7.RegB.ringA2.eq_1	theorem	0	0	ThomsonN7.M3.firstWhere._proof_1 ThomsonN7.RegB.ringA2 ThomsonN7.cyl._proof_1 ThomsonN7.R3
ThomsonN7.Cert.SBlk.B	def	2610	2610	ThomsonN7.Cert.SBlk ThomsonN7.Cert.Blk
ThomsonN7.CutOneD.Cert.mk.noConfusion	def	9212	9212	ThomsonN7.CutOneD.Cert.mk ThomsonN7.CutOneD.Cert.noConfusion ThomsonN7.CutOneD.Cert
ThomsonN7.Case1Data.S5_z	def	10140	10140	
ThomsonN7.Case1Data.S4_B_l_19	def	10010	10010	
ThomsonN7.Case1Data.S5_B_l_17	def	10084	10084	
ThomsonN7.Glue.Coerce.bernSum.eq_def	theorem	0	0	ThomsonN7.CutOneD.padd ThomsonN7.Glue.Coerce.ppow ThomsonN7.CutOneD.pscale ThomsonN7.Glue.Coerce.bernSum.match_1 ThomsonN7.CutOneD.pmul ThomsonN7.Glue.Coerce.bernSum _private.ThomsonN7.Solution.0.ThomsonN7.Glue.Coerce.bernSum.match_1.splitter ThomsonN7.Glue.Coerce.bernSum._f
ThomsonN7.Case1Data.S4_B_l_7	def	9998	9998	
ThomsonN7.SlabOneD.l1_pscale	theorem	15364	15369	ThomsonN7.SlabOneD.l1.eq_1 ThomsonN7.SlabOneD.pscale ThomsonN7.SlabOneD.l1.eq_2 ThomsonN7.SlabOneD.l1
ThomsonN7.Cert.tc_s93_90_meta._proof_1	theorem	0	0	ThomsonN7.Cert.TCert.checkMeta ThomsonN7.Cert.tc_s93_90
ThomsonN7.M3.cosB.eq_1	theorem	0	0	ThomsonN7.pentBipyramid._proof_1 ThomsonN7.M3.cosB ThomsonN7.Base.c1._proof_1
ThomsonN7.Cert.degK_quadF_le._f	def	0	0	ThomsonN7.Cert.degK_quadF_le._proof_1 ThomsonN7.Cert.degK.eq_1 ThomsonN7.Cert.proj ThomsonN7.Cert.degK.eq_3 ThomsonN7.Cert.quadF ThomsonN7.Cert.mxs ThomsonN7.Cert.degK_rowF_le ThomsonN7.Cert.degK ThomsonN7.Cert.degK_quadF_le.match_1 ThomsonN7.Cert.rowF
ThomsonN7.Glue.Coerce.Contact2R._sizeOf_inst	def	0	0	ThomsonN7.Glue.Coerce.Contact2R ThomsonN7.Glue.Coerce.Contact2R._sizeOf_1
ThomsonN7.Cert.comb1._f	def	0	0	ThomsonN7.Cert.offB ThomsonN7.Cert.dotN.match_1
ThomsonN7.Reg.ss_13	theorem	8229	8229	
ThomsonN7.CutOneD.peval_compQ	theorem	9182	9186	ThomsonN7.CutOneD.compQ ThomsonN7.CutOneD.padd ThomsonN7.CutOneD.peval_padd ThomsonN7.CutOneD.pmul ThomsonN7.CutOneD.peval.eq_1 ThomsonN7.CutOneD.peval_pmul ThomsonN7.CutOneD.peval
ThomsonN7.Cert.comb1._unsafe_rec	def	0	0	ThomsonN7.Cert.offB ThomsonN7.Cert.dotN.match_1 ThomsonN7.Cert.comb1._unsafe_rec
ThomsonN7.Case1.cf_blocks	theorem	10452	10455	ThomsonN7.Cert.Blk.ok ThomsonN7.Case1Data.cf ThomsonN7.Cert.Cert3.blk ThomsonN7.Cert.Cert3.m ThomsonN7.Cert.Cert3.K ThomsonN7.Case1.cf_blocks._proof_1
ThomsonN7.SlabOneD.evalZ_padd	theorem	15260	15266	ThomsonN7.SlabOneD.evalZ.eq_2 ThomsonN7.SlabOneD.padd ThomsonN7.SlabOneD.evalZ
ThomsonN7.Kron.Ex.subst.eq_2	theorem	0	0	ThomsonN7.Kron.Ex.mul ThomsonN7.Kron.Ex.mon ThomsonN7.Kron.Ex.pw ThomsonN7.Kron.Ex.subst ThomsonN7.Kron.Ex
ThomsonN7.CutOneD.peval.eq_def	theorem	0	0	ThomsonN7.CutOneD.peval._f _private.ThomsonN7.Solution.0.ThomsonN7.CutOneD.peval.match_1.splitter ThomsonN7.CutOneD.peval.match_1 ThomsonN7.CutOneD.peval
ThomsonN7.Case1Data.S0_B_D_30	def	9732	9732	
ThomsonN7.Case1.c1_stat_F1	theorem	10389	10391	ThomsonN7.Case1.c1Stat ThomsonN7.Case1Data.cf ThomsonN7.Cert.Cert3.blk ThomsonN7.Case1.C1Stat ThomsonN7.Cert.Cert3.m ThomsonN7.Case1.c1_stat_F1._proof_1 ThomsonN7.Cert.Cert3.n ThomsonN7.Cert.fkE ThomsonN7.Case1.c1FtotK
ThomsonN7.Cert.tc_s93_90_SG4	def	17671	17675	ThomsonN7.Cert.TBlk ThomsonN7.Cert.TBlk.mk
ThomsonN7.SlabOneD.Slab_s99_98.termHB_2	def	16451	16452	ThomsonN7.SlabOneD.Term ThomsonN7.SlabOneD.Term.mk
ThomsonN7.Reg.InBox._proof_8	theorem	0	0	
ThomsonN7.Cert.unpackM	def	13784	13788	ThomsonN7.Cert.unpackM._f
ThomsonN7.M3.imp_eq_true	theorem	3390	3391	ThomsonN7.M3.imp
ThomsonN7.TwoRegime.seven_of_A_rigid_local	theorem	5774	5782	ThomsonN7.coulombEnergy ThomsonN7.TwoRegime.seven_of_AB ThomsonN7.TwoRegime.regimeB_of_rigid_local ThomsonN7.SphereConfig ThomsonN7.TwoRegime.LocalMinAt ThomsonN7.TwoRegime.GramRigid ThomsonN7.R3 ThomsonN7.TwoRegime.RegimeA ThomsonN7.pentBipyramid
ThomsonN7.Case1.cf_ok._proof_1	theorem	0	0	ThomsonN7.Cert.Cert3.ad ThomsonN7.Case1Data.cf ThomsonN7.Cert.Cert3.Lam ThomsonN7.Cert.Cert3.n
ThomsonN7.Cert.sbst.eq_4	theorem	0	0	ThomsonN7.Kron.Ex.mul ThomsonN7.Cert.sbst ThomsonN7.Kron.Ex
ThomsonN7.SlabOneD.sqSumB.eq_1	theorem	0	0	ThomsonN7.SlabOneD.sqSumB
ThomsonN7.Cert.tc_s96_94_SG1	def	16995	16999	ThomsonN7.Cert.TBlk ThomsonN7.Cert.TBlk.mk
ThomsonN7.Base.cos_6pi5	theorem	431	434	ThomsonN7.Base.c2 ThomsonN7.pentBipyramid._proof_1 ThomsonN7.Base.c1._proof_1
ThomsonN7.Reg.W_2_3	theorem	4372	4373	ThomsonN7.Reg.W ThomsonN7.Reg.W_ne ThomsonN7.Base.phi ThomsonN7.R3 ThomsonN7.Base.c1 ThomsonN7.Reg.g_2_3 ThomsonN7.pentBipyramid
ThomsonN7.Case1Data.S7_B_D_9	def	10249	10249	
ThomsonN7.Case1Data.S2_B_D_25	def	9900	9900	
ThomsonN7.Kron.Ex.brecOn.go	def	0	0	ThomsonN7.Kron.Ex.below ThomsonN7.Kron.Ex.mul ThomsonN7.Kron.Ex.mon ThomsonN7.Kron.Ex.add ThomsonN7.Kron.Ex.c ThomsonN7.Kron.Ex ThomsonN7.Kron.Ex.rec
ThomsonN7.Case1.pole_count	theorem	10520	10542	ThomsonN7.coulombEnergy ThomsonN7.Case1.pole_count._proof_1 ThomsonN7.SphereConfig ThomsonN7.Case1.case1_margin ThomsonN7.cyl._proof_1 ThomsonN7.R3 ThomsonN7.Case1.pole_count._proof_2 ThomsonN7.pentBipyramid ThomsonN7.TwoRegime.cnt
ThomsonN7.Cert.tc_s96_94.eq_1	theorem	0	0	ThomsonN7.Cert.tc_s96_94_FR2 ThomsonN7.Cert.tc_s96_94_FP3 ThomsonN7.Cert.tc_s96_94_FR4 ThomsonN7.Cert.tc_s96_94_SG2 ThomsonN7.Cert.tc_s96_94_SG0 ThomsonN7.Cert.tc_s96_94_SB4 ThomsonN7.Cert.tc_s96_94_SA0 ThomsonN7.Cert.tc_s96_94_SB3 ThomsonN7.Cert.tc_s96_94_FR3 ThomsonN7.Cert.Blk ThomsonN7.Cert.tc_s96_94_SB0 ThomsonN7.Cert.tc_s96_94_SB1 ThomsonN7.Cert.tc_s96_94_SA5 ThomsonN7.Cert.TBlk ThomsonN7.Cert.tc_s96_94_SG1 ThomsonN7.Cert.tc_s96_94_SG4 ThomsonN7.Cert.tc_s96_94_SG3 ThomsonN7.Cert.tc_s96_94_SB2 ThomsonN7.Cert.tc_s96_94_FP4 ThomsonN7.Cert.tc_s96_94_FR0 ThomsonN7.Cert.TCert.mk ThomsonN7.Cert.tc_s96_94_SA3 ThomsonN7.Cert.tc_s96_94_FP1 ThomsonN7.Cert.TCert ThomsonN7.Cert.tc_s96_94_FR1 ThomsonN7.Cert.tc_s96_94_FR5 ThomsonN7.Cert.tc_s96_94 ThomsonN7.Cert.tc_s96_94_FP5 ThomsonN7.Cert.tc_s96_94_SA2 ThomsonN7.Cert.tc_s96_94_FP0 ThomsonN7.Cert.tc_s96_94_SA1 ThomsonN7.Cert.tc_s96_94_SA4 ThomsonN7.Cert.tc_s96_94_FP2
ThomsonN7.Cert.tc_cap_SA6	def	15989	15993	ThomsonN7.Cert.TBlk ThomsonN7.Cert.TBlk.mk
ThomsonN7.Reg.mhi_11	theorem	7003	7004	ThomsonN7.Reg.mon_hi ThomsonN7.Reg.InBox
ThomsonN7.Reg.enc_54	theorem	7711	7722	ThomsonN7.triCapPrism._proof_1 ThomsonN7.Reg.mhi_23 ThomsonN7.Reg.mlo_9 ThomsonN7.Reg.CP_54 ThomsonN7.Reg.mlo_6 ThomsonN7.Reg.mlo_23 ThomsonN7.Reg.mhi_20 ThomsonN7.cyl._proof_1 ThomsonN7.Reg.mlo_20 ThomsonN7.Reg.mhi_6 ThomsonN7.Reg.InBox ThomsonN7.Reg.mhi_9 ThomsonN7.Base.c1._proof_1
ThomsonN7.Reg.kk_12_19	theorem	8114	8116	ThomsonN7.Reg.cross_of_enc
_private.ThomsonN7.Solution.0.ThomsonN7.SlabOneD.evalZ.match_1.splitter	def	0	0	ThomsonN7.SlabOneD.evalZ.match_1
ThomsonN7.SlabOneD.pmul	def	15136	15139	ThomsonN7.SlabOneD.pmul._f
ThomsonN7.SlabOneD.sumTerms.eq_2	theorem	0	0	ThomsonN7.SlabOneD.padd ThomsonN7.SlabOneD.pmul ThomsonN7.SlabOneD.Term.mult ThomsonN7.SlabOneD.sumTerms ThomsonN7.SlabOneD.Term ThomsonN7.SlabOneD.Term.sq ThomsonN7.SlabOneD.sqSum ThomsonN7.SlabOneD.Par
ThomsonN7.Cert.tc_s94_93_FR4	def	17242	17245	ThomsonN7.Cert.Blk ThomsonN7.Cert.mkBlk
ThomsonN7.SlabOneD.Slab_s98_96.certHB	def	16786	16790	ThomsonN7.SlabOneD.Cert.mk ThomsonN7.SlabOneD.Term ThomsonN7.SlabOneD.Slab_s98_96.termHB_0 ThomsonN7.SlabOneD.Slab_s98_96.termHB_2 ThomsonN7.SlabOneD.Slab_s98_96.termHB_1 ThomsonN7.SlabOneD.Cert ThomsonN7.SlabOneD.Slab_s98_96.termHB_3
ThomsonN7.Reg.CP_21.eq_1	theorem	0	0	ThomsonN7.triCapPrism._proof_1 ThomsonN7.Reg.CP_21 ThomsonN7.Base.c1._proof_1
ThomsonN7.Cert.tc_cap_SG2	def	16037	16041	ThomsonN7.Cert.TBlk ThomsonN7.Cert.TBlk.mk
ThomsonN7.Final.a.eq_4	theorem	0	0	ThomsonN7.Final.a._proof_4 ThomsonN7.Final.a._proof_7 ThomsonN7.Final.a
ThomsonN7.Cert.tc_s96_94_G._proof_1	theorem	0	0	ThomsonN7.Cert.tc_s96_94 ThomsonN7.Cert.TCert.chkG
ThomsonN7.Cert.matDot_S3	theorem	2424	2426	ThomsonN7.ThreePoint.Y3 ThomsonN7.ThreePoint.matDot_add ThomsonN7.Cert.six ThomsonN7.ThreePoint.matDot ThomsonN7.triCapPrism._proof_2 ThomsonN7.ThreePoint.S3 ThomsonN7.ThreePoint.matDot_smul
ThomsonN7.TwoRegime.countRigidA_of_countRigid	theorem	6305	6315	ThomsonN7.TwoRegime.CountRigidA ThomsonN7.SphereConfig ThomsonN7.TwoRegime.CountRigid ThomsonN7.cyl._proof_1 ThomsonN7.R3 ThomsonN7.pentBipyramid ThomsonN7.TwoRegime.cnt ThomsonN7.TwoRegime.InWindow
ThomsonN7.Glue.capSpec_of_tcert	theorem	15642	15653	ThomsonN7.coulombEnergy ThomsonN7.Cert.TCert.HBf ThomsonN7.Cert.TCert.chkB ThomsonN7.Glue.cls3 ThomsonN7.M3.firstWhere._proof_1 ThomsonN7.SphereConfig ThomsonN7.Cert.TCert.checkMeta ThomsonN7.Cert.TCert.ef ThomsonN7.Base.c2 ThomsonN7.Glue.CapSpec._proof_1 ThomsonN7.Glue.tcert_bound_cap ThomsonN7.Cert.TCert.alo ThomsonN7.Cert.TCert.HCf ThomsonN7.Cert.TCert.HAf ThomsonN7.Base.phi ThomsonN7.cyl._proof_1 ThomsonN7.Cert.TCert.chkA ThomsonN7.R3 ThomsonN7.Base.c1 ThomsonN7.Cert.TCert ThomsonN7.Cert.TCert.chkG ThomsonN7.pentBipyramid ThomsonN7.Cert.TCert.ahi ThomsonN7.Glue.coulombEnergy_pent_le_of ThomsonN7.Glue.CapSpec
ThomsonN7.Cert.domAll._unsafe_rec	def	0	0	ThomsonN7.Cert.domAll._unsafe_rec ThomsonN7.Cert.offAbs ThomsonN7.Cert.domAll.match_1
ThomsonN7.Glue.Coerce.Contact1.mk.injEq	theorem	0	0	ThomsonN7.Glue.Coerce.BPiece ThomsonN7.Glue.Coerce.Contact1.mk ThomsonN7.Glue.Coerce.Contact1 ThomsonN7.Glue.Coerce.Contact1.mk.inj
ThomsonN7.Reg.InBox._proof_13	theorem	0	0	
ThomsonN7.Kron.Ex.ev_mul	theorem	1989	1989	ThomsonN7.Kron.Ex.mul ThomsonN7.Kron.Ex.ev ThomsonN7.Kron.Ex
ThomsonN7.M2.K8.x0	def	2848	2848	ThomsonN7.M2.K8
ThomsonN7.Case1Data.S7_B_l	def	10239	10239	ThomsonN7.Case1Data.S7_B_l_12 ThomsonN7.Case1Data.S7_B_l_4 ThomsonN7.Case1Data.S7_B_l_7 ThomsonN7.Case1Data.S7_B_l_1 ThomsonN7.Case1Data.S7_B_l_6 ThomsonN7.Case1Data.S7_B_l_19 ThomsonN7.Case1Data.S7_B_l_2 ThomsonN7.Case1Data.S7_B_l_3 ThomsonN7.Case1Data.S7_B_l_15 ThomsonN7.Case1Data.S7_B_l_11 ThomsonN7.Case1Data.S7_B_l_0 ThomsonN7.Case1Data.S7_B_l_9 ThomsonN7.Case1Data.S7_B_l_14 ThomsonN7.Case1Data.S7_B_l_18 ThomsonN7.Case1Data.S7_B_l_10 ThomsonN7.Case1Data.S7_B_l_16 ThomsonN7.Case1Data.S7_B_l_8 ThomsonN7.Case1Data.S7_B_l_5 ThomsonN7.Case1Data.S7_B_l_13 ThomsonN7.Case1Data.S7_B_l_17
ThomsonN7.CutOneD.peval_eq_sum	theorem	9271	9282	ThomsonN7.CutOneD.peval.eq_2 ThomsonN7.CutOneD.peval
ThomsonN7.Cert.dotN._sunfold	def	0	0	ThomsonN7.Cert.dotN.match_1 ThomsonN7.Cert.dotN
ThomsonN7.Cert.unpackM._unsafe_rec	def	0	0	ThomsonN7.Cert.unpackM._unsafe_rec ThomsonN7.Cert.unpackI.match_1 ThomsonN7.Cert.unpackI
ThomsonN7.Kron.Ex.add	ctor	1603	1603	ThomsonN7.Kron.Ex.add ThomsonN7.Kron.Ex
ThomsonN7.M2.bL	def	2938	2939	
ThomsonN7.Kron.Ex.ev_sumE	theorem	2008	2011	ThomsonN7.Kron.Ex.ev ThomsonN7.Kron.Ex.add ThomsonN7.Kron.Ex.c ThomsonN7.Kron.Ex ThomsonN7.Kron.Ex.sumE
_private.ThomsonN7.Solution.0.ThomsonN7.SlabOneD.evalZ.match_1.eq_2	theorem	0	0	ThomsonN7.SlabOneD.evalZ.match_1
ThomsonN7.Reg.CP_51	def	6788	6788	ThomsonN7.triCapPrism._proof_2 ThomsonN7.RegB.phiCos._proof_1
ThomsonN7.Reg.CP_5	def	6742	6742	ThomsonN7.triCapPrism._proof_1 ThomsonN7.Base.c1._proof_1
ThomsonN7.SlabOneD.sqSumB	def	15413	15416	ThomsonN7.SlabOneD.sqSumB._f
ThomsonN7.SlabOneD.Slab_s99_98.certHB_ok._proof_1	theorem	0	0	ThomsonN7.SlabOneD.Slab_s99_98.parHB ThomsonN7.SlabOneD.Cert.check ThomsonN7.SlabOneD.Slab_s99_98.certHB
ThomsonN7.Case1Data.S1_B_D_6	def	9805	9805	
ThomsonN7.Cert.tc_s99_98_B	theorem	16389	16389	ThomsonN7.Cert.TCert.chkB ThomsonN7.Cert.tc_s99_98 ThomsonN7.Cert.tc_s99_98_B._proof_1
ThomsonN7.Case1Data.S0_B_l_9	def	9654	9654	
ThomsonN7.Case1Data.S1_B_l_2	def	9765	9765	
ThomsonN7.Reg.InBox._proof_12	theorem	0	0	
_private.ThomsonN7.Solution.0.ThomsonN7.CutOneD.peval.match_1.eq_1	theorem	0	0	ThomsonN7.CutOneD.peval.match_1
ThomsonN7.Base.sphereConfig_comp	theorem	398	403	ThomsonN7.SphereConfig ThomsonN7.R3
ThomsonN7.Cert.codeE.eq_7	theorem	0	0	ThomsonN7.Kron.Ex.V ThomsonN7.Kron.Ex.sub ThomsonN7.Kron.Ex.c ThomsonN7.Kron.Ex ThomsonN7.Cert.codeE
ThomsonN7.Glue.Coerce.Contact1.noConfusion	def	13170	13180	ThomsonN7.Glue.Coerce.Contact1.noConfusionType ThomsonN7.Glue.Coerce.BPiece ThomsonN7.Glue.Coerce.Contact1 ThomsonN7.Glue.Coerce.Contact1.casesOn
ThomsonN7.SlabOneD.Term.mk	ctor	15219	15219	ThomsonN7.SlabOneD.Term ThomsonN7.SlabOneD.Term.mk
ThomsonN7.M2.le_r5U	theorem	2959	2961	ThomsonN7.M2.r5L ThomsonN7.M2.r5U
ThomsonN7.Case1Data.S2_B_l_6	def	9845	9845	
ThomsonN7.Reg.kk_1_3	theorem	7790	7792	ThomsonN7.Reg.cross_of_enc
ThomsonN7.CutOneD.Cert.diff	def	9220	9224	ThomsonN7.CutOneD.Cert.Lam ThomsonN7.CutOneD.compQ ThomsonN7.CutOneD.sqSum ThomsonN7.CutOneD.Cert.A1 ThomsonN7.CutOneD.Cert.A2 ThomsonN7.CutOneD.pneg ThomsonN7.CutOneD.padd ThomsonN7.CutOneD.Cert.Q ThomsonN7.CutOneD.pmul ThomsonN7.CutOneD.Cert.A0 ThomsonN7.CutOneD.Cert.A3 ThomsonN7.CutOneD.Cert
ThomsonN7.Cert.codeE.eq_8	theorem	0	0	ThomsonN7.Kron.Ex.V ThomsonN7.Kron.Ex.add ThomsonN7.Kron.Ex.c ThomsonN7.Kron.Ex ThomsonN7.Cert.codeE
ThomsonN7.Cert.tc_s99_98_FR1	def	16240	16243	ThomsonN7.Cert.Blk ThomsonN7.Cert.mkBlk
ThomsonN7.Cert.l1_sqfF_le._proof_1	theorem	0	0	ThomsonN7.Cert.Blk.Δ ThomsonN7.Cert.Blk.l ThomsonN7.Cert.Blk.d ThomsonN7.Cert.Blk ThomsonN7.Cert.quadF ThomsonN7.Kron.Ex.l1 ThomsonN7.Cert.sqF
ThomsonN7.Cert.unpackM._sunfold	def	0	0	ThomsonN7.Cert.unpackI.match_1 ThomsonN7.Cert.unpackM ThomsonN7.Cert.unpackI
ThomsonN7.Cert.unpackI_natAbs_le	theorem	14172	14180	ThomsonN7.Cert.unpackI_natAbs_le._f ThomsonN7.Cert.unpackI
ThomsonN7.M3.emb_injective	theorem	3584	3589	ThomsonN7.M3.emb ThomsonN7.M3.emb_injective._proof_3 ThomsonN7.M3.emb_injective._proof_5 ThomsonN7.M3.emb_injective._proof_7 ThomsonN7.M3.emb_injective._proof_6 ThomsonN7.M3.emb_injective._proof_1 ThomsonN7.M3.sqrt5' ThomsonN7.M3.emb_injective._proof_2 ThomsonN7.M3.emb_injective._proof_4
ThomsonN7.Case1Data.S0_B_l_1	def	9646	9646	
ThomsonN7.M2.instDecidableEqK8.decEq.match_1	def	0	0	ThomsonN7.M2.K8.casesOn ThomsonN7.M2.K8 ThomsonN7.M2.K8.mk
ThomsonN7.Case1Data.S0_B_D_16	def	9718	9718	
ThomsonN7.Glue.Coerce.Contact1R.casesOn	def	13524	13536	ThomsonN7.Glue.Coerce.Contact1R.mk ThomsonN7.Glue.Coerce.Contact1R.rec ThomsonN7.Glue.Coerce.Contact1R ThomsonN7.Glue.Coerce.BPiece
ThomsonN7.Case1Data.S7_B_l_1	def	10220	10220	
ThomsonN7.Reg.g_3_0	theorem	4252	4253	ThomsonN7.Base.c2 ThomsonN7.R3 ThomsonN7.pentBipyramid ThomsonN7.Reg.g_0_3
ThomsonN7.M3.ccOf.eq_1	theorem	0	0	ThomsonN7.M3.cP._proof_1 ThomsonN7.M3.ccOf ThomsonN7.cyl._proof_1 ThomsonN7.R3 ThomsonN7.M3.colorOf
ThomsonN7.Cert.tc_cap_FR3	def	15938	15941	ThomsonN7.Cert.Blk ThomsonN7.Cert.mkBlk
ThomsonN7.Case1Data.S1_B_l_25	def	9788	9788	
ThomsonN7.Cert.tc_s96_94	def	17019	17041	ThomsonN7.Cert.tc_s96_94_FR2 ThomsonN7.Cert.tc_s96_94_FP3 ThomsonN7.Cert.tc_s96_94_FR4 ThomsonN7.Cert.tc_s96_94_SG2 ThomsonN7.Cert.tc_s96_94_SG0 ThomsonN7.Cert.tc_s96_94_SB4 ThomsonN7.Cert.tc_s96_94_SA0 ThomsonN7.Cert.tc_s96_94_SB3 ThomsonN7.Cert.tc_s96_94_FR3 ThomsonN7.Cert.Blk ThomsonN7.Cert.tc_s96_94_SB0 ThomsonN7.Cert.tc_s96_94_SB1 ThomsonN7.Cert.tc_s96_94_SA5 ThomsonN7.Cert.TBlk ThomsonN7.Cert.tc_s96_94_SG1 ThomsonN7.Cert.tc_s96_94_SG4 ThomsonN7.Cert.tc_s96_94_SG3 ThomsonN7.Cert.tc_s96_94_SB2 ThomsonN7.Cert.tc_s96_94_FP4 ThomsonN7.Cert.tc_s96_94_FR0 ThomsonN7.Cert.TCert.mk ThomsonN7.Cert.tc_s96_94_SA3 ThomsonN7.Cert.tc_s96_94_FP1 ThomsonN7.Cert.TCert ThomsonN7.Cert.tc_s96_94_FR1 ThomsonN7.Cert.tc_s96_94_FR5 ThomsonN7.Cert.tc_s96_94_FP5 ThomsonN7.Cert.tc_s96_94_SA2 ThomsonN7.Cert.tc_s96_94_FP0 ThomsonN7.Cert.tc_s96_94_SA1 ThomsonN7.Cert.tc_s96_94_SA4 ThomsonN7.Cert.tc_s96_94_FP2
ThomsonN7.Cert.tc_s94_93_SG0	def	17318	17322	ThomsonN7.Cert.TBlk ThomsonN7.Cert.TBlk.mk
ThomsonN7.M3.leaf.eq_1	theorem	0	0	ThomsonN7.M3.leaf ThomsonN7.M3.tau ThomsonN7.M3.cP
ThomsonN7.Case1Data.S7_B_D_1	def	10241	10241	
ThomsonN7.Reg.isoOfMem._proof_3	theorem	0	0	ThomsonN7.R3
ThomsonN7.Case1Data.S3_B_l_33	def	9948	9948	
ThomsonN7.M2.K8.lb_le	theorem	2996	3029	ThomsonN7.M2.K8.x4 ThomsonN7.M2.K8.x1 ThomsonN7.M2.bL_le_rb ThomsonN7.M2.K8 ThomsonN7.M2.aL_le_ra ThomsonN7.M2.K8.toReal ThomsonN7.M2.rb_pos ThomsonN7.M2.ra ThomsonN7.M2.K8.lb ThomsonN7.M2.K8.tl ThomsonN7.M2.ra_le_aU ThomsonN7.M2.bL ThomsonN7.M2.K8.x3 ThomsonN7.M2.rb_le_bU ThomsonN7.M2.K8.x7 ThomsonN7.M2.bU ThomsonN7.M2.aL ThomsonN7.M2.rb ThomsonN7.M2.K8.tl_le ThomsonN7.M2.K8.x2 ThomsonN7.M2.K8.x6 ThomsonN7.M2.K8.x5 ThomsonN7.M2.K8.x0 ThomsonN7.M2.aU
ThomsonN7.Reg.mhi_35	theorem	7099	7100	ThomsonN7.Reg.mon_hi ThomsonN7.Reg.InBox
ThomsonN7.Case1.pole_count._simp_1	theorem	0	0	
ThomsonN7.Reg.pb_1_4	theorem	8814	8815	ThomsonN7.Reg.phi_c2_le ThomsonN7.Base.c2 ThomsonN7.Base.phi ThomsonN7.Reg.gP ThomsonN7.Reg.gP_1_4
ThomsonN7.Cert.Cert3.m	def	2655	2656	ThomsonN7.Cert.Cert3 ThomsonN7.Cert.Blk.Δ ThomsonN7.Cert.Cert3.blk
ThomsonN7.Reg.pb_2_4	theorem	8826	8827	ThomsonN7.Reg.gP_2_4 ThomsonN7.Reg.phi_c2_le ThomsonN7.Base.c2 ThomsonN7.Base.phi ThomsonN7.Reg.gP
ThomsonN7.Cert.tc_cap_FR1	def	15928	15931	ThomsonN7.Cert.Blk ThomsonN7.Cert.mkBlk
ThomsonN7.Reg.CP_11	def	6748	6748	ThomsonN7.triCapPrism._proof_1 ThomsonN7.cyl._proof_1
ThomsonN7.ThreePoint.matDot	def	542	543	
ThomsonN7.Cert.gramCut_perm3.match_1	def	0	0	
ThomsonN7.Case1.c1Stat.eq_1	theorem	0	0	ThomsonN7.Case1.c1Stat ThomsonN7.Case1.C1Stat ThomsonN7.Kron.Ex.c ThomsonN7.Case1.c1C
ThomsonN7.CutOneD.Cert.A0	def	9215	9215	ThomsonN7.CutOneD.Cert
ThomsonN7.Case1Data.S4_B_D_11	def	10038	10038	
ThomsonN7.SlabOneD.Term.mk.inj	theorem	0	0	ThomsonN7.SlabOneD.Term ThomsonN7.SlabOneD.Term.mk.noConfusion ThomsonN7.SlabOneD.Term.mk
ThomsonN7.TwoRegime.CountRigidA	def	6286	6291	ThomsonN7.SphereConfig ThomsonN7.cyl._proof_1 ThomsonN7.R3 ThomsonN7.TwoRegime.cnt ThomsonN7.TwoRegime.InWindow
ThomsonN7.ThreePoint.card_third._proof_3	theorem	0	0	
ThomsonN7.M6.iscale_mem	theorem	11329	11340	ThomsonN7.M6.iscale ThomsonN7.M6.Imem
ThomsonN7.Reg.kk_3_4	theorem	7850	7852	ThomsonN7.Reg.cross_of_enc
ThomsonN7.Kron.Ex.dy.eq_3	theorem	0	0	ThomsonN7.Kron.Ex.dy ThomsonN7.Kron.Ex.add ThomsonN7.Kron.Ex
ThomsonN7.Glue.Coerce.Contact1R.ctorIdx	def	0	0	ThomsonN7.Glue.Coerce.Contact1R
ThomsonN7.SlabOneD.Slab_s98_96.certHC_ok	theorem	16819	16819	ThomsonN7.SlabOneD.Slab_s98_96.certHC ThomsonN7.SlabOneD.Slab_s98_96.parHC ThomsonN7.SlabOneD.Cert.check ThomsonN7.SlabOneD.Slab_s98_96.certHC_ok._proof_1
ThomsonN7.Kron.Ex.mon.inj	theorem	0	0	ThomsonN7.Kron.Ex.mon ThomsonN7.Kron.Ex.mon.noConfusion ThomsonN7.Kron.Ex
ThomsonN7.Cert.ftotTerm	def	2447	2450	ThomsonN7.Cert.six ThomsonN7.cyl._proof_1
ThomsonN7.M2.Pl.add.eq_3	theorem	0	0	ThomsonN7.M2.K8.add ThomsonN7.M2.K8 ThomsonN7.M2.Pl.add
ThomsonN7.Glue.slab_of_typed7	theorem	12631	12655	ThomsonN7.coulombEnergy ThomsonN7.ThreePoint.lamA ThomsonN7.SphereConfig ThomsonN7.ThreePoint.Sk ThomsonN7.Glue.typed7_cls3_lo ThomsonN7.ThreePoint.lamG ThomsonN7.Base.phi ThomsonN7.ThreePoint.lamB ThomsonN7.R3 ThomsonN7.ThreePoint.GramOK ThomsonN7.Glue.slab_of_typed ThomsonN7.pentBipyramid
ThomsonN7.Reg.kk_10_18	theorem	8069	8071	ThomsonN7.Reg.cross_of_enc
ThomsonN7.Cert.tc_s94_93_meta	theorem	17372	17372	ThomsonN7.Cert.tc_s94_93_meta._proof_1 ThomsonN7.Cert.TCert.checkMeta ThomsonN7.Cert.tc_s94_93
ThomsonN7.SlabOneD.Slab_s93_90.HA_le_phi	theorem	17754	17757	ThomsonN7.SlabOneD.Cert.sound ThomsonN7.SlabOneD.peval ThomsonN7.SlabOneD.Cert.Q ThomsonN7.SlabOneD.Par.mu2 ThomsonN7.SlabOneD.Slab_s93_90.certHA ThomsonN7.SlabOneD.Par.nu1 ThomsonN7.SlabOneD.Par.mu1 ThomsonN7.SlabOneD.Slab_s93_90.parHA ThomsonN7.SlabOneD.Slab_s93_90.certHA_ok ThomsonN7.SlabOneD.Cert.Lam ThomsonN7.SlabOneD.Par.nu2
ThomsonN7.Case1Data.S0_B_l_29	def	9674	9674	
ThomsonN7.Case1Data.S1_B_D_5	def	9804	9804	
ThomsonN7.Reg.mhi_37	theorem	7107	7108	ThomsonN7.Reg.mon_hi ThomsonN7.Reg.InBox
ThomsonN7.Case1Data.S6_B_D_7	def	10186	10186	
ThomsonN7.ThreePoint.typed_bound	theorem	10797	10821	ThomsonN7.ThreePoint.Y3 ThomsonN7.ThreePoint.matDot ThomsonN7.ThreePoint.typed_bound_comb ThomsonN7.R3 ThomsonN7.ThreePoint.matDot_root_nonneg ThomsonN7.ThreePoint.os6
ThomsonN7.Reg.W_5_5	theorem	4439	4439	ThomsonN7.Reg.W ThomsonN7.Reg.W_diag
ThomsonN7.ThreePoint.os	def	10652	10656	ThomsonN7.triCapPrism._proof_1 ThomsonN7.ThreePoint.kap ThomsonN7.ThreePoint.mrg ThomsonN7.cyl._proof_1
ThomsonN7.Cert.tc_s93_90_SG1	def	17653	17657	ThomsonN7.Cert.TBlk ThomsonN7.Cert.TBlk.mk
ThomsonN7.T4.sig7	def	11781	11785	ThomsonN7.T4.pentIdx ThomsonN7.T4.sig7._proof_3 ThomsonN7.T4.sig7._proof_4
ThomsonN7.Glue.Coerce.BPiece.ctorIdx	def	0	0	ThomsonN7.Glue.Coerce.BPiece
ThomsonN7.M2.Pl.mul.eq_1	theorem	0	0	ThomsonN7.M2.K8 ThomsonN7.M2.Pl.mul
ThomsonN7.Cert.TCert.checkMeta.eq_1	theorem	0	0	ThomsonN7.Cert.TCert.SA ThomsonN7.Cert.TCert.bd ThomsonN7.Cert.TCert.SG ThomsonN7.Cert.TCert.mA ThomsonN7.Cert.Blk.ok ThomsonN7.Cert.TCert.SB ThomsonN7.Cert.TCert.mB ThomsonN7.Cert.TCert.ad ThomsonN7.Cert.TCert.checkMeta ThomsonN7.Cert.TCert.m ThomsonN7.Cert.TCert.blkR ThomsonN7.Cert.TCert.mG ThomsonN7.Cert.TBlk ThomsonN7.Cert.TCert.blkP ThomsonN7.Cert.TBlk.z ThomsonN7.Cert.TCert ThomsonN7.Cert.TCert.Lam ThomsonN7.Cert.TBlk.B ThomsonN7.Cert.okF ThomsonN7.Cert.TCert.K
ThomsonN7.Cert.ev_smulNZ	theorem	2243	2247	ThomsonN7.Kron.Ex.ev ThomsonN7.Kron.Ex.ev_smul ThomsonN7.Cert.smulNZ ThomsonN7.Kron.Ex.c ThomsonN7.Kron.Ex ThomsonN7.Kron.Ex.smul
ThomsonN7.RegB.phi_sub_eq_linear_add_breg	theorem	5115	5119	ThomsonN7.RegB.breg ThomsonN7.Base.phi
ThomsonN7.ThreePoint.Rk.eq_1	theorem	0	0	ThomsonN7.ThreePoint.Rk ThomsonN7.cyl._proof_1 ThomsonN7.ThreePoint.S3
ThomsonN7.M2.qlist_pos	theorem	3185	3185	ThomsonN7.M2.K8 ThomsonN7.M2.K8.lb ThomsonN7.M2.qlist ThomsonN7.M2.qlist_pos._proof_1
ThomsonN7.SlabOneD.Par.nu2	def	15213	15213	ThomsonN7.SlabOneD.Par
ThomsonN7.Case1Data.S4_B_D_8	def	10035	10035	
ThomsonN7.Reg.kk_17_18	theorem	8189	8191	ThomsonN7.Reg.cross_of_enc
ThomsonN7.Case1Data.S4_B_l_11	def	10002	10002	
ThomsonN7.RegB.norm_ringSum_sq	theorem	5008	5017	ThomsonN7.M3.firstWhere._proof_1 ThomsonN7.RegB.ringA2 ThomsonN7.RegB.ringA1 ThomsonN7.cyl._proof_1 ThomsonN7.R3 ThomsonN7.RegB.ringSum
ThomsonN7.Glue.Coerce.Contact2.mk.injEq	theorem	0	0	ThomsonN7.Glue.Coerce.Contact2.mk ThomsonN7.Glue.Coerce.Contact2 ThomsonN7.Glue.Coerce.BPiece ThomsonN7.Glue.Coerce.Contact2.mk.inj
ThomsonN7.Kron.Ex.evalW.eq_3	theorem	0	0	ThomsonN7.Kron.Ex.evalW ThomsonN7.Kron.Ex.add ThomsonN7.Kron.Ex
ThomsonN7.CutOneD.padd	def	9132	9136	ThomsonN7.CutOneD.padd._f
ThomsonN7.Reg.pc_3_0	theorem	8333	8334	ThomsonN7.Base.c2 ThomsonN7.R3 ThomsonN7.Reg.s2 ThomsonN7.pentBipyramid ThomsonN7.Reg.pent_3
ThomsonN7.Kron.Ex.ev_pw.match_1	def	0	0	
ThomsonN7.M2.Pl.eval	def	3042	3045	ThomsonN7.M2.K8 ThomsonN7.M2.Pl.eval._f
ThomsonN7.Glue.Coerce.Contact1R.mk.inj	theorem	0	0	ThomsonN7.Glue.Coerce.Contact1R.mk ThomsonN7.Glue.Coerce.Contact1R ThomsonN7.Glue.Coerce.BPiece ThomsonN7.Glue.Coerce.Contact1R.mk.noConfusion
ThomsonN7.Case1Data.S6_B_l_23	def	10166	10166	
ThomsonN7.Case1Data.S6_B_l_21	def	10164	10164	
ThomsonN7.EPBounds.sin_two_pi_div_five	theorem	6552	6555	
ThomsonN7.Cert.degK_two	theorem	14306	14311	ThomsonN7.Kron.Ex.mul ThomsonN7.Kron.Ex.dz ThomsonN7.Kron.Ex.mon ThomsonN7.Kron.Ex.add ThomsonN7.Kron.Ex ThomsonN7.Kron.Ex.rec ThomsonN7.Cert.degK
ThomsonN7.Kron.Ex.one	def	1951	1952	ThomsonN7.Kron.Ex.c ThomsonN7.Kron.Ex
ThomsonN7.Reg.W_0_5	theorem	4338	4339	ThomsonN7.Reg.W ThomsonN7.Reg.W_ne ThomsonN7.Reg.g_0_5 ThomsonN7.Base.phi ThomsonN7.R3 ThomsonN7.pentBipyramid
ThomsonN7.Reg.g_2_4	theorem	4242	4244	ThomsonN7.Reg.hF1 ThomsonN7.Reg.s1 ThomsonN7.Base.c2 ThomsonN7.Reg.inner_vec3 ThomsonN7.Reg.pent_2 ThomsonN7.Reg.hF2 ThomsonN7.Reg.hF3 ThomsonN7.R3 ThomsonN7.Base.c1 ThomsonN7.Reg.s2 ThomsonN7.Reg.hF4 ThomsonN7.pentBipyramid ThomsonN7.Reg.pent_4
ThomsonN7.Reg.CP_2.eq_1	theorem	0	0	ThomsonN7.triCapPrism._proof_1 ThomsonN7.Reg.CP_2 ThomsonN7.cyl._proof_1
ThomsonN7.Reg.mhi_7	theorem	6987	6988	ThomsonN7.Reg.mon_hi ThomsonN7.Reg.InBox
ThomsonN7.Reg.kk_14_17	theorem	8141	8143	ThomsonN7.Reg.cross_of_enc
ThomsonN7.M2.K8.neg.eq_1	theorem	0	0	ThomsonN7.M2.K8.x4 ThomsonN7.M2.K8.x1 ThomsonN7.M2.K8 ThomsonN7.M2.K8.neg ThomsonN7.M2.K8.x3 ThomsonN7.M2.K8.x7 ThomsonN7.M2.K8.x2 ThomsonN7.M2.K8.x6 ThomsonN7.M2.K8.mk ThomsonN7.M2.K8.x5 ThomsonN7.M2.K8.x0
ThomsonN7.Reg.g_6_0	theorem	4306	4307	ThomsonN7.Reg.g_0_6 ThomsonN7.R3 ThomsonN7.pentBipyramid
ThomsonN7.triCapPrism_injective._proof_5	theorem	0	0	
ThomsonN7.Case1Data.S0_B_D_53	def	9755	9755	
ThomsonN7.Reg.inner_vec3	theorem	4172	4174	
ThomsonN7.Reg.pent_1	theorem	4142	4143	ThomsonN7.Reg.s1 ThomsonN7.cyl._proof_1 ThomsonN7.R3 ThomsonN7.Base.c1 ThomsonN7.pentBipyramid._proof_1 ThomsonN7.cyl ThomsonN7.pent_of_lt ThomsonN7.Base.cos_2pi5 ThomsonN7.pentBipyramid
ThomsonN7.Case1.c1Stat.eq_def	theorem	0	0	ThomsonN7.Kron.Ex.below ThomsonN7.Kron.Ex.mul ThomsonN7.Case1.c1Stat ThomsonN7.Kron.Ex.mon ThomsonN7.Case1.C1Stat ThomsonN7.Kron.Ex.brecOn.go _private.ThomsonN7.Solution.0.ThomsonN7.Kron.Ex.ev.match_1.splitter ThomsonN7.Case1.c1Stat._f ThomsonN7.Kron.Ex.add ThomsonN7.Kron.Ex.ev.match_1 ThomsonN7.Kron.Ex.c ThomsonN7.Kron.Ex ThomsonN7.Case1.c1Add ThomsonN7.Kron.Ex.rec ThomsonN7.Kron.Ex.brecOn.eq ThomsonN7.Case1.c1Mul ThomsonN7.Kron.Ex.brecOn ThomsonN7.Case1.c1C
ThomsonN7.Cert.tc_s99_98_A._proof_1	theorem	0	0	ThomsonN7.Cert.tc_s99_98 ThomsonN7.Cert.TCert.chkA
ThomsonN7.Kron.coefk._sunfold	def	0	0	ThomsonN7.Kron.Ex.Term ThomsonN7.Kron.coefk ThomsonN7.Kron.code ThomsonN7.Kron.coefk.match_1
ThomsonN7.Case1Data.S7_B_l_15	def	10234	10234	
ThomsonN7.M6.Box6.split	def	11496	11503	ThomsonN7.M6.Box6.A ThomsonN7.M6.mid ThomsonN7.M6.Box6.F ThomsonN7.M6.Box6.D ThomsonN7.M6.Box6.C ThomsonN7.M6.Box6.B ThomsonN7.M6.Box6.mk ThomsonN7.M6.Box6 ThomsonN7.Cert.perm3.match_1 ThomsonN7.M6.Box6.E
ThomsonN7.SlabOneD.Slab_s99_98.termHA_3	def	16415	16416	ThomsonN7.SlabOneD.Term ThomsonN7.SlabOneD.Term.mk
ThomsonN7.Cert.TCert.hFR	theorem	14988	14989	ThomsonN7.Cert.TCert.SA ThomsonN7.Cert.TCert.checkMeta_parts ThomsonN7.Cert.TCert.bd ThomsonN7.Cert.TCert.SG ThomsonN7.Cert.TCert.mA ThomsonN7.Cert.Blk.ok ThomsonN7.Cert.TCert.SB ThomsonN7.Cert.TCert.mB ThomsonN7.Cert.TCert.ad ThomsonN7.Cert.TCert.checkMeta ThomsonN7.Cert.TCert.m ThomsonN7.Cert.TCert.blkR ThomsonN7.Cert.TCert.mG ThomsonN7.Cert.TBlk ThomsonN7.Cert.TCert.blkP ThomsonN7.Cert.TBlk.z ThomsonN7.Cert.TCert.FRm ThomsonN7.Cert.TCert ThomsonN7.Cert.TCert.Lam ThomsonN7.Cert.TBlk.B ThomsonN7.Cert.fmat_psd ThomsonN7.Cert.okF ThomsonN7.Cert.TCert.K
ThomsonN7.Reg.W_0_4	theorem	4335	4336	ThomsonN7.Reg.W ThomsonN7.Reg.W_ne ThomsonN7.Base.phi ThomsonN7.R3 ThomsonN7.Base.c1 ThomsonN7.pentBipyramid ThomsonN7.Reg.g_0_4
ThomsonN7.Reg.mhi_25	theorem	7059	7060	ThomsonN7.Reg.mon_hi ThomsonN7.Reg.InBox
ThomsonN7.ThreePoint.dsum_perm_vut	theorem	1502	1507	ThomsonN7.ThreePoint.dsum_swap23 ThomsonN7.ThreePoint.dsum
ThomsonN7.ThreePoint.Zw.eq_1	theorem	0	0	ThomsonN7.cyl._proof_1 ThomsonN7.ThreePoint.Zw
ThomsonN7.M2.kB.eq_1	theorem	0	0	ThomsonN7.M2.K8 ThomsonN7.M2.K8.mk ThomsonN7.M2.kB
ThomsonN7.Glue.capSpec_of_contactsR	theorem	15842	15878	ThomsonN7.Glue.Coerce.Contact2R ThomsonN7.Cert.TCert.HBf ThomsonN7.Glue.capSpec_of_tcert ThomsonN7.Glue.Coerce.ContactA.ya1 ThomsonN7.Glue.Coerce.Contact1R.check ThomsonN7.Glue.Coerce.Contact2R.Dq ThomsonN7.Glue.Coerce.ContactA.ya2 ThomsonN7.Glue.Coerce.Contact2R.Q ThomsonN7.Glue.Coerce.Contact2R.q2 ThomsonN7.Glue.Coerce.ContactA.Dq ThomsonN7.Cert.polyR ThomsonN7.Glue.Coerce.Contact1R.q ThomsonN7.Cert.TCert.chkB ThomsonN7.Glue.Coerce.Contact1R.hB ThomsonN7.Cert.TCert.HA ThomsonN7.Glue.Coerce.Contact1R.g0n ThomsonN7.Glue.Coerce.ContactA.check ThomsonN7.Glue.Coerce.Contact1R.p ThomsonN7.Glue.Coerce.Contact1R.s ThomsonN7.Cert.TCert.checkMeta ThomsonN7.Cert.TCert.ef ThomsonN7.Base.c2 ThomsonN7.Glue.Coerce.Contact2R.g0n ThomsonN7.Glue.Coerce.Contact1R.Dq ThomsonN7.Cert.TCert.alo ThomsonN7.Glue.Coerce.Contact2R.p2 ThomsonN7.Glue.Coerce.Contact1R ThomsonN7.Cert.TCert.HCf ThomsonN7.Cert.TCert.HAf ThomsonN7.Base.phi ThomsonN7.Cert.TCert.HB ThomsonN7.Glue.Coerce.Contact2R.g0d ThomsonN7.Cert.TCert.HAf.eq_1 ThomsonN7.Cert.TCert.chkA ThomsonN7.Base.c1 ThomsonN7.Cert.TCert ThomsonN7.Cert.TCert.chkG ThomsonN7.Cert.TCert.Lam ThomsonN7.Cert.TCert.HC ThomsonN7.Glue.Coerce.ContactA.hA ThomsonN7.Glue.Coerce.Contact1R.g0d ThomsonN7.Glue.Coerce.Contact2R.s ThomsonN7.Glue.Coerce.ContactA.g0d ThomsonN7.Glue.Coerce.Contact2R.p1 ThomsonN7.Glue.Coerce.Contact2R.hC ThomsonN7.Glue.Coerce.ContactA ThomsonN7.Cert.TCert.HBf.eq_1 ThomsonN7.Cert.TCert.ahi ThomsonN7.Glue.Coerce.Contact2R.check ThomsonN7.Glue.CapSpec ThomsonN7.Glue.Coerce.ContactA.g0n ThomsonN7.Glue.Coerce.ContactA.Q ThomsonN7.Glue.polyR_eq_cut ThomsonN7.CutOneD.peval ThomsonN7.Glue.Coerce.Contact1R.Q ThomsonN7.Glue.Coerce.Contact2R.q1 ThomsonN7.Cert.TCert.HCf.eq_1
ThomsonN7.CutOneD.peval._unsafe_rec	def	0	0	ThomsonN7.CutOneD.peval._unsafe_rec ThomsonN7.CutOneD.peval.match_1
ThomsonN7.Case1.c1_stat_F3._proof_1	theorem	0	0	ThomsonN7.Case1.c1Stat ThomsonN7.Case1Data.cf ThomsonN7.Cert.Cert3.blk ThomsonN7.Case1.C1Stat ThomsonN7.Cert.Cert3.m ThomsonN7.Cert.Cert3.n ThomsonN7.Cert.fkE ThomsonN7.Case1.c1FtotK
ThomsonN7.Reg.CP_51.eq_1	theorem	0	0	ThomsonN7.triCapPrism._proof_2 ThomsonN7.RegB.phiCos._proof_1 ThomsonN7.Reg.CP_51
_private.ThomsonN7.Solution.0.ThomsonN7.Kron.Ex.pw.match_1.eq_1	theorem	0	0	ThomsonN7.Kron.Ex.pw.match_1
ThomsonN7.M2.Pl.pow	def	3079	3082	ThomsonN7.M2.K8 ThomsonN7.M2.Pl.pow._f
ThomsonN7.Reg.crit_3_x	theorem	4480	4482	ThomsonN7.Reg.hF1 ThomsonN7.Base.c2 ThomsonN7.Base.c1 ThomsonN7.Reg.hF4
ThomsonN7.Kron.Ex.subst.eq_3	theorem	0	0	ThomsonN7.Kron.Ex.subst ThomsonN7.Kron.Ex.add ThomsonN7.Kron.Ex
ThomsonN7.Cert.rowsN.eq_def	theorem	0	0	ThomsonN7.Cert.rowsN._f ThomsonN7.Cert.dotN ThomsonN7.Cert.rowsN _private.ThomsonN7.Solution.0.ThomsonN7.Cert.unpackI.match_1.splitter ThomsonN7.Cert.unpackI.match_1
ThomsonN7.CutOneD.peval_sqSum	theorem	9196	9202	ThomsonN7.CutOneD.sqSum ThomsonN7.CutOneD.padd ThomsonN7.CutOneD.peval_padd ThomsonN7.CutOneD.peval_pscale ThomsonN7.CutOneD.sqEval ThomsonN7.CutOneD.pscale ThomsonN7.CutOneD.pmul ThomsonN7.CutOneD.peval.eq_1 ThomsonN7.CutOneD.peval_pmul ThomsonN7.CutOneD.peval
ThomsonN7.Cert.unpackI.eq_def	theorem	0	0	_private.ThomsonN7.Solution.0.ThomsonN7.Cert.unpackI.match_1.splitter ThomsonN7.Cert.unpackI.match_1 ThomsonN7.Cert.unpackI ThomsonN7.Cert.unpackI._f
ThomsonN7.Cert.tc_cap_FP4	def	15913	15916	ThomsonN7.Cert.Blk ThomsonN7.Cert.mkBlk
ThomsonN7.Reg.kk_13_15	theorem	8120	8122	ThomsonN7.Reg.cross_of_enc
ThomsonN7.Cert.gramOK_swap23	theorem	2572	2574	ThomsonN7.cyl._proof_1 ThomsonN7.ThreePoint.GramOK
ThomsonN7.Cert.TCert.ef.eq_1	theorem	0	0	ThomsonN7.Cert.TCert.ef ThomsonN7.Cert.TCert ThomsonN7.Cert.TCert.Lam ThomsonN7.Cert.TCert.e
ThomsonN7.Case1Data.S1_B_l_30	def	9793	9793	
ThomsonN7.Cert.TCert.ψCbf	def	14967	14968	ThomsonN7.Cert.polyR ThomsonN7.Cert.TCert.ψCb ThomsonN7.Cert.TCert ThomsonN7.Cert.TCert.Lam
ThomsonN7.ThreePoint.dsum_os6	theorem	10757	10768	ThomsonN7.ThreePoint.dsum_cyc ThomsonN7.ThreePoint.dsum_swap23 ThomsonN7.ThreePoint.dsum_swap12 ThomsonN7.ThreePoint.dsum ThomsonN7.ThreePoint.dsum_add
ThomsonN7.Cert.chk_sound	theorem	2682	2689	ThomsonN7.Kron.Ex.dy ThomsonN7.Kron.Ex.ev_eq_zero_of_kev ThomsonN7.Kron.Ex.kev ThomsonN7.Kron.Ex.dz ThomsonN7.Cert.chk ThomsonN7.Kron.Ex.dx ThomsonN7.Cert.chk_sound._proof_2 ThomsonN7.Kron.Ex.ev ThomsonN7.Kron.Ex ThomsonN7.Kron.Ex.l1 ThomsonN7.Cert.chk_sound._proof_3 ThomsonN7.Cert.chk_sound._proof_1
ThomsonN7.Case1Data.S0_B_D_54	def	9756	9756	
ThomsonN7.Reg.kk_4_4	theorem	7883	7885	ThomsonN7.Reg.diag_of_enc
ThomsonN7.CutOneD.Cert	induct	9211	9218	ThomsonN7.CutOneD.Cert.mk
ThomsonN7.Cert.zmon.eq_1	theorem	0	0	ThomsonN7.Cert.zmon ThomsonN7.Kron.Ex.mon ThomsonN7.Kron.Ex ThomsonN7.Cert.zt
ThomsonN7.Glue.Coerce.Contact2R.mk.sizeOf_spec	theorem	0	0	ThomsonN7.Glue.Coerce.Contact2R ThomsonN7.Glue.Coerce.Contact2R.mk ThomsonN7.Glue.Coerce.BPiece ThomsonN7.Glue.Coerce.Contact2R._sizeOf_inst ThomsonN7.Glue.Coerce.BPiece._sizeOf_inst
ThomsonN7.SlabOneD.Slab_s98_96.termHC_2	def	16807	16808	ThomsonN7.SlabOneD.Term ThomsonN7.SlabOneD.Term.mk
ThomsonN7.Reg.kk_8_18	theorem	8021	8023	ThomsonN7.Reg.cross_of_enc
ThomsonN7.Cert.transposeSq.eq_1	theorem	0	0	ThomsonN7.Cert.transposeSq
ThomsonN7.SlabOneD.all_zero_of_evalZ._f	def	0	0	ThomsonN7.SlabOneD.evalZ ThomsonN7.SlabOneD.all_zero_of_evalZ.match_1
ThomsonN7.Cert.zzmon	def	2476	2478	ThomsonN7.Kron.Ex.mon ThomsonN7.Kron.Ex ThomsonN7.Cert.zt
ThomsonN7.Reg.CP_48.eq_1	theorem	0	0	ThomsonN7.triCapPrism._proof_1 ThomsonN7.cyl._proof_1 ThomsonN7.Reg.CP_48 ThomsonN7.Base.c1._proof_1
ThomsonN7.RegB.energy_identity	theorem	5121	5138	ThomsonN7.coulombEnergy ThomsonN7.RegB.quadPart ThomsonN7.RegB.breg ThomsonN7.RegB.phi_sub_eq_linear_add_breg ThomsonN7.Base.pent_norm ThomsonN7.Base.phi ThomsonN7.R3 ThomsonN7.RegB.t0 ThomsonN7.Base.coulombEnergy_eq_sum_phi ThomsonN7.pentBipyramid ThomsonN7.RegB.linear_part
ThomsonN7.Reg.kk_5_17	theorem	7934	7936	ThomsonN7.Reg.cross_of_enc
ThomsonN7.Reg.Qhess	def	8358	8363	ThomsonN7.Reg.W ThomsonN7.triCapPrism._proof_1 ThomsonN7.Base.phi ThomsonN7.Reg.gP ThomsonN7.cyl._proof_1 ThomsonN7.R3 ThomsonN7.Reg.muP ThomsonN7.pentBipyramid
ThomsonN7.Case1Data.S1_B_D_29	def	9828	9828	
ThomsonN7.Reg.CP_40.eq_1	theorem	0	0	ThomsonN7.triCapPrism._proof_1 ThomsonN7.triCapPrism._proof_2 ThomsonN7.RegB.phiCos._proof_1 ThomsonN7.Reg.CP_40 ThomsonN7.Base.c1._proof_1
ThomsonN7.Cert.domAll.eq_1	theorem	0	0	ThomsonN7.Cert.domAll
ThomsonN7.Case1Data.S3_B_l_21	def	9936	9936	
ThomsonN7.Case1Data.S4_B_D_25	def	10052	10052	
ThomsonN7.Cert.tc_s94_93_SB3	def	17306	17310	ThomsonN7.Cert.TBlk ThomsonN7.Cert.TBlk.mk
ThomsonN7.SlabOneD.sumTermsB._f	def	0	0	ThomsonN7.SlabOneD.sumTerms.match_1 ThomsonN7.SlabOneD.Term ThomsonN7.SlabOneD.Term.sq ThomsonN7.SlabOneD.multB ThomsonN7.SlabOneD.sqSumB ThomsonN7.SlabOneD.Par
ThomsonN7.Case1Data.S4_B_l_22	def	10013	10013	
ThomsonN7.TwoRegime.regimeB_of_rigidW_localGram	theorem	5848	5867	ThomsonN7.coulombEnergy ThomsonN7.Base.coulombEnergy_comp_isometry ThomsonN7.SphereConfig ThomsonN7.TwoRegime.GramRigidW ThomsonN7.TwoRegime.LocalGram ThomsonN7.cyl._proof_1 ThomsonN7.R3 ThomsonN7.TwoRegime.sumW ThomsonN7.Base.sphereConfig_comp ThomsonN7.Base.coulombEnergy_comp_perm ThomsonN7.pentBipyramid ThomsonN7.TwoRegime.RegimeB
ThomsonN7.TwoRegime.LocalGram	def	5791	5801	ThomsonN7.coulombEnergy ThomsonN7.SphereConfig ThomsonN7.cyl._proof_1 ThomsonN7.R3 ThomsonN7.pentBipyramid
ThomsonN7.Cert.mkBlk	def	13790	13792	ThomsonN7.Cert.Blk ThomsonN7.Cert.unpackM ThomsonN7.Cert.Blk.mk ThomsonN7.Cert.unpackI
ThomsonN7.Kron.Ex.kev._unsafe_rec	def	0	0	ThomsonN7.Kron.Ex.kev._unsafe_rec ThomsonN7.Kron.Ex.ev.match_1 ThomsonN7.Kron.Ex
ThomsonN7.T4.pidx	def	11732	11733	
ThomsonN7.Kron.Ex.pw	def	2027	2033	ThomsonN7.Kron.Ex.mon ThomsonN7.Kron.Ex.pw.match_1 ThomsonN7.Kron.Ex.c ThomsonN7.Kron.Ex
ThomsonN7.M3.emb.eq_1	theorem	0	0	ThomsonN7.M3.emb ThomsonN7.M3.sqrt5'
ThomsonN7.Glue.Coerce.Contact1._sizeOf_inst	def	0	0	ThomsonN7.Glue.Coerce.Contact1._sizeOf_1 ThomsonN7.Glue.Coerce.Contact1
ThomsonN7.Cert.TCert.HAf.eq_1	theorem	0	0	ThomsonN7.Cert.polyR ThomsonN7.Cert.TCert.HA ThomsonN7.Cert.TCert.HAf ThomsonN7.Cert.TCert ThomsonN7.Cert.TCert.Lam
ThomsonN7.Kron.Ex.smul.eq_1	theorem	0	0	ThomsonN7.Kron.Ex.mul ThomsonN7.Kron.Ex.c ThomsonN7.Kron.Ex ThomsonN7.Kron.Ex.smul
ThomsonN7.Base.c2	def	416	417	ThomsonN7.pentBipyramid._proof_1 ThomsonN7.Base.c1._proof_1
ThomsonN7.Reg.W_6_4	theorem	4456	4457	ThomsonN7.Reg.W ThomsonN7.Reg.W_ne ThomsonN7.Base.phi ThomsonN7.R3 ThomsonN7.Reg.g_6_4 ThomsonN7.pentBipyramid
ThomsonN7.Cert.TCert.HB	def	14850	14850	ThomsonN7.Cert.TCert
ThomsonN7.Cert.TCert.SB	def	14860	14860	ThomsonN7.Cert.TBlk ThomsonN7.Cert.TCert
ThomsonN7.Glue.tcert_bound	theorem	15607	15617	ThomsonN7.Cert.TCert.HBf ThomsonN7.Cert.TCert.chkB ThomsonN7.Glue.cls3 ThomsonN7.SphereConfig ThomsonN7.Cert.TCert.checkMeta ThomsonN7.Cert.TCert.ef ThomsonN7.Cert.TCert.alo ThomsonN7.Cert.TCert.HCf ThomsonN7.Cert.TCert.HAf ThomsonN7.Glue.sum_H7_eq_sum_cls3 ThomsonN7.Cert.TCert.chkA ThomsonN7.R3 ThomsonN7.Cert.TCert ThomsonN7.Cert.TCert.sound_lo ThomsonN7.Cert.TCert.chkG ThomsonN7.ThreePoint.H7 ThomsonN7.Cert.TCert.ahi
ThomsonN7.Glue.Concl	def	12024	12028	ThomsonN7.coulombEnergy ThomsonN7.R3 ThomsonN7.pentBipyramid
ThomsonN7.RegB.t0_24	theorem	4940	4941	ThomsonN7.RegB.t0_ring_lt ThomsonN7.Base.cos_4pi5 ThomsonN7.Base.c2 ThomsonN7.RegB.t0
ThomsonN7.CutOneD.Cert.mk.injEq	theorem	0	0	ThomsonN7.CutOneD.Cert.mk ThomsonN7.CutOneD.Cert.mk.inj ThomsonN7.CutOneD.Cert
ThomsonN7.Cert.Blk.dq	def	2167	2168	ThomsonN7.Cert.Blk.d ThomsonN7.Cert.Blk
ThomsonN7.M2.K8.tl	def	2919	2920	
ThomsonN7.RegB.norm_poleSum_sq	theorem	4989	4994	ThomsonN7.RegB.poleSum ThomsonN7.M3.firstWhere._proof_1 ThomsonN7.R3
ThomsonN7.M2.Pl.add.eq_def	theorem	0	0	ThomsonN7.M2.K8.add ThomsonN7.M2.K8 ThomsonN7.M2.Pl.add._f _private.ThomsonN7.Solution.0.ThomsonN7.M2.Pl.add.match_1.splitter ThomsonN7.M2.Pl.add.match_1 ThomsonN7.M2.Pl.add
ThomsonN7.CutOneD.cutCert	def	9284	9571	ThomsonN7.CutOneD.Cert.mk ThomsonN7.CutOneD.Cert
ThomsonN7.Case1Data.S2_B_D_23	def	9898	9898	
ThomsonN7.GV.abs_mul_le'	theorem	5280	5282	
ThomsonN7.triCapPrism.eq_1	theorem	0	0	ThomsonN7.triCapPrism._proof_1 ThomsonN7.triCapPrism._proof_2 ThomsonN7.cyl._proof_1 ThomsonN7.R3 ThomsonN7.cyl ThomsonN7.triCapPrism
ThomsonN7.Reg.ss_3	theorem	8219	8219	
ThomsonN7.Cert.offAbs.eq_1	theorem	0	0	ThomsonN7.Cert.offAbs
ThomsonN7.Cert.codeE.eq_12	theorem	0	0	ThomsonN7.Kron.Ex.V ThomsonN7.Kron.Ex.sub ThomsonN7.Kron.Ex.c ThomsonN7.Kron.Ex ThomsonN7.Kron.Ex.smul ThomsonN7.Cert.codeE
ThomsonN7.Glue.Coerce.Contact2.check	def	13279	13285	ThomsonN7.Glue.Coerce.Contact2.q2 ThomsonN7.CutOneD.pneg ThomsonN7.CutOneD.padd ThomsonN7.Glue.Coerce.Contact2 ThomsonN7.Glue.Coerce.chainOK ThomsonN7.Glue.Coerce.Contact2.p2 ThomsonN7.Glue.Coerce.Fpoly ThomsonN7.Glue.Coerce.Contact2.pieces ThomsonN7.Glue.Coerce.Contact2.G ThomsonN7.Glue.Coerce.Contact2.q1 ThomsonN7.Glue.Coerce.Contact2.Q ThomsonN7.Glue.Coerce.lin ThomsonN7.CutOneD.pscale ThomsonN7.Glue.Coerce.Contact2.g0d ThomsonN7.CutOneD.pmul ThomsonN7.Glue.Coerce.Contact2.g0n ThomsonN7.Glue.Coerce.Contact2.Dq ThomsonN7.Glue.Coerce.Contact2.p1
ThomsonN7.Case1Data.S2_B_D_26	def	9901	9901	
ThomsonN7.Glue.Coerce.ContactA.recOn	def	13357	13367	ThomsonN7.Glue.Coerce.ContactA.rec ThomsonN7.Glue.Coerce.BPiece ThomsonN7.Glue.Coerce.ContactA.mk ThomsonN7.Glue.Coerce.ContactA
ThomsonN7.Reg.CP_50	def	6787	6787	ThomsonN7.triCapPrism._proof_1 ThomsonN7.cyl._proof_1 ThomsonN7.Base.c1._proof_1
ThomsonN7.Base.inner_le_one_of_unit	theorem	329	331	ThomsonN7.R3
ThomsonN7.Kron.digit_unique._proof_3	theorem	0	0	
ThomsonN7.Case1Data.S0_B_D_26	def	9728	9728	
ThomsonN7.Reg.kk_12_12	theorem	8099	8101	ThomsonN7.Reg.diag_of_enc
ThomsonN7.Cert.SBlk.mk._flat_ctor	def	0	0	ThomsonN7.Cert.SBlk ThomsonN7.Cert.Blk ThomsonN7.Cert.SBlk.mk
ThomsonN7.M2.K8.x5	def	2853	2853	ThomsonN7.M2.K8
ThomsonN7.M2.Pl.mul.eq_2	theorem	0	0	ThomsonN7.M2.K8 ThomsonN7.M2.Pl.scale ThomsonN7.M2.K8.zero ThomsonN7.M2.Pl.mul ThomsonN7.M2.Pl.add
ThomsonN7.M6.chk4.eq_1	theorem	0	0	ThomsonN7.M6.chk4 ThomsonN7.M6.Box6
ThomsonN7.Reg.W_2_4	theorem	4375	4376	ThomsonN7.Reg.W ThomsonN7.Reg.W_ne ThomsonN7.Reg.g_2_4 ThomsonN7.Base.c2 ThomsonN7.Base.phi ThomsonN7.R3 ThomsonN7.pentBipyramid
ThomsonN7.Case1Data.S1_B_D_3	def	9802	9802	
ThomsonN7.Cert.tc_s93_90_SB3	def	17635	17639	ThomsonN7.Cert.TBlk ThomsonN7.Cert.TBlk.mk
ThomsonN7.Base.neg_one_le_inner_of_unit	theorem	333	337	ThomsonN7.R3
ThomsonN7.M2.bU	def	2940	2940	ThomsonN7.M2.bL
ThomsonN7.Cert.tc_s93_90_FP1	def	17526	17529	ThomsonN7.Cert.Blk ThomsonN7.Cert.mkBlk
ThomsonN7.SlabOneD.all_zero_of_evalZ	theorem	15480	15494	ThomsonN7.SlabOneD.all_zero_of_evalZ._f ThomsonN7.SlabOneD.evalZ
ThomsonN7.Kron.Ex.toList._f	def	0	0	ThomsonN7.Kron.Ex.Term ThomsonN7.Kron.Ex.below ThomsonN7.Kron.Ex.mul ThomsonN7.Kron.Ex.mon ThomsonN7.Kron.Ex.add ThomsonN7.Kron.Ex.ev.match_1 ThomsonN7.Kron.Ex.c ThomsonN7.Kron.Ex
ThomsonN7.M3.colorOf	def	3836	3838	ThomsonN7.M3.cP._proof_1 ThomsonN7.M3.cosA
ThomsonN7.Reg.kk_2_5	theorem	7823	7825	ThomsonN7.Reg.cross_of_enc
ThomsonN7.Cert.codeE.eq_4	theorem	0	0	ThomsonN7.Kron.Ex.V ThomsonN7.Kron.Ex.sub ThomsonN7.Kron.Ex.T ThomsonN7.Kron.Ex.mul ThomsonN7.Kron.Ex.U ThomsonN7.Kron.Ex.add ThomsonN7.Kron.Ex.c ThomsonN7.Kron.Ex ThomsonN7.Kron.Ex.smul ThomsonN7.Kron.Ex.sq ThomsonN7.Cert.codeE
ThomsonN7.Kron.Ex.deg_le._proof_18	theorem	0	0	ThomsonN7.Kron.Ex.Term ThomsonN7.Kron.Ex.dy ThomsonN7.Kron.Ex.dz ThomsonN7.Kron.Ex.dx ThomsonN7.Kron.Ex
ThomsonN7.Case1Data.S4_B_l_15	def	10006	10006	
ThomsonN7.Case1Data.S2_B_D_11	def	9886	9886	
ThomsonN7.SlabOneD.compQ._f	def	0	0	ThomsonN7.SlabOneD.padd ThomsonN7.SlabOneD.pmul ThomsonN7.CutOneD.compQ.match_1
ThomsonN7.Glue.cls3_symm	theorem	12138	12140	ThomsonN7.Glue.cls3 ThomsonN7.Glue.cls3_symm._simp_2 ThomsonN7.Glue.cls3_symm._simp_1
ThomsonN7.ThreePoint.dsum_swap12	theorem	1484	1494	ThomsonN7.ThreePoint.dsum
ThomsonN7.Cert.unpackI_natAbs_le._f	def	0	0	ThomsonN7.Cert.unpackI_natAbs_le._simp_4 ThomsonN7.Cert.natAbs_field_le ThomsonN7.Cert.unpackI ThomsonN7.Cert.unpackI_natAbs_le.match_1
ThomsonN7.Reg.g_2_6	theorem	4249	4250	ThomsonN7.Base.pent_inner_south ThomsonN7.R3 ThomsonN7.pentBipyramid
ThomsonN7.Cert.TBlk.B	def	14095	14096	ThomsonN7.Cert.TBlk.BD ThomsonN7.Cert.TBlk.xl ThomsonN7.Cert.TBlk.xD ThomsonN7.Cert.Blk ThomsonN7.Cert.TBlk ThomsonN7.Cert.TBlk.xd ThomsonN7.Cert.TBlk.Bd ThomsonN7.Cert.mkBlk ThomsonN7.Cert.TBlk.r ThomsonN7.Cert.TBlk.Bl
ThomsonN7.Case1Data.S5_B_l_31	def	10098	10098	
ThomsonN7.Reg.muP_5	theorem	4524	4526	ThomsonN7.Reg.W_5_1 ThomsonN7.Reg.W ThomsonN7.Reg.W_5_6 ThomsonN7.Reg.W_5_5 ThomsonN7.Reg.g_5_1 ThomsonN7.Reg.g_5_6 ThomsonN7.Reg.g_5_0 ThomsonN7.Reg.g_5_4 ThomsonN7.Reg.W_5_0 ThomsonN7.Reg.g_5_3 ThomsonN7.Reg.W_5_3 ThomsonN7.Base.phi ThomsonN7.cyl._proof_1 ThomsonN7.Reg.W_5_2 ThomsonN7.R3 ThomsonN7.Reg.W_5_4 ThomsonN7.Reg.g_5_2 ThomsonN7.Reg.muP ThomsonN7.pentBipyramid
ThomsonN7.RegB.quadPart_le_energy_sub	theorem	5166	5177	ThomsonN7.coulombEnergy ThomsonN7.RegB.quadPart ThomsonN7.RegB.breg ThomsonN7.RegB.breg_nonneg ThomsonN7.Base.inner_lt_one_of_ne ThomsonN7.SphereConfig ThomsonN7.RegB.t0_lt_one ThomsonN7.R3 ThomsonN7.RegB.t0 ThomsonN7.RegB.energy_identity ThomsonN7.pentBipyramid
ThomsonN7.Final.a.eq_6	theorem	0	0	ThomsonN7.Final.a._proof_5 ThomsonN7.Final.a._proof_4 _private.ThomsonN7.Solution.0.ThomsonN7.Cert.perm3.match_1.eq_6 ThomsonN7.Final.a._proof_3 ThomsonN7.Final.a._proof_2 ThomsonN7.Final.a._proof_7 ThomsonN7.RegB.quadPart._proof_1 ThomsonN7.Cert.perm3.match_1 ThomsonN7.Final.a._proof_8 ThomsonN7.Final.a ThomsonN7.Final.a._proof_6 ThomsonN7.Final.a._proof_1 ThomsonN7.Reg.CP_56._proof_2
ThomsonN7.Reg.CP_8	def	6745	6745	ThomsonN7.cyl._proof_1 ThomsonN7.Base.c1._proof_1
ThomsonN7.Case1Data.S2_B_D_5	def	9880	9880	
ThomsonN7.Case1Data.S5_B_l_30	def	10097	10097	
ThomsonN7.RegB.cos_12pi5	theorem	4979	4980	ThomsonN7.Base.c1 ThomsonN7.Base.cos_2pi5
ThomsonN7.Case1Data.S2_B_D_27	def	9902	9902	
ThomsonN7.Reg.W_5_1	theorem	4427	4428	ThomsonN7.Reg.W ThomsonN7.Reg.W_ne ThomsonN7.Reg.g_5_1 ThomsonN7.Base.phi ThomsonN7.R3 ThomsonN7.pentBipyramid
ThomsonN7.Glue.Coerce.PlainCert.Dq	def	13123	13123	ThomsonN7.Glue.Coerce.PlainCert
ThomsonN7.Case1Data.S3_B_l_30	def	9945	9945	
ThomsonN7.Reg.kk_11_14	theorem	8078	8080	ThomsonN7.Reg.cross_of_enc
ThomsonN7.M2.K8.toReal	def	2860	2863	ThomsonN7.M2.K8.x4 ThomsonN7.M2.K8.x1 ThomsonN7.M2.K8 ThomsonN7.M2.ra ThomsonN7.M2.K8.x3 ThomsonN7.M2.K8.x7 ThomsonN7.M2.rb ThomsonN7.M2.K8.x2 ThomsonN7.M2.K8.x6 ThomsonN7.M2.K8.x5 ThomsonN7.M2.K8.x0
ThomsonN7.Case1.c1Stat_c	theorem	10340	10340	ThomsonN7.Case1.c1Stat ThomsonN7.Case1.C1Stat ThomsonN7.Kron.Ex.c ThomsonN7.Case1.c1C
ThomsonN7.T4.sig7_injective	theorem	11787	11810	ThomsonN7.T4.pentIdx ThomsonN7.T4.sig7_injective._proof_5 ThomsonN7.T4.sig7 ThomsonN7.T4.sig7_injective._proof_6 ThomsonN7.T4.sig7_injective._proof_7 ThomsonN7.T4.sig7_injective._proof_3 ThomsonN7.T4.sig7._proof_3 ThomsonN7.T4.sig7_injective._proof_2 ThomsonN7.T4.sig7_injective._proof_4 ThomsonN7.T4.sig7._proof_4 ThomsonN7.T4.pentIdx._proof_2
ThomsonN7.Cert.Cert3.Hf_sum	theorem	2740	2748	ThomsonN7.Cert.Cert3 ThomsonN7.Cert.Cert3.Hf ThomsonN7.Cert.Cert3.h ThomsonN7.Cert.Cert3.Lam
ThomsonN7.Base.IsNode	def	483	484	ThomsonN7.Base.c2 ThomsonN7.Base.c1
ThomsonN7.Reg.kk_3_15	theorem	7871	7873	ThomsonN7.Reg.cross_of_enc
ThomsonN7.ThreePoint.Q3.eq_2	theorem	0	0	ThomsonN7.ThreePoint.Q3
ThomsonN7.M3.cos_pent_diff	theorem	3638	3663	ThomsonN7.M3.cos_four_pi_div_five ThomsonN7.M3.cos_eight_pi_div_five ThomsonN7.M3.cos_two_pi_div_five ThomsonN7.M3.cos_pent_diff._proof_1 ThomsonN7.M3.cos_six_pi_div_five ThomsonN7.M3.cosA ThomsonN7.M3.cosB
ThomsonN7.Case1Data.S4_B_D_24	def	10051	10051	
ThomsonN7.Case1.eps_ge	theorem	10481	10491	ThomsonN7.Case1Data.cf ThomsonN7.Cert.Cert3.eps ThomsonN7.Cert.Cert3.Lam ThomsonN7.Case1.eps_ge._proof_2 ThomsonN7.Case1.eps_ge._proof_1
ThomsonN7.Reg.kk_0_18	theorem	7784	7786	ThomsonN7.Reg.cross_of_enc
ThomsonN7.Case1Data.S4_B_D_3	def	10030	10030	
ThomsonN7.Glue.Coerce.Contact2.noConfusionType	def	0	0	ThomsonN7.Glue.Coerce.Contact2 ThomsonN7.Glue.Coerce.BPiece ThomsonN7.Glue.Coerce.Contact2.casesOn
ThomsonN7.Cert.TCert.hFP	theorem	14985	14986	ThomsonN7.Cert.TCert.SA ThomsonN7.Cert.TCert.checkMeta_parts ThomsonN7.Cert.TCert.bd ThomsonN7.Cert.TCert.SG ThomsonN7.Cert.TCert.mA ThomsonN7.Cert.Blk.ok ThomsonN7.Cert.TCert.FPm ThomsonN7.Cert.TCert.SB ThomsonN7.Cert.TCert.mB ThomsonN7.Cert.TCert.ad ThomsonN7.Cert.TCert.checkMeta ThomsonN7.Cert.TCert.m ThomsonN7.Cert.TCert.blkR ThomsonN7.Cert.TCert.mG ThomsonN7.Cert.TBlk ThomsonN7.Cert.TCert.blkP ThomsonN7.Cert.TBlk.z ThomsonN7.Cert.TCert ThomsonN7.Cert.TCert.Lam ThomsonN7.Cert.TBlk.B ThomsonN7.Cert.fmat_psd ThomsonN7.Cert.okF ThomsonN7.Cert.TCert.K
ThomsonN7.Cert.degK_linF_le._f	def	0	0	ThomsonN7.Cert.degK.eq_1 ThomsonN7.Kron.Ex.mon ThomsonN7.Cert.proj ThomsonN7.Cert.degK.eq_3 ThomsonN7.Cert.degK_linF_le.match_1 ThomsonN7.Cert.smulNZ ThomsonN7.Cert.degK_linF_le._proof_2 ThomsonN7.Cert.degK_smulNZ_le ThomsonN7.Cert.linF ThomsonN7.Cert.mxs ThomsonN7.Cert.degK
ThomsonN7.Cert.TCert.noConfusionType	def	0	0	ThomsonN7.Cert.Blk ThomsonN7.Cert.TBlk ThomsonN7.Cert.TCert.casesOn ThomsonN7.Cert.TCert
ThomsonN7.Cert.codeE.eq_2	theorem	0	0	ThomsonN7.Kron.Ex.V ThomsonN7.Kron.Ex.sub ThomsonN7.Kron.Ex.c ThomsonN7.Kron.Ex ThomsonN7.Kron.Ex.sq ThomsonN7.Cert.codeE
ThomsonN7.CutOneD.Cert.casesOn	def	9211	9218	ThomsonN7.CutOneD.Cert.mk ThomsonN7.CutOneD.Cert.rec ThomsonN7.CutOneD.Cert
ThomsonN7.Reg.kk_9_18	theorem	8048	8050	ThomsonN7.Reg.cross_of_enc
ThomsonN7.Case1Data.S1_B_l_7	def	9770	9770	
ThomsonN7.M3.ok4_of_det4h	theorem	3600	3611	ThomsonN7.M3.emb ThomsonN7.M3.det4h ThomsonN7.M3.det4h_scale ThomsonN7.M3.map_det4h ThomsonN7.M3.tab4_correct ThomsonN7.M3.ok4 ThomsonN7.M3.emb_injective ThomsonN7.M3.emb_val4 ThomsonN7.M3.val ThomsonN7.M3.emb_apply ThomsonN7.M3.val4
ThomsonN7.M2.Pl.eval_pow._f	def	0	0	ThomsonN7.M2.K8.toReal_one ThomsonN7.M2.K8 ThomsonN7.M2.K8.toReal ThomsonN7.M2.Pl.eval_mul ThomsonN7.M2.Pl.pow ThomsonN7.M2.K8.one ThomsonN7.M2.Pl.eval.eq_2 ThomsonN7.M2.Pl.mul ThomsonN7.M2.Pl.eval_pow.match_1 ThomsonN7.M2.Pl.eval
ThomsonN7.M2.Pl.comp	def	3088	3091	ThomsonN7.M2.Pl.comp._f ThomsonN7.M2.K8
ThomsonN7.SlabOneD.peval.eq_def	theorem	0	0	ThomsonN7.SlabOneD.peval _private.ThomsonN7.Solution.0.ThomsonN7.CutOneD.peval.match_1.splitter ThomsonN7.CutOneD.peval.match_1 ThomsonN7.SlabOneD.peval._f
ThomsonN7.Kron.Ex.T.eq_1	theorem	0	0	ThomsonN7.Kron.Ex.T ThomsonN7.Kron.Ex.mon ThomsonN7.Kron.Ex
ThomsonN7.Cert.tc_s98_96_FP4	def	16554	16557	ThomsonN7.Cert.Blk ThomsonN7.Cert.mkBlk
ThomsonN7.Reg.pb_0_5	theorem	8802	8803	ThomsonN7.Reg.phi_zero_le ThomsonN7.Base.phi ThomsonN7.Reg.gP ThomsonN7.Reg.gP_0_5
ThomsonN7.M3.emb_injective._proof_3	theorem	0	0	
ThomsonN7.ThreePoint.dsum_pair13	theorem	873	876	ThomsonN7.ThreePoint.dsum_pair12 ThomsonN7.ThreePoint.dsum_swap23 ThomsonN7.ThreePoint.dsum
ThomsonN7.Case1Data.S2_B_l	def	9874	9874	ThomsonN7.Case1Data.S2_B_l_13 ThomsonN7.Case1Data.S2_B_l_15 ThomsonN7.Case1Data.S2_B_l_27 ThomsonN7.Case1Data.S2_B_l_16 ThomsonN7.Case1Data.S2_B_l_12 ThomsonN7.Case1Data.S2_B_l_22 ThomsonN7.Case1Data.S2_B_l_21 ThomsonN7.Case1Data.S2_B_l_3 ThomsonN7.Case1Data.S2_B_l_8 ThomsonN7.Case1Data.S2_B_l_18 ThomsonN7.Case1Data.S2_B_l_14 ThomsonN7.Case1Data.S2_B_l_6 ThomsonN7.Case1Data.S2_B_l_29 ThomsonN7.Case1Data.S2_B_l_17 ThomsonN7.Case1Data.S2_B_l_26 ThomsonN7.Case1Data.S2_B_l_28 ThomsonN7.Case1Data.S2_B_l_5 ThomsonN7.Case1Data.S2_B_l_25 ThomsonN7.Case1Data.S2_B_l_4 ThomsonN7.Case1Data.S2_B_l_10 ThomsonN7.Case1Data.S2_B_l_24 ThomsonN7.Case1Data.S2_B_l_19 ThomsonN7.Case1Data.S2_B_l_11 ThomsonN7.Case1Data.S2_B_l_31 ThomsonN7.Case1Data.S2_B_l_33 ThomsonN7.Case1Data.S2_B_l_2 ThomsonN7.Case1Data.S2_B_l_30 ThomsonN7.Case1Data.S2_B_l_34 ThomsonN7.Case1Data.S2_B_l_23 ThomsonN7.Case1Data.S2_B_l_0 ThomsonN7.Case1Data.S2_B_l_32 ThomsonN7.Case1Data.S2_B_l_9 ThomsonN7.Case1Data.S2_B_l_1 ThomsonN7.Case1Data.S2_B_l_20 ThomsonN7.Case1Data.S2_B_l_7
ThomsonN7.ThreePoint.matDot_moment_nonneg	theorem	698	728	ThomsonN7.ThreePoint.bv_positivity ThomsonN7.ThreePoint.matDot ThomsonN7.ThreePoint.S3 ThomsonN7.R3
ThomsonN7.Case1Data.S2_B_D_7	def	9882	9882	
ThomsonN7.M2.bU.eq_1	theorem	0	0	ThomsonN7.M2.bL ThomsonN7.M2.bU
ThomsonN7.Case1Data.S0_B_l_46	def	9691	9691	
ThomsonN7.Reg.W_3_1	theorem	4387	4388	ThomsonN7.Reg.W ThomsonN7.Reg.W_ne ThomsonN7.Reg.g_3_1 ThomsonN7.Base.c2 ThomsonN7.Base.phi ThomsonN7.R3 ThomsonN7.pentBipyramid
ThomsonN7.Kron.Ex.Wk_zero	theorem	1734	1734	ThomsonN7.Kron.Ex.Wk
ThomsonN7.Glue.Coerce.ppow._f	def	0	0	ThomsonN7.CutOneD.pmul ThomsonN7.M2.Pl.pow.match_1
ThomsonN7.Reg.pent_6'	theorem	4169	4170	ThomsonN7.cyl._proof_1 ThomsonN7.R3 ThomsonN7.cyl ThomsonN7.pent_six ThomsonN7.pentBipyramid
ThomsonN7.Reg.kk_4_16	theorem	7907	7909	ThomsonN7.Reg.cross_of_enc
ThomsonN7.Glue.Coerce.ppow	def	12934	12937	ThomsonN7.Glue.Coerce.ppow._f
ThomsonN7.Cert.gmE.eq_1	theorem	0	0	ThomsonN7.Cert.sbst ThomsonN7.Kron.Ex.add ThomsonN7.Kron.Ex ThomsonN7.Cert.gmE
ThomsonN7.Reg.ss_8	theorem	8224	8224	
ThomsonN7.Reg.CP_37	def	6774	6774	ThomsonN7.triCapPrism._proof_1 ThomsonN7.cyl._proof_1 ThomsonN7.RegB.phiCos._proof_1
ThomsonN7.Case1Data.S3_B_l_27	def	9942	9942	
ThomsonN7.SlabOneD.Slab_s94_93.termHC_2	def	17465	17466	ThomsonN7.SlabOneD.Term ThomsonN7.SlabOneD.Term.mk
ThomsonN7.Reg.CP_25	def	6762	6762	ThomsonN7.triCapPrism._proof_2 ThomsonN7.RegB.phiCos._proof_1
ThomsonN7.ThreePoint.sum_all_eq	theorem	740	770	ThomsonN7.ThreePoint.sum_S3_eq_sum_Y3._simp_1 ThomsonN7.ThreePoint.dsum
ThomsonN7.Reg.mlo_24	theorem	7053	7054	ThomsonN7.Reg.mon_lo ThomsonN7.Reg.InBox
ThomsonN7.Cert.degK	def	14285	14290	ThomsonN7.Kron.Ex ThomsonN7.Cert.degK._f ThomsonN7.Kron.Ex.brecOn
ThomsonN7.Case1Data.F0_D_4	def	9604	9604	
ThomsonN7.SlabOneD.Slab_s93_90.HC_le_phi	theorem	17808	17811	ThomsonN7.SlabOneD.Cert.sound ThomsonN7.SlabOneD.peval ThomsonN7.SlabOneD.Cert.Q ThomsonN7.SlabOneD.Par.mu2 ThomsonN7.SlabOneD.Slab_s93_90.certHC_ok ThomsonN7.SlabOneD.Par.nu1 ThomsonN7.SlabOneD.Par.mu1 ThomsonN7.SlabOneD.Slab_s93_90.certHC ThomsonN7.SlabOneD.Slab_s93_90.parHC ThomsonN7.SlabOneD.Cert.Lam ThomsonN7.SlabOneD.Par.nu2
ThomsonN7.Case1Data.S0_B_D_14	def	9716	9716	
ThomsonN7.M2.instDecidableEqK8.decEq._proof_9	theorem	0	0	ThomsonN7.M2.K8 ThomsonN7.M2.K8.mk.noConfusion ThomsonN7.M2.K8.mk
ThomsonN7.Kron.Ex.ev_one	theorem	1991	1991	ThomsonN7.Kron.Ex.one ThomsonN7.Kron.Ex.ev
ThomsonN7.M3.det4h	def	3518	3524	ThomsonN7.cyl._proof_1
ThomsonN7.Cert.sbst._sunfold	def	0	0	ThomsonN7.Kron.Ex.mul ThomsonN7.Kron.Ex.mon ThomsonN7.Cert.sbst ThomsonN7.Kron.Ex.add ThomsonN7.Kron.Ex.ev.match_1 ThomsonN7.Kron.Ex.c ThomsonN7.Kron.Ex
ThomsonN7.Reg.W.eq_1	theorem	0	0	ThomsonN7.Reg.W ThomsonN7.Base.phi ThomsonN7.cyl._proof_1 ThomsonN7.R3 ThomsonN7.pentBipyramid
ThomsonN7.Case1Data.S2_B_D_24	def	9899	9899	
ThomsonN7.Case1Data.S5_B_D_0	def	10103	10103	
ThomsonN7.Reg.kk_16_17	theorem	8174	8176	ThomsonN7.Reg.cross_of_enc
ThomsonN7.Kron.Ex.U.eq_1	theorem	0	0	ThomsonN7.Kron.Ex.U ThomsonN7.Kron.Ex.mon ThomsonN7.Kron.Ex
ThomsonN7.Reg.kk_10_10	theorem	8054	8056	ThomsonN7.Reg.diag_of_enc
ThomsonN7.Case1Data.S0_B_l_25	def	9670	9670	
ThomsonN7.TwoRegime.exists_chart_explicit	theorem	5711	5720	ThomsonN7.GV.exists_iso_close_perm ThomsonN7.SphereConfig ThomsonN7.R3 ThomsonN7.pentBipyramid
ThomsonN7.TwoRegime.local_of_windowA	theorem	6317	6336	ThomsonN7.coulombEnergy ThomsonN7.Base.coulombEnergy_comp_isometry ThomsonN7.SphereConfig ThomsonN7.cyl._proof_1 ThomsonN7.R3 ThomsonN7.Base.sphereConfig_comp ThomsonN7.Base.coulombEnergy_comp_perm ThomsonN7.pentBipyramid ThomsonN7.TwoRegime.LocalGramA ThomsonN7.TwoRegime.InWindow
ThomsonN7.Reg.CP_16	def	6753	6753	ThomsonN7.triCapPrism._proof_1 ThomsonN7.cyl._proof_1 ThomsonN7.RegB.phiCos._proof_1
ThomsonN7.Case1Data.S0_B_D_48	def	9750	9750	
ThomsonN7.SlabOneD.pmul._sunfold	def	0	0	ThomsonN7.SlabOneD.padd ThomsonN7.SlabOneD.pmul ThomsonN7.SlabOneD.pscale ThomsonN7.CutOneD.pmul.match_1
ThomsonN7.CutOneD.compQ._f	def	0	0	ThomsonN7.CutOneD.padd ThomsonN7.CutOneD.pmul ThomsonN7.CutOneD.compQ.match_1
ThomsonN7.Case1Data.S1_B_D_8	def	9807	9807	
ThomsonN7.T4.ring_pentagon._simp_2	theorem	0	0	
ThomsonN7.M6.idet4	def	11433	11440	ThomsonN7.M6.imul ThomsonN7.M6.iscale ThomsonN7.M6.iadd ThomsonN7.M6.isq
ThomsonN7.RegB.phi_zero_pow	theorem	5061	5067	ThomsonN7.Base.phi ThomsonN7.cyl._proof_1
ThomsonN7.Reg.enc_24	theorem	7367	7378	ThomsonN7.Reg.mhi_26 ThomsonN7.Reg.mhi_14 ThomsonN7.Reg.mhi_27 ThomsonN7.triCapPrism._proof_2 ThomsonN7.cyl._proof_1 ThomsonN7.Reg.mlo_4 ThomsonN7.Reg.mlo_27 ThomsonN7.Reg.InBox ThomsonN7.Reg.mlo_14 ThomsonN7.Reg.mlo_26 ThomsonN7.Reg.CP_24 ThomsonN7.Base.c1._proof_1 ThomsonN7.Reg.mhi_4
ThomsonN7.Kron.Ex.ev_sq	theorem	2006	2006	ThomsonN7.Kron.Ex.ev ThomsonN7.Kron.Ex ThomsonN7.Kron.Ex.sq
ThomsonN7.Kron.Ex.ev_eq_zero_of_kev._proof_1	theorem	0	0	ThomsonN7.Kron.Ex.Term ThomsonN7.Kron.Ex.dy ThomsonN7.Kron.Ex.kev ThomsonN7.Kron.Ex.dz ThomsonN7.Kron.Ex.dx ThomsonN7.Kron.Ex ThomsonN7.Kron.Ex.l1
ThomsonN7.Final.capB	def	16108	16127	ThomsonN7.Glue.Coerce.BPiece.mk ThomsonN7.Glue.Coerce.Contact1R.mk ThomsonN7.Cert.tc_cap ThomsonN7.Glue.Coerce.Contact1R ThomsonN7.Glue.Coerce.BPiece ThomsonN7.Cert.TCert.HB ThomsonN7.Cert.TCert.Lam
ThomsonN7.Case1Data.S0_B_D_31	def	9733	9733	
ThomsonN7.Cert.hybChk_sound._proof_8	theorem	0	0	ThomsonN7.Cert.idL ThomsonN7.Kron.Ex.kev ThomsonN7.Cert.idT ThomsonN7.Cert.idDeg ThomsonN7.Cert.TBlk ThomsonN7.Cert.hybVal ThomsonN7.Cert.hybD ThomsonN7.Kron.Ex ThomsonN7.Kron.Ex.l1 ThomsonN7.Cert.hybW ThomsonN7.Cert.degK
ThomsonN7.GV.P_inner_15	theorem	5483	5484	ThomsonN7.GV.pent5' ThomsonN7.GV.inner_cols ThomsonN7.GV.pent1 ThomsonN7.R3 ThomsonN7.pentBipyramid
ThomsonN7.Kron.Ex.ev_eq_zero_of_kev	theorem	1900	1942	ThomsonN7.Kron.Ex.evalW ThomsonN7.Kron.Ex.Term ThomsonN7.Kron.Ex.ev_eq_zero_of_kev._proof_3 ThomsonN7.Kron.Ex.Wk ThomsonN7.Kron.Ex.Wr ThomsonN7.Kron.Ex.dy ThomsonN7.Kron.Ex.sumAbs ThomsonN7.Kron.Ex.kev ThomsonN7.Kron.coefk ThomsonN7.Kron.Ex.dz ThomsonN7.Kron.Ex.dx ThomsonN7.Kron.digit_unique ThomsonN7.Kron.Ex.Wk_add ThomsonN7.Kron.Ex.toList ThomsonN7.Kron.regroup ThomsonN7.Kron.natAbs_coefk_le ThomsonN7.Kron.Ex.ev ThomsonN7.Kron.decode_code ThomsonN7.Kron.Ex.Wr_add ThomsonN7.Kron.Ex.Wr_zero ThomsonN7.Kron.sumT ThomsonN7.Kron.code ThomsonN7.Kron.Ex ThomsonN7.Kron.Ex.l1 ThomsonN7.Kron.Ex.evalW_eq_sumT ThomsonN7.Kron.Ex.kev_eq ThomsonN7.Kron.Ex.Wk_zero ThomsonN7.Kron.Ex.ev_eq_zero_of_kev._proof_2 ThomsonN7.Kron.Ex.ev_eq_zero_of_kev._proof_1 ThomsonN7.Kron.Ex.ev_eq ThomsonN7.Kron.Ex.sumAbs_toList ThomsonN7.Kron.Ex.deg_le
ThomsonN7.Reg.kk_15_20	theorem	8168	8170	ThomsonN7.Reg.cross_of_enc
ThomsonN7.Reg.kk_10_16	theorem	8066	8068	ThomsonN7.Reg.cross_of_enc
ThomsonN7.RegB.t0_south	theorem	4921	4921	ThomsonN7.Base.pent_inner_south ThomsonN7.RegB.t0
ThomsonN7.Reg.pc_5_0	theorem	8345	8346	ThomsonN7.R3 ThomsonN7.Reg.pent_5' ThomsonN7.pentBipyramid
ThomsonN7.Cert.Blk._sizeOf_1	def	0	0	ThomsonN7.Cert.Blk.rec ThomsonN7.Cert.Blk
ThomsonN7.Case1Data.S7_B_d	def	10218	10218	
ThomsonN7.Cert.degK._sunfold	def	0	0	ThomsonN7.Cert.proj ThomsonN7.Kron.Ex.ev.match_1 ThomsonN7.Kron.Ex ThomsonN7.Cert.degK
ThomsonN7.Cert.SBlk	induct	2604	2610	ThomsonN7.Cert.SBlk.mk
ThomsonN7.Case1.c1_stat_S3._proof_1	theorem	0	0	ThomsonN7.Cert.Cert3.ad ThomsonN7.Case1.c1Stat ThomsonN7.Case1Data.cf ThomsonN7.Case1.C1Stat ThomsonN7.Case1Data.S3 ThomsonN7.Cert.sblkE ThomsonN7.Cert.Cert3.an
ThomsonN7.Reg.CP_60._proof_1	theorem	0	0	
ThomsonN7.Case1.c1Stat_sumE._f	def	0	0	ThomsonN7.Case1.c1Sum ThomsonN7.Case1.c1Stat ThomsonN7.Case1.C1Stat ThomsonN7.Case1.c1Stat_sumE.match_1 ThomsonN7.Kron.Ex ThomsonN7.Case1.c1Add ThomsonN7.Kron.Ex.sumE
ThomsonN7.Reg.enc_41	theorem	7561	7568	ThomsonN7.Reg.mlo_31 ThomsonN7.Reg.mhi_32 ThomsonN7.Reg.mlo_32 ThomsonN7.Reg.mhi_31 ThomsonN7.triCapPrism._proof_2 ThomsonN7.RegB.phiCos._proof_1 ThomsonN7.Reg.CP_41 ThomsonN7.Reg.InBox
ThomsonN7.Reg.Dpair	def	8907	8912	ThomsonN7.Reg.tau ThomsonN7.triCapPrism._proof_1 ThomsonN7.Base.phi ThomsonN7.Reg.gP ThomsonN7.cyl._proof_1 ThomsonN7.R3 ThomsonN7.pentBipyramid._proof_1 ThomsonN7.pentBipyramid
ThomsonN7.Cert.idT.eq_1	theorem	0	0	ThomsonN7.Kron.Ex.sub ThomsonN7.Cert.idT ThomsonN7.Cert.TBlk ThomsonN7.Cert.tblkE ThomsonN7.Kron.Ex ThomsonN7.Kron.Ex.sumE
ThomsonN7.Case1Data.S0_B_l_2	def	9647	9647	
ThomsonN7.Case1Data.S7_B_D_5	def	10245	10245	
ThomsonN7.Base.norm_sub_sq_of_unit	theorem	320	322	ThomsonN7.R3
ThomsonN7.Cert.sixE	def	2428	2431	ThomsonN7.Cert.sbst ThomsonN7.Kron.Ex.add ThomsonN7.Kron.Ex
ThomsonN7.Glue.Coerce.ContactA.hA	theorem	13455	13461	ThomsonN7.Glue.Coerce.ContactA.ya1 ThomsonN7.Glue.Coerce.ContactA.ya2 ThomsonN7.Glue.Coerce.ContactA.Dq ThomsonN7.Glue.Coerce.ContactA.check ThomsonN7.Base.phi ThomsonN7.Glue.Coerce.ContactA.tube ThomsonN7.Glue.Coerce.ContactA.g0d ThomsonN7.Glue.Coerce.ContactA ThomsonN7.Glue.Coerce.ContactA.g0n ThomsonN7.Glue.Coerce.ContactA.Q ThomsonN7.CutOneD.peval
ThomsonN7.Cert.domAll.match_1	def	0	0	
ThomsonN7.Kron.Ex.recOn	def	1599	1604	ThomsonN7.Kron.Ex.mul ThomsonN7.Kron.Ex.mon ThomsonN7.Kron.Ex.add ThomsonN7.Kron.Ex.c ThomsonN7.Kron.Ex ThomsonN7.Kron.Ex.rec
ThomsonN7.ThreePoint.EH	def	1227	1229	ThomsonN7.cyl._proof_1 ThomsonN7.R3
ThomsonN7.M3.firstWhere	def	3355	3355	ThomsonN7.M3.firstWhere._proof_1
ThomsonN7.Cert.Cert3.S	def	2648	2648	ThomsonN7.Cert.Cert3 ThomsonN7.Cert.SBlk
ThomsonN7.Reg.pc_3_1	theorem	8335	8336	ThomsonN7.Base.c2 ThomsonN7.R3 ThomsonN7.Reg.s2 ThomsonN7.pentBipyramid ThomsonN7.Reg.pent_3
ThomsonN7.pentBipyramid_mem	theorem	116	124	ThomsonN7.SphereConfig ThomsonN7.norm_sq_cyl ThomsonN7.pent_five ThomsonN7.pent_cases ThomsonN7.R3 ThomsonN7.cyl ThomsonN7.pentBipyramid_injective ThomsonN7.pent_of_lt ThomsonN7.pent_six ThomsonN7.pentBipyramid
ThomsonN7.Case1Data.S0_B_l_37	def	9682	9682	
ThomsonN7.Case1Data.S6_B_l_1	def	10144	10144	
ThomsonN7.Cert.Cert3.blk	def	2652	2653	ThomsonN7.Cert.Cert3 ThomsonN7.Cert.Blk.empty ThomsonN7.Cert.Blk ThomsonN7.Cert.Cert3.F
ThomsonN7.M2.Pl.eval_mul.match_1	def	0	0	ThomsonN7.M2.K8
ThomsonN7.Glue.Coerce.Contact1R.s	def	13530	13530	ThomsonN7.Glue.Coerce.Contact1R
ThomsonN7.Cert.TBlk.noConfusionType	def	0	0	ThomsonN7.Cert.TBlk ThomsonN7.Cert.TBlk.casesOn
ThomsonN7.Glue.Coerce.yOf_le_of_lo	theorem	13059	13064	ThomsonN7.Glue.Coerce.yOf ThomsonN7.Glue.Coerce.yOf_pos ThomsonN7.Glue.Coerce.yOf_sq
ThomsonN7.SlabOneD.Slab_s94_93.certHB_ok	theorem	17450	17450	ThomsonN7.SlabOneD.Slab_s94_93.certHB ThomsonN7.SlabOneD.Cert.check ThomsonN7.SlabOneD.Slab_s94_93.parHB ThomsonN7.SlabOneD.Slab_s94_93.certHB_ok._proof_1
ThomsonN7.Reg.c1_box	theorem	8714	8718	ThomsonN7.Reg.sqrt5_hi ThomsonN7.Reg.sqrt5_lo ThomsonN7.Base.c1 ThomsonN7.pentBipyramid._proof_1 ThomsonN7.Base.c1._proof_1
ThomsonN7.Glue.Coerce.ContactA.g0d	def	13364	13364	ThomsonN7.Glue.Coerce.ContactA
ThomsonN7.SlabOneD.Slab_s94_93.termHC_1	def	17462	17463	ThomsonN7.SlabOneD.Term ThomsonN7.SlabOneD.Term.mk
ThomsonN7.Case1Data.S2_B_D_31	def	9906	9906	
ThomsonN7.SlabOneD.Slab_s98_96.certHC	def	16813	16817	ThomsonN7.SlabOneD.Cert.mk ThomsonN7.SlabOneD.Slab_s98_96.termHC_1 ThomsonN7.SlabOneD.Term ThomsonN7.SlabOneD.Cert ThomsonN7.SlabOneD.Slab_s98_96.termHC_0 ThomsonN7.SlabOneD.Slab_s98_96.termHC_3 ThomsonN7.SlabOneD.Slab_s98_96.termHC_2
ThomsonN7.Case1Data.S4_B_l_2	def	9993	9993	
ThomsonN7.Glue.Coerce.Contact2.noConfusion	def	13265	13277	ThomsonN7.Glue.Coerce.Contact2.noConfusionType ThomsonN7.Glue.Coerce.Contact2 ThomsonN7.Glue.Coerce.BPiece ThomsonN7.Glue.Coerce.Contact2.casesOn
ThomsonN7.Glue.Coerce.yOf_le_one	theorem	13054	13057	ThomsonN7.Glue.Coerce.yOf ThomsonN7.Glue.Coerce.yOf_pos ThomsonN7.Glue.Coerce.yOf_sq
ThomsonN7.Cert.SBlk.casesOn	def	2604	2610	ThomsonN7.Cert.SBlk ThomsonN7.Cert.Blk ThomsonN7.Cert.SBlk.rec ThomsonN7.Cert.SBlk.mk
ThomsonN7.SlabOneD.pscale.eq_1	theorem	0	0	ThomsonN7.SlabOneD.pscale
ThomsonN7.Kron.Ex.kev.eq_3	theorem	0	0	ThomsonN7.Kron.Ex.kev ThomsonN7.Kron.Ex.add ThomsonN7.Kron.Ex
ThomsonN7.T4.sig7._proof_4	theorem	0	0	ThomsonN7.T4.sig7._proof_2
ThomsonN7.ThreePoint.lamB	def	11059	11062	ThomsonN7.ThreePoint.gm ThomsonN7.cyl._proof_1 ThomsonN7.Base.c1._proof_1
_private.ThomsonN7.Solution.0.ThomsonN7.Cert.offAbs.match_1.eq_1	theorem	0	0	ThomsonN7.Cert.offAbs.match_1
ThomsonN7.Reg.crit_1_x	theorem	4464	4466	ThomsonN7.Reg.hF1 ThomsonN7.Base.c2 ThomsonN7.Base.c1 ThomsonN7.Reg.hF4
ThomsonN7.Cert.dotN_spec	theorem	14556	14570	ThomsonN7.Cert.offB ThomsonN7.Cert.unpackI.eq_2 ThomsonN7.Cert.dotN ThomsonN7.Cert.unpackI
ThomsonN7.Cert.qform_dd_nonneg	theorem	2096	2155	
ThomsonN7.RegB.phiSin	def	4962	4965	ThomsonN7.M3.firstWhere._proof_1 ThomsonN7.RegB.phiCos._proof_2 ThomsonN7.RegB.phiCos._proof_1 ThomsonN7.R3 ThomsonN7.pentBipyramid._proof_1 ThomsonN7.RegB.phiCos._proof_3 ThomsonN7.Base.c1._proof_1
ThomsonN7.Case1Data.S3_B_l_7	def	9922	9922	
ThomsonN7.Glue.Coerce.Contact2.casesOn	def	13265	13277	ThomsonN7.Glue.Coerce.Contact2.mk ThomsonN7.Glue.Coerce.Contact2 ThomsonN7.Glue.Coerce.Contact2.rec ThomsonN7.Glue.Coerce.BPiece
ThomsonN7.Reg.g_5_3	theorem	4298	4299	ThomsonN7.Reg.g_3_5 ThomsonN7.R3 ThomsonN7.pentBipyramid
ThomsonN7.Case1.C1Stat	def	10291	10293	
ThomsonN7.Cert.tc_s94_93_FP2	def	17202	17205	ThomsonN7.Cert.Blk ThomsonN7.Cert.mkBlk
ThomsonN7.Reg.pair_rem	theorem	8853	8904	
ThomsonN7.Case1Data.S1_B_D_32	def	9831	9831	
ThomsonN7.SlabOneD.Cert.check_spec	theorem	15501	15514	ThomsonN7.SlabOneD.evalZ_diff ThomsonN7.SlabOneD.Cert.bound ThomsonN7.SlabOneD.l1_diff ThomsonN7.SlabOneD.all_zero_of_evalZ ThomsonN7.SlabOneD.Cert.diff ThomsonN7.SlabOneD.Cert.check ThomsonN7.SlabOneD.Cert ThomsonN7.SlabOneD.evalZ ThomsonN7.SlabOneD.mem_natAbs_le_l1 ThomsonN7.SlabOneD.Cert.m ThomsonN7.SlabOneD.l1 ThomsonN7.CutOneD.peval_eq_zero_of_all._simp_1 ThomsonN7.SlabOneD.Par ThomsonN7.SlabOneD.Cert.diffZ ThomsonN7.SlabOneD.Cert.Lam
ThomsonN7.Reg.kk_2_20	theorem	7844	7846	ThomsonN7.Reg.cross_of_enc
ThomsonN7.SlabOneD.sumTerms._sunfold	def	0	0	ThomsonN7.SlabOneD.padd ThomsonN7.SlabOneD.sumTerms.match_1 ThomsonN7.SlabOneD.pmul ThomsonN7.SlabOneD.Term.mult ThomsonN7.SlabOneD.sumTerms ThomsonN7.SlabOneD.Term ThomsonN7.SlabOneD.Term.sq ThomsonN7.SlabOneD.sqSum ThomsonN7.SlabOneD.Par
ThomsonN7.Reg.kk_8_15	theorem	8012	8014	ThomsonN7.Reg.cross_of_enc
ThomsonN7.Cert.comb2._f	def	0	0	ThomsonN7.Cert.offB ThomsonN7.Cert.comb2.match_1
ThomsonN7.M2.Pl.eval_add	theorem	3053	3057	ThomsonN7.M2.K8 ThomsonN7.M2.Pl.eval ThomsonN7.M2.Pl.add ThomsonN7.M2.Pl.eval_add._f
ThomsonN7.M2.K8.toReal_add	theorem	2888	2889	ThomsonN7.M2.K8.add ThomsonN7.M2.K8.x4 ThomsonN7.M2.K8.x1 ThomsonN7.M2.K8 ThomsonN7.M2.K8.toReal ThomsonN7.M2.ra ThomsonN7.M2.K8.x3 ThomsonN7.M2.K8.x7 ThomsonN7.M2.rb ThomsonN7.M2.K8.x2 ThomsonN7.M2.K8.x6 ThomsonN7.M2.K8.x5 ThomsonN7.M2.K8.x0
ThomsonN7.Case1Data.S3_B_D_20	def	9971	9971	
ThomsonN7.Reg.kk_9_9	theorem	8030	8032	ThomsonN7.Reg.diag_of_enc
ThomsonN7.ThreePoint.three_point_bound_Z	theorem	1176	1219	ThomsonN7.ThreePoint.dsum_nonneg ThomsonN7.ThreePoint.sum_matDot_Rk ThomsonN7.ThreePoint.Rk ThomsonN7.ThreePoint.Rs ThomsonN7.ThreePoint.matDot ThomsonN7.ThreePoint.gramOK_inner ThomsonN7.ThreePoint.S3_swap12 ThomsonN7.ThreePoint.S3 ThomsonN7.R3 ThomsonN7.ThreePoint.S3_swap23 ThomsonN7.ThreePoint.GramOK ThomsonN7.ThreePoint.dsum_sub ThomsonN7.ThreePoint.dsum ThomsonN7.ThreePoint.matDot_moment_nonneg ThomsonN7.ThreePoint.three_point_identity ThomsonN7.ThreePoint.sum4_swap
ThomsonN7.M6.mul_le_max4	theorem	11358	11367	ThomsonN7.M6.mul_ge_min4 ThomsonN7.M6.mul_le_max4._simp_1
ThomsonN7.Reg.enc_2	theorem	7135	7144	ThomsonN7.Reg.mhi_3 ThomsonN7.triCapPrism._proof_1 ThomsonN7.Reg.CP_2 ThomsonN7.Reg.mlo_17 ThomsonN7.Reg.mlo_3 ThomsonN7.Reg.mhi_17 ThomsonN7.cyl._proof_1 ThomsonN7.Reg.mhi_2 ThomsonN7.Reg.InBox ThomsonN7.Reg.mlo_2
ThomsonN7.Case1Data.S4_B_D_2	def	10029	10029	
ThomsonN7.SlabOneD.Slab_s93_90.termHB_2	def	17767	17768	ThomsonN7.SlabOneD.Term ThomsonN7.SlabOneD.Term.mk
ThomsonN7.Reg.CP_41.eq_1	theorem	0	0	ThomsonN7.triCapPrism._proof_2 ThomsonN7.RegB.phiCos._proof_1 ThomsonN7.Reg.CP_41
ThomsonN7.Reg.CP_35	def	6772	6772	ThomsonN7.triCapPrism._proof_1 ThomsonN7.Base.c1._proof_1
ThomsonN7.Case1Data.S3_B_D_13	def	9964	9964	
ThomsonN7.M2.K8.mk._flat_ctor	def	0	0	ThomsonN7.M2.K8 ThomsonN7.M2.K8.mk
ThomsonN7.M6.iadd_mem	theorem	11323	11327	ThomsonN7.M6.iadd ThomsonN7.M6.Imem
ThomsonN7.Final.capB_check	theorem	16155	16155	ThomsonN7.Glue.Coerce.Contact1R.check ThomsonN7.Final.capB ThomsonN7.Final.capB_check._proof_1
ThomsonN7.Cert.tc_s98_96_SG1	def	16666	16670	ThomsonN7.Cert.TBlk ThomsonN7.Cert.TBlk.mk
ThomsonN7.M3.ccOf_comm	theorem	3858	3862	ThomsonN7.M3.cP._proof_1 ThomsonN7.M3.ccOf ThomsonN7.cyl._proof_1 ThomsonN7.R3 ThomsonN7.M3.colorOf
ThomsonN7.CutOneD.sqSum.eq_def	theorem	0	0	ThomsonN7.CutOneD.sqSum ThomsonN7.CutOneD.padd ThomsonN7.CutOneD.sqSum.match_1 ThomsonN7.CutOneD.sqSum._f ThomsonN7.CutOneD.pscale ThomsonN7.CutOneD.pmul _private.ThomsonN7.Solution.0.ThomsonN7.CutOneD.sqSum.match_1.splitter
ThomsonN7.Case1Data.S6_z	def	10216	10216	
ThomsonN7.Cert.tc_s94_93_A	theorem	17374	17374	ThomsonN7.Cert.tc_s94_93_A._proof_1 ThomsonN7.Cert.tc_s94_93 ThomsonN7.Cert.TCert.chkA
ThomsonN7.Case1Data.S6_B_l_7	def	10150	10150	
ThomsonN7.T4.sigEquiv._proof_1	theorem	0	0	ThomsonN7.T4.sig7 ThomsonN7.T4.sig7_injective
ThomsonN7.Kron.Ex.subst.eq_1	theorem	0	0	ThomsonN7.Kron.Ex.subst ThomsonN7.Kron.Ex.c ThomsonN7.Kron.Ex
ThomsonN7.Kron.coefk._f	def	0	0	ThomsonN7.Kron.Ex.Term ThomsonN7.Kron.code ThomsonN7.Kron.coefk.match_1
ThomsonN7.Cert.rowF._sunfold	def	0	0	ThomsonN7.Cert.linF.match_1 ThomsonN7.Kron.Ex.mon ThomsonN7.Kron.Ex.add ThomsonN7.Cert.smulNZ ThomsonN7.Kron.Ex.c ThomsonN7.Kron.Ex ThomsonN7.Cert.rowF
_private.ThomsonN7.Solution.0.ThomsonN7.Cert.offAbs.match_1.splitter	def	0	0	ThomsonN7.Cert.offAbs.match_1
ThomsonN7.Reg.CP_27	def	6764	6764	ThomsonN7.triCapPrism._proof_1 ThomsonN7.Base.c1._proof_1
ThomsonN7.Reg.CP_17.eq_1	theorem	0	0	ThomsonN7.triCapPrism._proof_1 ThomsonN7.Reg.CP_17 ThomsonN7.cyl._proof_1 ThomsonN7.Base.c1._proof_1
ThomsonN7.Cert.tc_s96_94_A._proof_1	theorem	0	0	ThomsonN7.Cert.TCert.chkA ThomsonN7.Cert.tc_s96_94
ThomsonN7.SlabOneD.pmul.eq_1	theorem	0	0	ThomsonN7.SlabOneD.pmul
ThomsonN7.SlabOneD.sumTermsZ.eq_2	theorem	0	0	ThomsonN7.SlabOneD.sqSumZ ThomsonN7.SlabOneD.sumTermsZ ThomsonN7.SlabOneD.Term ThomsonN7.SlabOneD.Term.sq ThomsonN7.SlabOneD.multZ ThomsonN7.SlabOneD.Par
ThomsonN7.T4.ring_rigid._proof_5	theorem	0	0	
ThomsonN7.Cert.q3E._unsafe_rec	def	0	0	ThomsonN7.Kron.Ex.V ThomsonN7.Cert.q3E.match_1 ThomsonN7.Kron.Ex.sub ThomsonN7.Kron.Ex.T ThomsonN7.Kron.Ex.mul ThomsonN7.Kron.Ex.U ThomsonN7.Kron.Ex.c ThomsonN7.Kron.Ex ThomsonN7.Kron.Ex.smul ThomsonN7.Kron.Ex.sq ThomsonN7.Cert.q3E._unsafe_rec
ThomsonN7.SlabOneD.l1_compQ._proof_4	theorem	0	0	ThomsonN7.SlabOneD.cqB ThomsonN7.SlabOneD.pmul ThomsonN7.SlabOneD.l1 ThomsonN7.SlabOneD.compQ
ThomsonN7.Kron.Ex.sumE	def	1975	1976	ThomsonN7.Kron.Ex.add ThomsonN7.Kron.Ex.c ThomsonN7.Kron.Ex
ThomsonN7.Reg.enc_57	theorem	7743	7747	ThomsonN7.RegB.phiCos._proof_1 ThomsonN7.Reg.InBox ThomsonN7.Reg.CP_57 ThomsonN7.Reg.CP_57._proof_1
ThomsonN7.M2.Pl.pow._unsafe_rec	def	0	0	ThomsonN7.M2.K8 ThomsonN7.M2.K8.one ThomsonN7.M2.Pl.mul ThomsonN7.M2.Pl.pow.match_1 ThomsonN7.M2.Pl.pow._unsafe_rec
ThomsonN7.SlabOneD.Slab_s93_90.HB_le_phi	theorem	17781	17784	ThomsonN7.SlabOneD.Slab_s93_90.certHB_ok ThomsonN7.SlabOneD.Cert.sound ThomsonN7.SlabOneD.peval ThomsonN7.SlabOneD.Cert.Q ThomsonN7.SlabOneD.Slab_s93_90.parHB ThomsonN7.SlabOneD.Par.mu2 ThomsonN7.SlabOneD.Par.nu1 ThomsonN7.SlabOneD.Par.mu1 ThomsonN7.SlabOneD.Slab_s93_90.certHB ThomsonN7.SlabOneD.Cert.Lam ThomsonN7.SlabOneD.Par.nu2
ThomsonN7.Cert.q3E.eq_1	theorem	0	0	ThomsonN7.Cert.q3E ThomsonN7.Kron.Ex.c ThomsonN7.Kron.Ex
ThomsonN7.Cert.tc_s98_96_FR1	def	16569	16572	ThomsonN7.Cert.Blk ThomsonN7.Cert.mkBlk
ThomsonN7.SlabOneD.sqSumB.eq_2	theorem	0	0	ThomsonN7.SlabOneD.sqSumB ThomsonN7.SlabOneD.l1
ThomsonN7.norm_sq_cyl_sub	theorem	52	56	ThomsonN7.R3 ThomsonN7.cyl
ThomsonN7.M2.r5L	def	2941	2942	
ThomsonN7.Glue.Coerce.ppow._sunfold	def	0	0	ThomsonN7.Glue.Coerce.ppow ThomsonN7.CutOneD.pmul ThomsonN7.M2.Pl.pow.match_1
ThomsonN7.Cert.okF.eq_1	theorem	0	0	ThomsonN7.Cert.domAll ThomsonN7.Cert.Blk.Δ ThomsonN7.Cert.Blk.d ThomsonN7.Cert.Blk ThomsonN7.Cert.transposeSq ThomsonN7.Cert.okF
ThomsonN7.Reg.mlo_31	theorem	7081	7082	ThomsonN7.Reg.mon_lo ThomsonN7.Reg.InBox
ThomsonN7.Case1Data.S0_B_l_26	def	9671	9671	
ThomsonN7.Reg.sum_Ioi_add_swap	theorem	4629	4641	ThomsonN7.Base.two_mul_sum_Ioi
ThomsonN7.Cert.tc_s94_93_SG2	def	17330	17334	ThomsonN7.Cert.TBlk ThomsonN7.Cert.TBlk.mk
ThomsonN7.M2.Pl.add.eq_2	theorem	0	0	ThomsonN7.M2.K8 ThomsonN7.M2.Pl.add
ThomsonN7.Reg.kk_6_19	theorem	7973	7975	ThomsonN7.Reg.cross_of_enc
ThomsonN7.Case1Data.F0_l	def	9599	9599	ThomsonN7.Case1Data.F0_l_4 ThomsonN7.Case1Data.F0_l_3 ThomsonN7.Case1Data.F0_l_2 ThomsonN7.Case1Data.F0_l_1 ThomsonN7.Case1Data.F0_l_0 ThomsonN7.Case1Data.F0_l_5
ThomsonN7.Reg.kk_17_17	theorem	8186	8188	ThomsonN7.Reg.diag_of_enc
ThomsonN7.T4.comb5_dec	theorem	11753	11758	ThomsonN7.T4.mk10 ThomsonN7.T4.triFree ThomsonN7.T4.isPent
ThomsonN7.Cert.tc_s99_98_FR5	def	16260	16263	ThomsonN7.Cert.Blk ThomsonN7.Cert.mkBlk
ThomsonN7.Cert.tc_s93_90_FP2	def	17531	17534	ThomsonN7.Cert.Blk ThomsonN7.Cert.mkBlk
ThomsonN7.Case1Data.S4_B_l_30	def	10021	10021	
ThomsonN7.Reg.CP_42.eq_1	theorem	0	0	ThomsonN7.triCapPrism._proof_1 ThomsonN7.triCapPrism._proof_2 ThomsonN7.cyl._proof_1 ThomsonN7.RegB.phiCos._proof_1 ThomsonN7.Reg.CP_42
_private.ThomsonN7.Solution.0.ThomsonN7.Cert.codeE.match_1.eq_10	theorem	0	0	ThomsonN7.Cert.codeE.match_1
ThomsonN7.Cert.offAbs	def	13918	13921	ThomsonN7.Cert.offAbs._f
ThomsonN7.Cert.tc_s99_98_SB4	def	16325	16329	ThomsonN7.Cert.TBlk ThomsonN7.Cert.TBlk.mk
ThomsonN7.Case1Data.F3	def	9643	9643	ThomsonN7.Case1Data.F3_l ThomsonN7.Cert.Blk ThomsonN7.Case1Data.F3_D ThomsonN7.Case1Data.F3_d ThomsonN7.Cert.Blk.mk
ThomsonN7.Reg.W_3_5	theorem	4398	4399	ThomsonN7.Reg.W ThomsonN7.Reg.W_ne ThomsonN7.Reg.g_3_5 ThomsonN7.Base.phi ThomsonN7.R3 ThomsonN7.pentBipyramid
ThomsonN7.CutOneD.padd.eq_3	theorem	0	0	ThomsonN7.CutOneD.padd
ThomsonN7.Cert.TCert.cbe	def	14848	14848	ThomsonN7.Cert.TCert
ThomsonN7.Case1Data.S6_B_l_28	def	10171	10171	
ThomsonN7.Case1Data.S6	def	10217	10217	ThomsonN7.Case1Data.S6_z ThomsonN7.Cert.SBlk ThomsonN7.Cert.SBlk.mk ThomsonN7.Case1Data.S6_B
ThomsonN7.Reg.g_6_2	theorem	4312	4313	ThomsonN7.Reg.g_2_6 ThomsonN7.R3 ThomsonN7.pentBipyramid
ThomsonN7.Case1.c1_stat_F3	theorem	10395	10397	ThomsonN7.Case1.c1_stat_F3._proof_1 ThomsonN7.Case1.c1Stat ThomsonN7.Case1Data.cf ThomsonN7.Cert.Cert3.blk ThomsonN7.Case1.C1Stat ThomsonN7.Cert.Cert3.m ThomsonN7.Cert.Cert3.n ThomsonN7.Cert.fkE ThomsonN7.Case1.c1FtotK
ThomsonN7.Reg.kk_4_18	theorem	7910	7912	ThomsonN7.Reg.cross_of_enc
ThomsonN7.Cert.sum3_comm	theorem	2288	2292	
_private.ThomsonN7.Solution.0.ThomsonN7.Cert.transposeSq.match_1.eq_2	theorem	0	0	ThomsonN7.Cert.transposeSq.match_1
ThomsonN7.ThreePoint.gm	def	11012	11013	
ThomsonN7.Glue.Coerce.PlainCert.noConfusionType	def	0	0	ThomsonN7.Glue.Coerce.PlainCert.casesOn ThomsonN7.Glue.Coerce.PlainCert ThomsonN7.Glue.Coerce.BPiece
_private.ThomsonN7.Solution.0.ThomsonN7.SlabOneD.sumTerms.match_1.splitter	def	0	0	ThomsonN7.SlabOneD.sumTerms.match_1 ThomsonN7.SlabOneD.Term
ThomsonN7.Cert.tc_s99_98_FR4	def	16255	16258	ThomsonN7.Cert.Blk ThomsonN7.Cert.mkBlk
ThomsonN7.Reg.kk_1_4	theorem	7793	7795	ThomsonN7.Reg.cross_of_enc
ThomsonN7.Final.capC	def	16129	16151	ThomsonN7.Glue.Coerce.Contact2R ThomsonN7.Glue.Coerce.BPiece.mk ThomsonN7.Glue.Coerce.Contact2R.mk ThomsonN7.Cert.tc_cap ThomsonN7.Glue.Coerce.BPiece ThomsonN7.Cert.TCert.Lam ThomsonN7.Cert.TCert.HC
ThomsonN7.Glue.Coerce.Contact2.Q	def	13269	13269	ThomsonN7.Glue.Coerce.Contact2
ThomsonN7.Cert.gT_nonneg	theorem	14072	14079	ThomsonN7.Cert.gT ThomsonN7.Kron.Ex.mul ThomsonN7.Cert.codeT ThomsonN7.Kron.Ex.ev ThomsonN7.Cert.GramCut ThomsonN7.Kron.Ex.c ThomsonN7.Kron.Ex ThomsonN7.Cert.codeT_nonneg
ThomsonN7.triCapPrism._proof_2	theorem	0	0	
ThomsonN7.Case1Data.S5_B_l_23	def	10090	10090	
ThomsonN7.M2.Pl.pow.eq_1	theorem	0	0	ThomsonN7.M2.K8 ThomsonN7.M2.Pl.pow ThomsonN7.M2.K8.one
ThomsonN7.Case1Data.S0_B_D_43	def	9745	9745	
_private.ThomsonN7.Solution.0.ThomsonN7.CutOneD.pmul.match_1.eq_1	theorem	0	0	ThomsonN7.CutOneD.pmul.match_1
ThomsonN7.Case1Data.S3_B_D_26	def	9977	9977	
ThomsonN7.M3.cos_pent._proof_7	theorem	0	0	
ThomsonN7.Glue.Coerce.PlainCert.casesOn	def	13121	13125	ThomsonN7.Glue.Coerce.PlainCert.rec ThomsonN7.Glue.Coerce.PlainCert.mk ThomsonN7.Glue.Coerce.PlainCert ThomsonN7.Glue.Coerce.BPiece
_private.ThomsonN7.Solution.0.ThomsonN7.CutOneD.padd.match_1.eq_3	theorem	0	0	ThomsonN7.CutOneD.padd.match_1
ThomsonN7.ThreePoint.tsum_swap12	theorem	617	620	
ThomsonN7.Cert.SBlk.mk.injEq	theorem	0	0	ThomsonN7.Cert.SBlk ThomsonN7.Cert.Blk ThomsonN7.Cert.SBlk.mk.inj ThomsonN7.Cert.SBlk.mk
ThomsonN7.Glue.pair_facts_tube	theorem	12360	12386	ThomsonN7.Glue.pair_facts._proof_1 ThomsonN7.Glue.pair_facts._proof_2 ThomsonN7.Glue.cls3 ThomsonN7.Base.inner_lt_one_of_ne ThomsonN7.SphereConfig ThomsonN7.Base.phi ThomsonN7.R3
ThomsonN7.Kron.Ex.toList._sunfold	def	0	0	ThomsonN7.Kron.Ex.Term ThomsonN7.Kron.Ex.toList ThomsonN7.Kron.Ex.ev.match_1 ThomsonN7.Kron.Ex
ThomsonN7.T4.ring_rigid._proof_4	theorem	0	0	
ThomsonN7.SlabOneD.Par.noConfusionType	def	0	0	ThomsonN7.SlabOneD.Par.casesOn ThomsonN7.SlabOneD.Par
ThomsonN7.Case1Data.S3_B_D_6	def	9957	9957	
ThomsonN7.Cert.tc_s98_96_FR2	def	16574	16577	ThomsonN7.Cert.Blk ThomsonN7.Cert.mkBlk
ThomsonN7.Case1.c1_stat_S0._proof_1	theorem	0	0	ThomsonN7.Case1Data.S0 ThomsonN7.Cert.Cert3.ad ThomsonN7.Case1.c1Stat ThomsonN7.Case1Data.cf ThomsonN7.Case1.C1Stat ThomsonN7.Cert.sblkE ThomsonN7.Cert.Cert3.an
ThomsonN7.Case1Data.S1_B_l_1	def	9764	9764	
ThomsonN7.Case1Data.S0_B_D_29	def	9731	9731	
ThomsonN7.Cert.SBlk._sizeOf_inst	def	0	0	ThomsonN7.Cert.SBlk ThomsonN7.Cert.SBlk._sizeOf_1
ThomsonN7.Reg.pent_local_min	theorem	9056	9084	ThomsonN7.coulombEnergy ThomsonN7.Reg.local_ineq ThomsonN7.Reg.exists_gauge ThomsonN7.Base.coulombEnergy_comp_isometry ThomsonN7.SphereConfig ThomsonN7.R3 ThomsonN7.pentBipyramid
ThomsonN7.Cert.sos_sum_nonneg	theorem	2709	2715	ThomsonN7.Kron.Ex.deg_le._simp_17 ThomsonN7.Cert.Blk.ok ThomsonN7.Cert.SBlk ThomsonN7.Kron.Ex.ev ThomsonN7.Cert.SBlk.z ThomsonN7.Cert.GramCut ThomsonN7.Cert.sblkE ThomsonN7.Kron.Ex ThomsonN7.Cert.sblkE_nonneg ThomsonN7.Cert.SBlk.B
ThomsonN7.ThreePoint.exists_min_EH	theorem	1236	1246	ThomsonN7.ThreePoint.continuous_EH ThomsonN7.R3 ThomsonN7.ThreePoint.EH
ThomsonN7.Glue.tcert_bound_cap	theorem	15619	15629	ThomsonN7.Cert.TCert.HBf ThomsonN7.Cert.TCert.chkB ThomsonN7.Glue.cls3 ThomsonN7.SphereConfig ThomsonN7.Cert.TCert.checkMeta ThomsonN7.Cert.TCert.ef ThomsonN7.Base.neg_one_le_inner_of_unit ThomsonN7.Cert.TCert.alo ThomsonN7.Cert.TCert.HCf ThomsonN7.Cert.TCert.HAf ThomsonN7.Cert.TCert.chkA ThomsonN7.R3 ThomsonN7.Cert.TCert ThomsonN7.Glue.tcert_bound ThomsonN7.Cert.TCert.chkG ThomsonN7.Cert.TCert.ahi
ThomsonN7.SlabOneD.sumTerms_nonneg	theorem	15532	15539	ThomsonN7.SlabOneD.padd ThomsonN7.SlabOneD.peval_sqSum ThomsonN7.SlabOneD.sqEval ThomsonN7.SlabOneD.peval ThomsonN7.SlabOneD.pmul ThomsonN7.SlabOneD.Par.mu2 ThomsonN7.SlabOneD.Term.mult ThomsonN7.SlabOneD.sumTerms ThomsonN7.SlabOneD.Term ThomsonN7.SlabOneD.Term.sq ThomsonN7.SlabOneD.Par.nu1 ThomsonN7.SlabOneD.Par.mu1 ThomsonN7.SlabOneD.sqSum ThomsonN7.SlabOneD.peval.eq_1 ThomsonN7.SlabOneD.peval_pmul ThomsonN7.SlabOneD.Term.nonneg ThomsonN7.SlabOneD.peval_padd ThomsonN7.SlabOneD.Par ThomsonN7.SlabOneD.Par.nu2
ThomsonN7.Reg.g_3_6	theorem	4268	4269	ThomsonN7.Base.pent_inner_south ThomsonN7.R3 ThomsonN7.pentBipyramid
ThomsonN7.Reg.W	def	4176	4178	ThomsonN7.Base.phi ThomsonN7.cyl._proof_1 ThomsonN7.R3 ThomsonN7.pentBipyramid
ThomsonN7.TwoRegime.local_of_window	theorem	6154	6176	ThomsonN7.coulombEnergy ThomsonN7.Base.coulombEnergy_comp_isometry ThomsonN7.SphereConfig ThomsonN7.TwoRegime.LocalGram ThomsonN7.cyl._proof_1 ThomsonN7.R3 ThomsonN7.Base.sphereConfig_comp ThomsonN7.Base.coulombEnergy_comp_perm ThomsonN7.pentBipyramid
ThomsonN7.Case1Data.S6_B_l_32	def	10175	10175	
ThomsonN7.Case1Data.S3_B_l_28	def	9943	9943	
ThomsonN7.GV.P_inner_5	theorem	5493	5494	ThomsonN7.GV.pent5' ThomsonN7.GV.inner_coord ThomsonN7.R3 ThomsonN7.pentBipyramid
ThomsonN7.Reg.kk_3_7	theorem	7856	7858	ThomsonN7.Reg.cross_of_enc
ThomsonN7.Reg.ss_17	theorem	8233	8233	
ThomsonN7.Case1Data.S0_B_l_33	def	9678	9678	
ThomsonN7.M2.instDecidableEqK8.decEq._proof_1	theorem	0	0	ThomsonN7.M2.K8 ThomsonN7.M2.K8.mk
ThomsonN7.Reg.muP_6	theorem	4528	4530	ThomsonN7.Reg.W_6_0 ThomsonN7.Reg.g_6_1 ThomsonN7.Reg.W ThomsonN7.Reg.W_6_3 ThomsonN7.Reg.W_6_5 ThomsonN7.Reg.g_6_2 ThomsonN7.Reg.g_6_5 ThomsonN7.Reg.g_6_3 ThomsonN7.Reg.W_6_6 ThomsonN7.Reg.W_6_2 ThomsonN7.Base.phi ThomsonN7.cyl._proof_1 ThomsonN7.R3 ThomsonN7.Reg.W_6_4 ThomsonN7.Reg.g_6_4 ThomsonN7.Reg.muP ThomsonN7.Reg.W_6_1 ThomsonN7.Reg.g_6_0 ThomsonN7.pentBipyramid
ThomsonN7.Case1Data.S5_B_D_34	def	10137	10137	
ThomsonN7.Cert.unpackM.eq_def	theorem	0	0	ThomsonN7.Cert.unpackM._f _private.ThomsonN7.Solution.0.ThomsonN7.Cert.unpackI.match_1.splitter ThomsonN7.Cert.unpackI.match_1 ThomsonN7.Cert.unpackM ThomsonN7.Cert.unpackI
ThomsonN7.Case1Data.S7_B_D_16	def	10256	10256	
ThomsonN7.Cert.kev_sub	theorem	14436	14437	ThomsonN7.Kron.Ex.sub ThomsonN7.Kron.Ex.mul ThomsonN7.Kron.Ex.kev ThomsonN7.Kron.Ex.kev.eq_3 ThomsonN7.Kron.Ex.add ThomsonN7.Kron.Ex.c ThomsonN7.Kron.Ex
_private.ThomsonN7.Solution.0.ThomsonN7.Glue.Coerce.bernSum.match_1.splitter	def	0	0	ThomsonN7.Glue.Coerce.bernSum.match_1
ThomsonN7.Cert.l1_sumE_map	theorem	14416	14424	ThomsonN7.Kron.Ex ThomsonN7.Kron.Ex.l1 ThomsonN7.Kron.Ex.sumE ThomsonN7.Cert.l1_sumE_map._f
ThomsonN7.Case1Data.S1_B_l_26	def	9789	9789	
ThomsonN7.Kron.Ex.evalW_eq_sumT	theorem	1706	1713	ThomsonN7.Kron.Ex.evalW ThomsonN7.Kron.Ex.toList.eq_4 ThomsonN7.Kron.Ex.Term ThomsonN7.Kron.sumT_append ThomsonN7.Kron.Ex.evalW.eq_4 ThomsonN7.Kron.Ex.mul ThomsonN7.Kron.Ex.mon ThomsonN7.Kron.Ex.toList ThomsonN7.Kron.Ex.add ThomsonN7.Kron.sumT ThomsonN7.Kron.Ex.c ThomsonN7.Kron.Ex ThomsonN7.Kron.Ex.rec ThomsonN7.Kron.sumT_flatMap
ThomsonN7.Reg.g_1_5	theorem	4226	4227	ThomsonN7.Base.pent_inner_north ThomsonN7.R3 ThomsonN7.pentBipyramid
ThomsonN7.M2.sqrt_facts	theorem	3236	3244	
ThomsonN7.Cert.tc_cap_SA1	def	15959	15963	ThomsonN7.Cert.TBlk ThomsonN7.Cert.TBlk.mk
ThomsonN7.Reg.kk_4_13	theorem	7901	7903	ThomsonN7.Reg.cross_of_enc
ThomsonN7.Reg.gP_1_4	theorem	8302	8302	ThomsonN7.Reg.g_1_4 ThomsonN7.Base.c2 ThomsonN7.Reg.gP
ThomsonN7.Glue.Coerce.Contact1R.check.eq_1	theorem	0	0	ThomsonN7.Glue.Coerce.Contact1R.pieces ThomsonN7.Glue.Coerce.Contact1R.check ThomsonN7.Glue.Coerce.Contact1R.R ThomsonN7.Glue.Coerce.Contact1R.q ThomsonN7.CutOneD.pneg ThomsonN7.CutOneD.padd ThomsonN7.Glue.Coerce.Contact1R.g0n ThomsonN7.Glue.Coerce.chainOK ThomsonN7.Glue.Coerce.Fpoly ThomsonN7.Glue.Coerce.Contact1R.p ThomsonN7.Glue.Coerce.Contact1R.s ThomsonN7.Glue.Coerce.Contact1R.piecesR ThomsonN7.Glue.Coerce.Contact1R.G ThomsonN7.Glue.Coerce.lin ThomsonN7.CutOneD.pscale ThomsonN7.Glue.Coerce.Contact1R.Dq ThomsonN7.Glue.Coerce.Contact1R ThomsonN7.CutOneD.pmul ThomsonN7.Glue.Coerce.Contact1R.g0d ThomsonN7.Glue.Coerce.Contact1R.Q
ThomsonN7.triCapPrism_injective._proof_2	theorem	0	0	
ThomsonN7.M3.inner_P	theorem	3689	3717	ThomsonN7.M3.inner_P_pent ThomsonN7.M3.cP_pent_pole ThomsonN7.pent_five ThomsonN7.M3.inner_cyl ThomsonN7.pent_cases ThomsonN7.R3 ThomsonN7.cyl ThomsonN7.pent_of_lt ThomsonN7.pent_six ThomsonN7.pentBipyramid ThomsonN7.M3.val ThomsonN7.M3.cP
ThomsonN7.M6.Box6.F	def	11479	11479	ThomsonN7.M6.Box6
ThomsonN7.Reg.enc_31	theorem	7445	7456	ThomsonN7.Reg.mhi_14 ThomsonN7.Reg.mlo_24 ThomsonN7.Reg.mhi_27 ThomsonN7.cyl._proof_1 ThomsonN7.RegB.phiCos._proof_1 ThomsonN7.Reg.CP_31 ThomsonN7.Reg.mlo_27 ThomsonN7.Reg.mhi_2 ThomsonN7.Reg.InBox ThomsonN7.Reg.mlo_14 ThomsonN7.Reg.mlo_2 ThomsonN7.Reg.mhi_24 ThomsonN7.Base.c1._proof_1
ThomsonN7.Cert.idL.eq_1	theorem	0	0	ThomsonN7.Cert.TBlk.l1B ThomsonN7.Cert.gT ThomsonN7.Cert.idL ThomsonN7.Cert.TBlk.g ThomsonN7.Cert.TBlk ThomsonN7.Kron.Ex ThomsonN7.Kron.Ex.l1
ThomsonN7.Glue.Coerce.ContactA.mk.noConfusion	def	13359	13359	ThomsonN7.Glue.Coerce.BPiece ThomsonN7.Glue.Coerce.ContactA.noConfusion ThomsonN7.Glue.Coerce.ContactA.mk ThomsonN7.Glue.Coerce.ContactA
ThomsonN7.Cert.tc_s94_93_SG1	def	17324	17328	ThomsonN7.Cert.TBlk ThomsonN7.Cert.TBlk.mk
ThomsonN7.SlabOneD.Cert.sound	theorem	15556	15576	ThomsonN7.SlabOneD.peval ThomsonN7.SlabOneD.Cert.Q ThomsonN7.SlabOneD.Par.mu2 ThomsonN7.SlabOneD.Cert.diff ThomsonN7.SlabOneD.Cert.nonneg ThomsonN7.SlabOneD.Cert.check ThomsonN7.SlabOneD.Par.nu1 ThomsonN7.SlabOneD.Par.mu1 ThomsonN7.SlabOneD.Cert ThomsonN7.SlabOneD.Cert.m ThomsonN7.SlabOneD.Cert.check_spec ThomsonN7.SlabOneD.Par ThomsonN7.SlabOneD.Cert.Lam ThomsonN7.SlabOneD.Par.nu2
ThomsonN7.Cert.tc_cap_FR0	def	15923	15926	ThomsonN7.Cert.Blk ThomsonN7.Cert.mkBlk
ThomsonN7.Case1Data.S2_B_l_11	def	9850	9850	
ThomsonN7.Cert.comb2._unsafe_rec	def	0	0	ThomsonN7.Cert.offB ThomsonN7.Cert.comb2._unsafe_rec ThomsonN7.Cert.comb2.match_1
ThomsonN7.Case1Data.S1_B_l_3	def	9766	9766	
ThomsonN7.Case1Data.S4_B_D_30	def	10057	10057	
_private.ThomsonN7.Solution.0.ThomsonN7.Cert.quadF.match_1.eq_1	theorem	0	0	ThomsonN7.Cert.quadF.match_1
ThomsonN7.Reg.kk_16_18	theorem	8177	8179	ThomsonN7.Reg.cross_of_enc
ThomsonN7.Case1Data.S2_B_l_23	def	9862	9862	
ThomsonN7.Cert.sqF._sunfold	def	0	0	ThomsonN7.Kron.Ex.add ThomsonN7.Cert.smulNZ ThomsonN7.Kron.Ex.c ThomsonN7.Kron.Ex ThomsonN7.Cert.linF ThomsonN7.Cert.sqF.match_1 ThomsonN7.Kron.Ex.sq ThomsonN7.Cert.sqF
ThomsonN7.Cert.tc_s98_96_G._proof_1	theorem	0	0	ThomsonN7.Cert.TCert.chkG ThomsonN7.Cert.tc_s98_96
ThomsonN7.Cert.tc_s98_96_FP0	def	16534	16537	ThomsonN7.Cert.Blk ThomsonN7.Cert.mkBlk
ThomsonN7.Case1Data.S6_B_D_31	def	10210	10210	
ThomsonN7.Glue.Coerce.BPiece.recOn	def	12960	12968	ThomsonN7.Glue.Coerce.BPiece.rec ThomsonN7.Glue.Coerce.BPiece.mk ThomsonN7.Glue.Coerce.BPiece
ThomsonN7.Cert.lamAE	def	14761	14765	ThomsonN7.Kron.Ex.sub ThomsonN7.Cert.hvE ThomsonN7.Cert.sbst ThomsonN7.Kron.Ex.add ThomsonN7.Kron.Ex.c ThomsonN7.Kron.Ex ThomsonN7.Kron.Ex.smul ThomsonN7.Cert.gmE
ThomsonN7.Cert.TCert.ahi	def	14982	14983	ThomsonN7.Cert.TCert.bn ThomsonN7.Cert.TCert.bd ThomsonN7.Cert.TCert
ThomsonN7.Cert.degK_tblkE_le	theorem	14399	14403	ThomsonN7.Cert.gT ThomsonN7.Cert.TBlk.g ThomsonN7.Cert.degK.eq_4 ThomsonN7.Kron.Ex.mul ThomsonN7.Cert.TBlk ThomsonN7.Cert.degK_tblkE_le._proof_1 ThomsonN7.Cert.sqfF ThomsonN7.Cert.tblkE ThomsonN7.Cert.TBlk.z ThomsonN7.Cert.tblkE.eq_1 ThomsonN7.Kron.Ex ThomsonN7.Cert.mxs ThomsonN7.Cert.TBlk.B ThomsonN7.Cert.degK_sqfF_le ThomsonN7.Cert.degK
ThomsonN7.SlabOneD.Slab_s93_90.termHA_5	def	17737	17738	ThomsonN7.SlabOneD.Term ThomsonN7.SlabOneD.Term.mk
ThomsonN7.SlabOneD.Term.mk.noConfusion	def	15219	15219	ThomsonN7.SlabOneD.Term ThomsonN7.SlabOneD.Term.noConfusion ThomsonN7.SlabOneD.Term.mk
ThomsonN7.Glue.Coerce.Contact2._sizeOf_inst	def	0	0	ThomsonN7.Glue.Coerce.Contact2 ThomsonN7.Glue.Coerce.Contact2._sizeOf_1
ThomsonN7.Glue.Coerce.two_node_alt	theorem	13249	13263	
ThomsonN7.Case1Data.S7_B_l_3	def	10222	10222	
ThomsonN7.SlabOneD.Slab_s96_94.termHB_1	def	17106	17107	ThomsonN7.SlabOneD.Term ThomsonN7.SlabOneD.Term.mk
ThomsonN7.Reg.enc_16	theorem	7273	7284	ThomsonN7.triCapPrism._proof_1 ThomsonN7.Reg.mhi_19 ThomsonN7.Reg.mhi_30 ThomsonN7.Reg.mlo_24 ThomsonN7.Reg.CP_16 ThomsonN7.cyl._proof_1 ThomsonN7.RegB.phiCos._proof_1 ThomsonN7.Reg.mlo_4 ThomsonN7.Reg.InBox ThomsonN7.Reg.mhi_24 ThomsonN7.Reg.mlo_30 ThomsonN7.Reg.mhi_4 ThomsonN7.Reg.mlo_19
ThomsonN7.Case1.case1_margin	theorem	10493	10518	ThomsonN7.coulombEnergy ThomsonN7.CutOneD.Cert.Lam ThomsonN7.TwoRegime.margin_of_threePoint_cut ThomsonN7.Cert.Cert3.idE ThomsonN7.Cert.Cert3.ad ThomsonN7.Cert.Blk.ok ThomsonN7.ThreePoint.Rk ThomsonN7.Case1.eps_ge ThomsonN7.EPBounds.coulombEnergy_pent_bounds ThomsonN7.Case1Data.cf ThomsonN7.Cert.Cert3.hpt_cut ThomsonN7.Case1.cf_ok ThomsonN7.Cert.chk ThomsonN7.Cert.Cert3.blk ThomsonN7.Cert.SBlk ThomsonN7.SphereConfig ThomsonN7.ThreePoint.matDot ThomsonN7.CutOneD.Cert.Q ThomsonN7.Cert.Cert3.Fm ThomsonN7.Cert.SBlk.z ThomsonN7.Cert.Cert3.m ThomsonN7.Cert.Cert3.Hf ThomsonN7.Base.phi ThomsonN7.Cert.Cert3.eps ThomsonN7.Cert.Cert3.Lam ThomsonN7.R3 ThomsonN7.Cert.Cert3.K ThomsonN7.Case1.Hf_eq ThomsonN7.ThreePoint.GramOK ThomsonN7.Cert.Cert3.S ThomsonN7.Cert.Cert3.an ThomsonN7.Cert.Cert3.check_parts ThomsonN7.Cert.Cert3.n ThomsonN7.Cert.fmat_psd ThomsonN7.CutOneD.cutCert ThomsonN7.pentBipyramid ThomsonN7.Cert.SBlk.B ThomsonN7.CutOneD.peval ThomsonN7.CutOneD.cutH_le_phi
ThomsonN7.GV.inner_coord	theorem	5202	5204	ThomsonN7.R3
ThomsonN7.Cert.weights_length	theorem	14643	14644	ThomsonN7.Cert.weights
ThomsonN7.GV.gram_close_of_vec_close	theorem	5630	5648	ThomsonN7.Base.pent_norm ThomsonN7.R3 ThomsonN7.pentBipyramid
ThomsonN7.Cert.tc_s96_94_SB2	def	16971	16975	ThomsonN7.Cert.TBlk ThomsonN7.Cert.TBlk.mk
ThomsonN7.Case1Data.S0_B_l_52	def	9697	9697	
ThomsonN7.Case1Data.S0_B_l_34	def	9679	9679	
ThomsonN7.Glue.Coerce.Contact2R	induct	13629	13643	ThomsonN7.Glue.Coerce.Contact2R.mk
_private.ThomsonN7.Solution.0.ThomsonN7.Cert.codeE.match_1.eq_4	theorem	0	0	ThomsonN7.Cert.codeE.match_1
ThomsonN7.M2.K8._sizeOf_1	def	0	0	ThomsonN7.M2.K8 ThomsonN7.M2.K8.rec
ThomsonN7.Case1Data.S4_B_l_27	def	10018	10018	
ThomsonN7.Cert.rowsN_length._f	def	0	0	ThomsonN7.Cert.rowsN ThomsonN7.Cert.unpackI_natAbs_le.match_1
ThomsonN7.Glue.Coerce.yOf	def	13038	13039	ThomsonN7.cyl._proof_1
ThomsonN7.Reg.planeRot	def	4712	4716	ThomsonN7.Reg.planeRot._proof_5 ThomsonN7.Reg.planeRot._proof_4 ThomsonN7.Reg.planeRot._proof_9 ThomsonN7.Reg.planeRot._proof_2 ThomsonN7.Reg.planeRot._proof_1 ThomsonN7.Reg.planeRot._proof_3 ThomsonN7.Reg.planeRot._proof_7 ThomsonN7.Reg.planeRot._proof_6 ThomsonN7.R3 ThomsonN7.Reg.planeRot._proof_8 ThomsonN7.Reg.planeRot._proof_10
ThomsonN7.Glue.Coerce.Contact2.tube	theorem	13307	13355	ThomsonN7.Glue.Coerce.Contact2.q2 ThomsonN7.CutOneD.pneg ThomsonN7.CutOneD.padd ThomsonN7.Glue.Coerce.Contact2.G_ge ThomsonN7.Glue.Coerce.one_sub_two_yOf_sq ThomsonN7.Glue.Coerce.Contact2 ThomsonN7.Glue.Coerce.chainOK ThomsonN7.Glue.Coerce.F_le_of_slack ThomsonN7.Glue.Coerce.Contact2.p2 ThomsonN7.Glue.Coerce.Fpoly ThomsonN7.Glue.Coerce.yOf_le_one ThomsonN7.Glue.Coerce.Contact2.pieces ThomsonN7.Glue.Coerce.Contact2.G ThomsonN7.Glue.Coerce.Contact2.q1 ThomsonN7.Glue.Coerce.Contact2.Q ThomsonN7.Glue.Coerce.H_le_phi_of_F ThomsonN7.Glue.Coerce.lin ThomsonN7.Glue.Coerce.yOf ThomsonN7.CutOneD.pscale ThomsonN7.Glue.Coerce.Contact2.g0d ThomsonN7.Glue.Coerce.Contact2.check ThomsonN7.Base.phi ThomsonN7.Glue.Coerce.abs_t_sub_le ThomsonN7.CutOneD.pmul ThomsonN7.Glue.Coerce.Contact2.g0n ThomsonN7.Glue.Coerce.Contact2.Dq ThomsonN7.Glue.Coerce.yOf_pos ThomsonN7.Glue.Coerce.Contact2.factor ThomsonN7.Glue.Coerce.two_node_alt ThomsonN7.Glue.Coerce.Contact2.p1 ThomsonN7.CutOneD.peval
ThomsonN7.Kron.Ex.l1	def	1622	1627	ThomsonN7.Kron.Ex.l1._f ThomsonN7.Kron.Ex ThomsonN7.Kron.Ex.brecOn
ThomsonN7.Case1Data.S6_B	def	10215	10215	ThomsonN7.Case1Data.S6_B_l ThomsonN7.Case1Data.S6_B_d ThomsonN7.Cert.Blk ThomsonN7.Case1Data.S6_B_D ThomsonN7.Cert.Blk.mk
_private.ThomsonN7.Solution.0.ThomsonN7.M6.chk4.match_1.eq_1	theorem	0	0	ThomsonN7.M6.Box6 ThomsonN7.M6.chk4.match_1
ThomsonN7.Case1Data.S2_B_D_12	def	9887	9887	
ThomsonN7.SlabOneD.Slab_s99_98.parHB.eq_1	theorem	0	0	ThomsonN7.SlabOneD.Slab_s99_98.parHB ThomsonN7.SlabOneD.Par.mk ThomsonN7.SlabOneD.Par
ThomsonN7.Kron.Ex.pw.eq_3	theorem	0	0	ThomsonN7.Kron.Ex.mon ThomsonN7.Kron.Ex.pw ThomsonN7.Kron.Ex
ThomsonN7.Reg.gP_3_5	theorem	8310	8310	ThomsonN7.Reg.g_3_5 ThomsonN7.Reg.gP
ThomsonN7.Reg.kk_2_8	theorem	7826	7828	ThomsonN7.Reg.cross_of_enc
ThomsonN7.Kron.Ex.dy._sunfold	def	0	0	ThomsonN7.Kron.Ex.dy ThomsonN7.Kron.Ex.ev.match_1 ThomsonN7.Kron.Ex
ThomsonN7.Cert.TCert.sound_lo	theorem	15081	15091	ThomsonN7.Cert.TCert.alpha_nonneg ThomsonN7.Cert.TCert.hFP ThomsonN7.Cert.TCert.HBf ThomsonN7.Cert.TCert.chkB ThomsonN7.Cert.TCert.beta_nonneg ThomsonN7.Cert.TCert.gamma_nonneg ThomsonN7.Cert.TCert.FPm ThomsonN7.Cert.TCert.calf ThomsonN7.Cert.TCert.checkMeta ThomsonN7.Cert.TCert.ef ThomsonN7.Cert.TCert.m ThomsonN7.Cert.TCert.hFR ThomsonN7.Cert.TCert.alo ThomsonN7.Cert.TCert.HCf ThomsonN7.Cert.TCert.HAf ThomsonN7.Cert.TCert.chkA ThomsonN7.R3 ThomsonN7.Cert.TCert.FRm ThomsonN7.Cert.TCert ThomsonN7.Cert.TCert.chkG ThomsonN7.ThreePoint.GramOK ThomsonN7.Cert.TCert.cbef ThomsonN7.ThreePoint.typed7_bound_lo ThomsonN7.ThreePoint.H7 ThomsonN7.Cert.TCert.ψCbf ThomsonN7.Cert.TCert.ahi ThomsonN7.Cert.TCert.ψBaf ThomsonN7.Cert.TCert.K
ThomsonN7.M2.rs2	def	3136	3137	ThomsonN7.triCapPrism._proof_1 ThomsonN7.M2.rb
ThomsonN7.Cert.TBlk.wf	def	14379	14381	ThomsonN7.Cert.TBlk.BD ThomsonN7.Cert.TBlk ThomsonN7.Cert.TBlk.z ThomsonN7.Cert.TBlk.Bd ThomsonN7.Cert.TBlk.r ThomsonN7.Cert.TBlk.Bl
ThomsonN7.M2.Pl.allZero	def	3111	3112	ThomsonN7.M2.K8 ThomsonN7.M2.K8.zero ThomsonN7.M2.instDecidableEqK8
ThomsonN7.Case1Data.S6_B_l_29	def	10172	10172	
ThomsonN7.Reg.kk_10_13	theorem	8060	8062	ThomsonN7.Reg.cross_of_enc
ThomsonN7.SlabOneD.Slab_s93_90.termHA_6	def	17740	17741	ThomsonN7.SlabOneD.Term ThomsonN7.SlabOneD.Term.mk
ThomsonN7.ThreePoint.continuous_EH	theorem	1231	1234	ThomsonN7.cyl._proof_1 ThomsonN7.R3 ThomsonN7.ThreePoint.EH
ThomsonN7.SlabOneD.Slab_s94_93.HA_le_phi	theorem	17425	17428	ThomsonN7.SlabOneD.Cert.sound ThomsonN7.SlabOneD.peval ThomsonN7.SlabOneD.Cert.Q ThomsonN7.SlabOneD.Par.mu2 ThomsonN7.SlabOneD.Slab_s94_93.certHA ThomsonN7.SlabOneD.Slab_s94_93.certHA_ok ThomsonN7.SlabOneD.Par.nu1 ThomsonN7.SlabOneD.Par.mu1 ThomsonN7.SlabOneD.Slab_s94_93.parHA ThomsonN7.SlabOneD.Cert.Lam ThomsonN7.SlabOneD.Par.nu2
ThomsonN7.SlabOneD.evalZ_sumTerms	theorem	15321	15326	ThomsonN7.SlabOneD.padd ThomsonN7.SlabOneD.sqSumZ ThomsonN7.SlabOneD.sumTermsZ ThomsonN7.SlabOneD.pmul ThomsonN7.SlabOneD.Term.mult ThomsonN7.SlabOneD.sumTerms ThomsonN7.SlabOneD.Term ThomsonN7.SlabOneD.Term.sq ThomsonN7.SlabOneD.multZ ThomsonN7.SlabOneD.evalZ.eq_1 ThomsonN7.SlabOneD.evalZ ThomsonN7.SlabOneD.evalZ_pmul ThomsonN7.SlabOneD.sqSum ThomsonN7.SlabOneD.evalZ_sqSum ThomsonN7.SlabOneD.evalZ_padd ThomsonN7.SlabOneD.Par ThomsonN7.SlabOneD.evalZ_mult
ThomsonN7.Case1.cf_chk	theorem	10439	10450	ThomsonN7.Kron.Ex.dy ThomsonN7.Cert.Cert3.idE ThomsonN7.Kron.Ex.kev ThomsonN7.Case1.c1Stat ThomsonN7.Kron.Ex.dz ThomsonN7.Case1Data.cf ThomsonN7.Cert.chk ThomsonN7.Kron.Ex.dx ThomsonN7.Case1.c1_idE_stat ThomsonN7.Case1.C1Stat ThomsonN7.Case1.cf_chk._proof_1 ThomsonN7.Kron.Ex.l1 ThomsonN7.Case1.cf_chk._proof_2 ThomsonN7.Case1.c1Stat_eq
ThomsonN7.Reg.atoms_inBox	theorem	8767	8769	ThomsonN7.Reg.InBox._proof_16 ThomsonN7.Reg.InBox._proof_7 ThomsonN7.Reg.InBox._proof_9 ThomsonN7.Reg.c1_box ThomsonN7.Reg.InBox._proof_2 ThomsonN7.Reg.s1 ThomsonN7.Base.c2 ThomsonN7.Reg.phi_zero_box ThomsonN7.Reg.InBox._proof_5 ThomsonN7.Reg.InBox._proof_8 ThomsonN7.Reg.InBox._proof_15 ThomsonN7.Reg.InBox._proof_13 ThomsonN7.Base.phi ThomsonN7.Reg.phi_c1_box ThomsonN7.Base.c1 ThomsonN7.Reg.InBox._proof_6 ThomsonN7.Reg.InBox._proof_11 ThomsonN7.Reg.InBox ThomsonN7.Reg.InBox._proof_4 ThomsonN7.Reg.phi_c2_box ThomsonN7.Reg.s1_box ThomsonN7.Reg.InBox._proof_10 ThomsonN7.Reg.InBox._proof_12 ThomsonN7.Reg.InBox._proof_3 ThomsonN7.Reg.InBox._proof_1 ThomsonN7.Reg.InBox._proof_14
ThomsonN7.Case1Data.S4_B_D_28	def	10055	10055	
ThomsonN7.M6.Box6.mem_split	theorem	11515	11543	ThomsonN7.M6.Box6.A ThomsonN7.M6.mid ThomsonN7.M6.Box6.F ThomsonN7.M6.Box6.Mem ThomsonN7.M6.Box6.split ThomsonN7.M6.Box6.D ThomsonN7.M6.Box6.C ThomsonN7.M6.Box6.B ThomsonN7.M6.Box6 ThomsonN7.M6.Imem ThomsonN7.M6.Box6.E ThomsonN7.M6.imem_split ThomsonN7.Cert.gramCut_perm3.match_1
ThomsonN7.SlabOneD.Cert.noConfusionType	def	0	0	ThomsonN7.SlabOneD.Term ThomsonN7.SlabOneD.Cert ThomsonN7.SlabOneD.Cert.casesOn
ThomsonN7.Cert.rowF.eq_def	theorem	0	0	ThomsonN7.Cert.linF.match_1 _private.ThomsonN7.Solution.0.ThomsonN7.Cert.linF.match_1.splitter ThomsonN7.Kron.Ex.mon ThomsonN7.Cert.rowF._f ThomsonN7.Kron.Ex.add ThomsonN7.Cert.smulNZ ThomsonN7.Kron.Ex.c ThomsonN7.Kron.Ex ThomsonN7.Cert.rowF
ThomsonN7.Glue.Coerce.chainOK.eq_2	theorem	0	0	ThomsonN7.Glue.Coerce.BPiece.u1 ThomsonN7.Glue.Coerce.chainOK ThomsonN7.Glue.Coerce.BPiece.w1 ThomsonN7.Glue.Coerce.BPiece.w2 ThomsonN7.Glue.Coerce.BPiece.u2 ThomsonN7.Glue.Coerce.BPiece.check ThomsonN7.Glue.Coerce.BPiece
ThomsonN7.Case1.c1_idE_stat._proof_1	theorem	0	0	ThomsonN7.Case1.c1Smul ThomsonN7.Case1.c1Sum ThomsonN7.Case1Data.cf ThomsonN7.Case1.C1Stat ThomsonN7.Case1.c1Sub ThomsonN7.Cert.Cert3.eps ThomsonN7.Cert.Cert3.n ThomsonN7.Case1.c1C
ThomsonN7.M3.emb_injective._proof_2	theorem	0	0	
ThomsonN7.Glue.Coerce.Contact1.Q	def	13174	13174	ThomsonN7.Glue.Coerce.Contact1
ThomsonN7.Reg.pb_1_2	theorem	8808	8809	ThomsonN7.Reg.gP_1_2 ThomsonN7.Reg.phi_c1_le ThomsonN7.Base.phi ThomsonN7.Reg.gP ThomsonN7.Base.c1
ThomsonN7.Case1Data.S3_B_l_15	def	9930	9930	
ThomsonN7.Case1Data.S0_B_l_47	def	9692	9692	
ThomsonN7.ThreePoint.dsum_pair12	theorem	859	871	ThomsonN7.ThreePoint.card_third ThomsonN7.ThreePoint.dsum
ThomsonN7.Reg.mlo_22	theorem	7045	7046	ThomsonN7.Reg.mon_lo ThomsonN7.Reg.InBox
ThomsonN7.Kron.Ex.ev_mon	theorem	1985	1985	ThomsonN7.Kron.Ex.mon ThomsonN7.Kron.Ex.ev
ThomsonN7.Reg.pc_1_1	theorem	8323	8324	ThomsonN7.Reg.s1 ThomsonN7.R3 ThomsonN7.Base.c1 ThomsonN7.pentBipyramid ThomsonN7.Reg.pent_1
ThomsonN7.Case1Data.F2	def	9633	9633	ThomsonN7.Case1Data.F2_D ThomsonN7.Case1Data.F2_l ThomsonN7.Cert.Blk ThomsonN7.Case1Data.F2_d ThomsonN7.Cert.Blk.mk
ThomsonN7.Cert.sqfE.eq_1	theorem	0	0	ThomsonN7.Cert.zzmon ThomsonN7.Cert.Blk.del ThomsonN7.Cert.zmon ThomsonN7.Kron.Ex.sumRange ThomsonN7.Cert.Blk ThomsonN7.Cert.Blk.lq ThomsonN7.Cert.Blk.dq ThomsonN7.Kron.Ex.add ThomsonN7.Cert.smulNZ ThomsonN7.Kron.Ex ThomsonN7.Kron.Ex.sq ThomsonN7.Cert.sqfE
ThomsonN7.Case1Data.S4_B_l_33	def	10024	10024	
ThomsonN7.TwoRegime.cnt_cast	theorem	6076	6082	ThomsonN7.cyl._proof_1 ThomsonN7.R3 ThomsonN7.TwoRegime.cnt
ThomsonN7.Case1Data.S7_B_l_2	def	10221	10221	
ThomsonN7.Glue.sum_H7_eq_sum_cls3	theorem	12519	12524	ThomsonN7.Glue.cls3 ThomsonN7.Glue.H7_eq_cls3 ThomsonN7.ThreePoint.H7
ThomsonN7.Kron.Ex.dy	def	1636	1641	ThomsonN7.Kron.Ex ThomsonN7.Kron.Ex.dy._f ThomsonN7.Kron.Ex.brecOn
ThomsonN7.Cert.rowsN_length	theorem	14552	14554	ThomsonN7.Cert.rowsN_length._f ThomsonN7.Cert.rowsN
ThomsonN7.SlabOneD.Par.nu1	def	15215	15215	ThomsonN7.SlabOneD.Par
ThomsonN7.SlabOneD.Slab_s96_94.certHC_ok	theorem	17148	17148	ThomsonN7.SlabOneD.Cert.check ThomsonN7.SlabOneD.Slab_s96_94.certHC_ok._proof_1 ThomsonN7.SlabOneD.Slab_s96_94.parHC ThomsonN7.SlabOneD.Slab_s96_94.certHC
ThomsonN7.T4.mk10_col	theorem	11771	11774	ThomsonN7.R3 ThomsonN7.T4.mk10 ThomsonN7.T4.pidx ThomsonN7.T4.col
ThomsonN7.Cert.quadF	def	13817	13820	ThomsonN7.Cert.quadF._f ThomsonN7.Kron.Ex
ThomsonN7.Glue.Coerce.Contact2._sizeOf_1	def	0	0	ThomsonN7.Glue.Coerce.Contact2 ThomsonN7.Glue.Coerce.Contact2.rec ThomsonN7.Glue.Coerce.BPiece ThomsonN7.Glue.Coerce.BPiece._sizeOf_inst
ThomsonN7.Reg.W_2_6	theorem	4381	4382	ThomsonN7.Reg.g_2_6 ThomsonN7.Reg.W ThomsonN7.Reg.W_ne ThomsonN7.Base.phi ThomsonN7.R3 ThomsonN7.pentBipyramid
ThomsonN7.Case1Data.S2_B_D_19	def	9894	9894	
ThomsonN7.Final.a._proof_1	theorem	0	0	
ThomsonN7.ThreePoint.hpt7	theorem	11096	11181	ThomsonN7.ThreePoint.W7 ThomsonN7.triCapPrism._proof_1 ThomsonN7.ThreePoint.gm ThomsonN7.ThreePoint.lamA ThomsonN7.ThreePoint.instDecidableIsP ThomsonN7.ThreePoint.pole_pair ThomsonN7.ThreePoint.c7 ThomsonN7.ThreePoint.s7 ThomsonN7.ThreePoint.lamG ThomsonN7.cyl._proof_1 ThomsonN7.ThreePoint.lamB ThomsonN7.pentBipyramid._proof_1 ThomsonN7.ThreePoint.c7._proof_1 ThomsonN7.RegB.quadPart._proof_1 ThomsonN7.ThreePoint.GramOK ThomsonN7.ThreePoint.not_three_poles ThomsonN7.Base.c1._proof_1 ThomsonN7.ThreePoint.isP
ThomsonN7.ThreePoint.EH_eq_half	theorem	1252	1265	ThomsonN7.cyl._proof_1 ThomsonN7.R3 ThomsonN7.ThreePoint.EH ThomsonN7.ThreePoint.sum_ne_eq_two_sum_Ioi
ThomsonN7.Glue.Coerce.Contact1R._sizeOf_1	def	0	0	ThomsonN7.Glue.Coerce.Contact1R.rec ThomsonN7.Glue.Coerce.Contact1R ThomsonN7.Glue.Coerce.BPiece ThomsonN7.Glue.Coerce.BPiece._sizeOf_inst
ThomsonN7.Reg.mhi_8	theorem	6991	6992	ThomsonN7.Reg.mon_hi ThomsonN7.Reg.InBox
ThomsonN7.Reg.kk_2_15	theorem	7835	7837	ThomsonN7.Reg.cross_of_enc
ThomsonN7.SlabOneD.Slab_s96_94.certHA_ok	theorem	17094	17094	ThomsonN7.SlabOneD.Slab_s96_94.parHA ThomsonN7.SlabOneD.Slab_s96_94.certHA_ok._proof_1 ThomsonN7.SlabOneD.Cert.check ThomsonN7.SlabOneD.Slab_s96_94.certHA
ThomsonN7.SlabOneD.Slab_s98_96.termHB_2	def	16780	16781	ThomsonN7.SlabOneD.Term ThomsonN7.SlabOneD.Term.mk
ThomsonN7.Case1Data.S1_B_D_13	def	9812	9812	
ThomsonN7.Kron.Ex.l1.eq_2	theorem	0	0	ThomsonN7.Kron.Ex.mon ThomsonN7.Kron.Ex.l1
ThomsonN7.CutOneD.padd.eq_2	theorem	0	0	ThomsonN7.CutOneD.padd
ThomsonN7.Cert.tc_cap_A._proof_1	theorem	0	0	ThomsonN7.Cert.tc_cap ThomsonN7.Cert.TCert.chkA
ThomsonN7.SlabOneD.Slab_s98_96.parHA	def	16733	16733	ThomsonN7.SlabOneD.Par.mk ThomsonN7.SlabOneD.Par
ThomsonN7.Reg.CP_10	def	6747	6747	ThomsonN7.triCapPrism._proof_1 ThomsonN7.Base.c1._proof_1
ThomsonN7.Glue.Coerce.Contact2.q1	def	13271	13271	ThomsonN7.Glue.Coerce.Contact2
ThomsonN7.M2.K8.mk.sizeOf_spec	theorem	0	0	ThomsonN7.M2.K8 ThomsonN7.M2.K8._sizeOf_inst ThomsonN7.M2.K8.mk
ThomsonN7.Glue.Coerce.le_yOf_of_hi	theorem	13066	13071	ThomsonN7.Glue.Coerce.yOf ThomsonN7.Glue.Coerce.yOf_pos ThomsonN7.Glue.Coerce.yOf_sq
ThomsonN7.Glue.pent_lt_of	theorem	15602	15605	ThomsonN7.coulombEnergy ThomsonN7.Glue.coulombEnergy_pent_enc40 ThomsonN7.pentBipyramid
ThomsonN7.SlabOneD.Slab_s93_90.termHA_1	def	17725	17726	ThomsonN7.SlabOneD.Term ThomsonN7.SlabOneD.Term.mk
ThomsonN7.M2.Pl.eval._sunfold	def	0	0	ThomsonN7.M2.K8 ThomsonN7.M2.K8.toReal ThomsonN7.M2.Pl.eval.match_1 ThomsonN7.M2.Pl.eval
ThomsonN7.Reg.enc_9	theorem	7197	7204	ThomsonN7.Reg.mlo_22 ThomsonN7.Reg.mhi_22 ThomsonN7.Reg.mhi_20 ThomsonN7.triCapPrism._proof_2 ThomsonN7.Reg.mlo_20 ThomsonN7.RegB.phiCos._proof_1 ThomsonN7.Reg.InBox ThomsonN7.Reg.CP_9
ThomsonN7.ThreePoint.c7._proof_1	theorem	0	0	
_private.ThomsonN7.Solution.0.ThomsonN7.Cert.domAll.match_1.eq_2	theorem	0	0	ThomsonN7.Cert.domAll.match_1
ThomsonN7.RegB.phiSin.eq_1	theorem	0	0	ThomsonN7.M3.firstWhere._proof_1 ThomsonN7.RegB.phiCos._proof_2 ThomsonN7.RegB.phiCos._proof_1 ThomsonN7.R3 ThomsonN7.pentBipyramid._proof_1 ThomsonN7.RegB.phiCos._proof_3 ThomsonN7.Base.c1._proof_1 ThomsonN7.RegB.phiSin
ThomsonN7.Case1Data.S0_B_l_21	def	9666	9666	
ThomsonN7.Glue.Coerce.ContactA.factor	theorem	13375	13381	ThomsonN7.Glue.Coerce.ContactA.ya1 ThomsonN7.Glue.Coerce.ContactA.ya2 ThomsonN7.Glue.Coerce.ContactA.Dq ThomsonN7.CutOneD.pneg ThomsonN7.CutOneD.padd ThomsonN7.CutOneD.peval_padd ThomsonN7.Glue.Coerce.chainOK ThomsonN7.Glue.Coerce.ContactA.check ThomsonN7.Glue.Coerce.Fpoly ThomsonN7.CutOneD.pscale ThomsonN7.CutOneD.peval_eq_zero_of_all ThomsonN7.CutOneD.pmul ThomsonN7.Glue.Coerce.ContactA.pieces ThomsonN7.Glue.Coerce.ContactA.G ThomsonN7.Glue.Coerce.ContactA.g0d ThomsonN7.CutOneD.peval_pmul ThomsonN7.Glue.Coerce.ContactA ThomsonN7.Glue.Coerce.ContactA.g0n ThomsonN7.Glue.Coerce.ContactA.Q ThomsonN7.CutOneD.peval ThomsonN7.CutOneD.peval_pneg
ThomsonN7.SlabOneD.Slab_s96_94.termHA_4	def	17076	17077	ThomsonN7.SlabOneD.Term ThomsonN7.SlabOneD.Term.mk
ThomsonN7.TwoRegime.seven_of_counts	theorem	6178	6201	ThomsonN7.coulombEnergy ThomsonN7.SphereConfig ThomsonN7.TwoRegime.CountRigid ThomsonN7.TwoRegime.LocalGram ThomsonN7.cyl._proof_1 ThomsonN7.TwoRegime.exact_counts ThomsonN7.TwoRegime.local_of_window ThomsonN7.R3 ThomsonN7.pentBipyramid ThomsonN7.TwoRegime.cnt
ThomsonN7.Case1.c1_stat_F1._proof_1	theorem	0	0	ThomsonN7.Case1.c1Stat ThomsonN7.Case1Data.cf ThomsonN7.Cert.Cert3.blk ThomsonN7.Case1.C1Stat ThomsonN7.Cert.Cert3.m ThomsonN7.Cert.Cert3.n ThomsonN7.Cert.fkE ThomsonN7.Case1.c1FtotK
ThomsonN7.Cert.TCert.idG_ev	theorem	14918	14919	ThomsonN7.Cert.fqCur ThomsonN7.Cert.TCert.idG ThomsonN7.Cert.TCert.SG ThomsonN7.Cert.TCert.ad ThomsonN7.Cert.TCert.an ThomsonN7.Cert.hybChk_sound ThomsonN7.Cert.fqCur_spec ThomsonN7.Kron.Ex.ev ThomsonN7.Cert.TCert ThomsonN7.Cert.TCert.chkG ThomsonN7.Cert.TCert.FG
ThomsonN7.Cert.comb2.eq_def	theorem	0	0	ThomsonN7.Cert.offB ThomsonN7.Cert.comb2 ThomsonN7.Cert.comb2.match_1 _private.ThomsonN7.Solution.0.ThomsonN7.Cert.comb2.match_1.eq_2 ThomsonN7.Cert.comb2._f _private.ThomsonN7.Solution.0.ThomsonN7.Cert.comb2.match_1.splitter
ThomsonN7.SlabOneD.Slab_s94_93.parHA.eq_1	theorem	0	0	ThomsonN7.SlabOneD.Par.mk ThomsonN7.SlabOneD.Slab_s94_93.parHA ThomsonN7.SlabOneD.Par
ThomsonN7.Glue.Coerce.Contact1.factor	theorem	13194	13199	ThomsonN7.Glue.Coerce.Contact1.g0d ThomsonN7.CutOneD.pneg ThomsonN7.CutOneD.padd ThomsonN7.CutOneD.peval_padd ThomsonN7.Glue.Coerce.chainOK ThomsonN7.Glue.Coerce.Contact1.Q ThomsonN7.Glue.Coerce.Fpoly ThomsonN7.Glue.Coerce.Contact1.pieces ThomsonN7.Glue.Coerce.Contact1.p ThomsonN7.Glue.Coerce.lin ThomsonN7.CutOneD.pscale ThomsonN7.Glue.Coerce.Contact1.check ThomsonN7.CutOneD.peval_eq_zero_of_all ThomsonN7.CutOneD.pmul ThomsonN7.Glue.Coerce.Contact1 ThomsonN7.Glue.Coerce.peval_lin ThomsonN7.Glue.Coerce.Contact1.q ThomsonN7.Glue.Coerce.Contact1.g0n ThomsonN7.Glue.Coerce.Contact1.Dq ThomsonN7.CutOneD.peval_pmul ThomsonN7.Glue.Coerce.Contact1.G ThomsonN7.CutOneD.peval ThomsonN7.CutOneD.peval_pneg
ThomsonN7.Reg.enc_50	theorem	7675	7684	ThomsonN7.Reg.mlo_1 ThomsonN7.triCapPrism._proof_1 ThomsonN7.Reg.mhi_14 ThomsonN7.Reg.mhi_1 ThomsonN7.Reg.mhi_15 ThomsonN7.cyl._proof_1 ThomsonN7.Reg.mlo_15 ThomsonN7.Reg.InBox ThomsonN7.Reg.mlo_14 ThomsonN7.Reg.CP_50 ThomsonN7.Base.c1._proof_1
ThomsonN7.Glue.slabSpec_sound	theorem	12749	12755	ThomsonN7.coulombEnergy ThomsonN7.Glue.cls3 ThomsonN7.M3.firstWhere._proof_1 ThomsonN7.SphereConfig ThomsonN7.Glue.SlabSpec ThomsonN7.Base.phi ThomsonN7.cyl._proof_1 ThomsonN7.R3 ThomsonN7.Glue.slab_of_typed ThomsonN7.pentBipyramid
ThomsonN7.M2.K8.mk.inj	theorem	0	0	ThomsonN7.M2.K8 ThomsonN7.M2.K8.mk.noConfusion ThomsonN7.M2.K8.mk
ThomsonN7.Reg.enc_38	theorem	7525	7534	ThomsonN7.triCapPrism._proof_1 ThomsonN7.Reg.mhi_33 ThomsonN7.Reg.mlo_22 ThomsonN7.Reg.mhi_23 ThomsonN7.Reg.mhi_22 ThomsonN7.Reg.mlo_33 ThomsonN7.Reg.CP_38 ThomsonN7.Reg.mlo_23 ThomsonN7.triCapPrism._proof_2 ThomsonN7.Reg.InBox
ThomsonN7.Case1Data.S3_B_D_2	def	9953	9953	
ThomsonN7.Final.hslab	theorem	17863	17871	ThomsonN7.Final.slab_s99_98 ThomsonN7.Final.K ThomsonN7.Glue.SlabSpec ThomsonN7.Final.slab_s96_94 ThomsonN7.Final.slab_s94_93 ThomsonN7.Final.slab_s98_96 ThomsonN7.Final.a ThomsonN7.Final.slab_s93_90
ThomsonN7.Glue.pent_formula_enc60	theorem	12849	12875	ThomsonN7.Glue.sqrt5_enc60 ThomsonN7.EPBounds.sin_two_pi_div_five ThomsonN7.Glue.sin_pi_div_five_enc60 ThomsonN7.Glue.sqrt2_enc60
ThomsonN7.Cert.TCert.e	def	14846	14846	ThomsonN7.Cert.TCert
ThomsonN7.Reg.W_1_1	theorem	4347	4347	ThomsonN7.Reg.W ThomsonN7.Reg.W_diag
ThomsonN7.Cert.tc_cap_SB2	def	16007	16011	ThomsonN7.Cert.TBlk ThomsonN7.Cert.TBlk.mk
ThomsonN7.RegB.ringSum.eq_1	theorem	0	0	ThomsonN7.M3.firstWhere._proof_1 ThomsonN7.R3 ThomsonN7.RegB.ringSum
ThomsonN7.Kron.Ex.pw.eq_1	theorem	0	0	ThomsonN7.Kron.Ex.mon ThomsonN7.Kron.Ex.pw ThomsonN7.Kron.Ex
ThomsonN7.T4.triFree	def	11744	11747	
ThomsonN7.Glue.Coerce.Contact1.mk.inj	theorem	0	0	ThomsonN7.Glue.Coerce.BPiece ThomsonN7.Glue.Coerce.Contact1.mk ThomsonN7.Glue.Coerce.Contact1 ThomsonN7.Glue.Coerce.Contact1.mk.noConfusion
ThomsonN7.Reg.enc_48	theorem	7657	7666	ThomsonN7.Reg.mlo_1 ThomsonN7.triCapPrism._proof_1 ThomsonN7.Reg.mhi_14 ThomsonN7.Reg.mhi_1 ThomsonN7.Reg.mhi_15 ThomsonN7.cyl._proof_1 ThomsonN7.Reg.mlo_15 ThomsonN7.Reg.InBox ThomsonN7.Reg.mlo_14 ThomsonN7.Reg.CP_48 ThomsonN7.Base.c1._proof_1
ThomsonN7.Reg.enc_58	theorem	7748	7755	ThomsonN7.Reg.mlo_35 ThomsonN7.triCapPrism._proof_1 ThomsonN7.Reg.mhi_11 ThomsonN7.Reg.mhi_35 ThomsonN7.RegB.phiCos._proof_2 ThomsonN7.Reg.InBox ThomsonN7.RegB.phiCos._proof_3 ThomsonN7.Reg.CP_58 ThomsonN7.Reg.CP_56._proof_1 ThomsonN7.Reg.mlo_11
ThomsonN7.Cert.TCert.chkG	def	14909	14910	ThomsonN7.Cert.fqCur ThomsonN7.Cert.TCert.SG ThomsonN7.Cert.TCert.ad ThomsonN7.Cert.TCert.an ThomsonN7.Cert.hybChk ThomsonN7.Cert.TCert ThomsonN7.Cert.TCert.FG
ThomsonN7.Cert.offAbs._f	def	0	0	ThomsonN7.Cert.offAbs.match_1
ThomsonN7.Cert.okF_sound	theorem	14015	14036	ThomsonN7.Cert.domAll ThomsonN7.Cert.Blk.del ThomsonN7.Cert.offAbs ThomsonN7.Cert.Blk.ok ThomsonN7.Cert.Blk.Δ ThomsonN7.Cert.domAll_spec ThomsonN7.Cert.Blk.ok_parts._simp_2 ThomsonN7.Cert.Blk.d ThomsonN7.Cert.getD_map_list ThomsonN7.Cert.Blk ThomsonN7.Cert.Blk.list_sum_range_map ThomsonN7.Cert.Blk.dq ThomsonN7.Cert.getD_nonneg_of_all ThomsonN7.Cert.transposeSq_getD ThomsonN7.Cert.transposeSq ThomsonN7.Cert.sum_range_le_offAbs ThomsonN7.Cert.okF ThomsonN7.Cert.Blk.ok_parts._simp_3
ThomsonN7.T4.pentIdx._proof_2	theorem	0	0	ThomsonN7.T4.pentIdx._proof_1
ThomsonN7.SlabOneD.Slab_s94_93.termHA_5	def	17408	17409	ThomsonN7.SlabOneD.Term ThomsonN7.SlabOneD.Term.mk
ThomsonN7.Cert.polyR	def	14755	14757	
ThomsonN7.Case1Data.S1_B_l_0	def	9763	9763	
_private.ThomsonN7.Solution.0.ThomsonN7.CutOneD.compQ.match_1.eq_2	theorem	0	0	ThomsonN7.CutOneD.compQ.match_1
ThomsonN7.Cert.hE.eq_1	theorem	0	0	ThomsonN7.Kron.Ex.sumRange ThomsonN7.Kron.Ex.mon ThomsonN7.Cert.hE ThomsonN7.Kron.Ex.add ThomsonN7.Cert.smulNZ ThomsonN7.Kron.Ex
ThomsonN7.Cert.Cert3.hpt_cut	theorem	2784	2790	ThomsonN7.Cert.Cert3.gramCut_of_le ThomsonN7.Cert.Cert3 ThomsonN7.Cert.Cert3.hpt_gramCut ThomsonN7.Cert.Cert3.idE ThomsonN7.Cert.Cert3.ad ThomsonN7.Cert.Blk.ok ThomsonN7.ThreePoint.Rk ThomsonN7.Cert.chk ThomsonN7.Cert.Cert3.blk ThomsonN7.Cert.SBlk ThomsonN7.ThreePoint.matDot ThomsonN7.Cert.Cert3.Fm ThomsonN7.Cert.SBlk.z ThomsonN7.Cert.Cert3.m ThomsonN7.Cert.Cert3.Hf ThomsonN7.Cert.Cert3.eps ThomsonN7.Cert.Cert3.Lam ThomsonN7.Cert.Cert3.K ThomsonN7.ThreePoint.GramOK ThomsonN7.Cert.Cert3.S ThomsonN7.Cert.Cert3.an ThomsonN7.Cert.Cert3.check_parts ThomsonN7.Cert.Cert3.n ThomsonN7.Cert.SBlk.B ThomsonN7.Cert.Cert3.check
ThomsonN7.Case1.c1_stat_S7._proof_1	theorem	0	0	ThomsonN7.Cert.Cert3.ad ThomsonN7.Case1.c1Stat ThomsonN7.Case1Data.cf ThomsonN7.Case1.C1Stat ThomsonN7.Case1Data.S7 ThomsonN7.Cert.sblkE ThomsonN7.Cert.Cert3.an
ThomsonN7.M2.Pl.pow._f	def	0	0	ThomsonN7.M2.K8 ThomsonN7.M2.K8.one ThomsonN7.M2.Pl.mul ThomsonN7.M2.Pl.pow.match_1
ThomsonN7.RegB.t0_poles	theorem	4922	4922	ThomsonN7.Base.pent_inner_poles ThomsonN7.RegB.t0
ThomsonN7.Glue.Coerce.BPiece.mk.noConfusion	def	12962	12962	ThomsonN7.Glue.Coerce.BPiece.mk ThomsonN7.Glue.Coerce.BPiece.noConfusion ThomsonN7.Glue.Coerce.BPiece
ThomsonN7.Cert.sqfVal.eq_1	theorem	0	0	ThomsonN7.Cert.sqfVal ThomsonN7.Cert.Blk.del ThomsonN7.Cert.Blk ThomsonN7.Cert.Blk.lq ThomsonN7.Cert.Blk.dq
ThomsonN7.CutOneD.compQ.match_1	def	0	0	
ThomsonN7.Case1.c1Stat.eq_3	theorem	0	0	ThomsonN7.Case1.c1Stat ThomsonN7.Case1.C1Stat ThomsonN7.Kron.Ex.add ThomsonN7.Kron.Ex ThomsonN7.Case1.c1Add
ThomsonN7.Reg.pb_1_3	theorem	8811	8812	ThomsonN7.Reg.phi_c2_le ThomsonN7.Base.c2 ThomsonN7.Base.phi ThomsonN7.Reg.gP ThomsonN7.Reg.gP_1_3
ThomsonN7.CutOneD.pmul._unsafe_rec	def	0	0	ThomsonN7.CutOneD.padd ThomsonN7.CutOneD.pscale ThomsonN7.CutOneD.pmul.match_1 ThomsonN7.CutOneD.pmul._unsafe_rec
ThomsonN7.Reg.CP_27.eq_1	theorem	0	0	ThomsonN7.triCapPrism._proof_1 ThomsonN7.Reg.CP_27 ThomsonN7.Base.c1._proof_1
ThomsonN7.Cert.getD_tail_succ	theorem	13826	13827	
ThomsonN7.Kron.Ex.brecOn	def	1599	1604	ThomsonN7.Kron.Ex.below ThomsonN7.Kron.Ex.brecOn.go ThomsonN7.Kron.Ex
ThomsonN7.RegB.inner_poleSum_ringSum	theorem	4996	5006	ThomsonN7.RegB.poleSum ThomsonN7.M3.firstWhere._proof_1 ThomsonN7.R3 ThomsonN7.RegB.ringSum
ThomsonN7.Cert.Cert3.h	def	2645	2645	ThomsonN7.Cert.Cert3
ThomsonN7.Final.a._proof_8	theorem	0	0	
ThomsonN7.Cert.codeE.eq_9	theorem	0	0	ThomsonN7.Kron.Ex.sub ThomsonN7.Kron.Ex.T ThomsonN7.Kron.Ex.c ThomsonN7.Kron.Ex ThomsonN7.Cert.codeE
ThomsonN7.Reg.kk_5_19	theorem	7940	7942	ThomsonN7.Reg.cross_of_enc
ThomsonN7.Case1Data.S4_B_l_4	def	9995	9995	
ThomsonN7.Kron.Ex.dy._f	def	0	0	ThomsonN7.Kron.Ex.below ThomsonN7.Kron.Ex.mul ThomsonN7.Kron.Ex.mon ThomsonN7.Kron.Ex.add ThomsonN7.Kron.Ex.ev.match_1 ThomsonN7.Kron.Ex.c ThomsonN7.Kron.Ex
ThomsonN7.Case1Data.S0_B_D_45	def	9747	9747	
ThomsonN7.GV.inner_frame0	theorem	5425	5426	ThomsonN7.cyl._proof_1 ThomsonN7.GV.inner_coord ThomsonN7.R3 ThomsonN7.GV.frame
ThomsonN7.Cert.TCert.SRE	def	14882	14883	ThomsonN7.Cert.SE ThomsonN7.Cert.TCert.m ThomsonN7.Cert.TCert.blkR ThomsonN7.Cert.TCert ThomsonN7.Kron.Ex ThomsonN7.Cert.TCert.K
ThomsonN7.Reg.pc_4_0	theorem	8339	8340	ThomsonN7.Reg.s1 ThomsonN7.R3 ThomsonN7.Base.c1 ThomsonN7.pentBipyramid ThomsonN7.Reg.pent_4
ThomsonN7.Cert.tc_s96_94_SA4	def	16947	16951	ThomsonN7.Cert.TBlk ThomsonN7.Cert.TBlk.mk
ThomsonN7.Reg.CP_47	def	6784	6784	ThomsonN7.RegB.phiCos._proof_3 ThomsonN7.Base.c1._proof_1
ThomsonN7.Reg.kk_5_16	theorem	7931	7933	ThomsonN7.Reg.cross_of_enc
ThomsonN7.CutOneD.sqSum._unsafe_rec	def	0	0	ThomsonN7.CutOneD.padd ThomsonN7.CutOneD.sqSum.match_1 ThomsonN7.CutOneD.pscale ThomsonN7.CutOneD.sqSum._unsafe_rec ThomsonN7.CutOneD.pmul
ThomsonN7.Reg.phi_zero_le	theorem	8784	8786	ThomsonN7.Reg.phi_zero_box ThomsonN7.Base.phi
ThomsonN7.ThreePoint.card_third._simp_3	theorem	0	0	
ThomsonN7.Cert.tc_s98_96_SA4	def	16618	16622	ThomsonN7.Cert.TBlk ThomsonN7.Cert.TBlk.mk
ThomsonN7.GV.exists_chart	theorem	5617	5628	ThomsonN7.coulombEnergy ThomsonN7.GV.exists_iso_close_perm ThomsonN7.Base.coulombEnergy_comp_isometry ThomsonN7.SphereConfig ThomsonN7.R3 ThomsonN7.Base.sphereConfig_comp ThomsonN7.Base.coulombEnergy_comp_perm ThomsonN7.pentBipyramid
ThomsonN7.Glue.CapSpec	def	12712	12726	ThomsonN7.coulombEnergy ThomsonN7.Glue.cls3 ThomsonN7.M3.firstWhere._proof_1 ThomsonN7.SphereConfig ThomsonN7.Base.c2 ThomsonN7.Glue.CapSpec._proof_1 ThomsonN7.Base.phi ThomsonN7.cyl._proof_1 ThomsonN7.R3 ThomsonN7.Base.c1 ThomsonN7.pentBipyramid
ThomsonN7.Case1Data.F1_l_0	def	9609	9609	
ThomsonN7.Case1Data.S0_B	def	9759	9759	ThomsonN7.Case1Data.S0_B_d ThomsonN7.Cert.Blk ThomsonN7.Case1Data.S0_B_D ThomsonN7.Cert.Blk.mk ThomsonN7.Case1Data.S0_B_l
ThomsonN7.Glue.Coerce.abs_node_sub_c2_le	theorem	13470	13475	ThomsonN7.Base.c2 ThomsonN7.pentBipyramid._proof_1 ThomsonN7.Base.c1._proof_1
ThomsonN7.ThreePoint.exists_tangent_frame._simp_1	theorem	0	0	
ThomsonN7.Case1Data.S6_B_D_14	def	10193	10193	
ThomsonN7.Case1Data.S3_B_l_16	def	9931	9931	
ThomsonN7.Cert.TCert.noConfusion	def	14833	14861	ThomsonN7.Cert.TCert.noConfusionType ThomsonN7.Cert.Blk ThomsonN7.Cert.TBlk ThomsonN7.Cert.TCert.casesOn ThomsonN7.Cert.TCert
ThomsonN7.M2.Pl.allZero.eq_1	theorem	0	0	ThomsonN7.M2.K8 ThomsonN7.M2.Pl.allZero ThomsonN7.M2.K8.zero ThomsonN7.M2.instDecidableEqK8
ThomsonN7.Reg.exists_max_score	theorem	4773	4777	ThomsonN7.Reg.procScore_continuous ThomsonN7.R3 ThomsonN7.Reg.isoSet_isCompact ThomsonN7.Reg.procScore ThomsonN7.Reg.IsoSet ThomsonN7.Reg.id_mem_isoSet
ThomsonN7.Case1Data.S2_B_D_15	def	9890	9890	
ThomsonN7.Glue.Coerce.Contact1R.mk.injEq	theorem	0	0	ThomsonN7.Glue.Coerce.Contact1R.mk.inj ThomsonN7.Glue.Coerce.Contact1R.mk ThomsonN7.Glue.Coerce.Contact1R ThomsonN7.Glue.Coerce.BPiece
ThomsonN7.M2.Pl.eval_comp._f	def	0	0	ThomsonN7.M2.K8 ThomsonN7.M2.K8.toReal ThomsonN7.M2.Pl.eval_mul ThomsonN7.M2.Pl.comp ThomsonN7.M2.Pl.eval_add ThomsonN7.M2.Pl.eval.eq_1 ThomsonN7.M2.Pl.mul ThomsonN7.M2.Pl.eval ThomsonN7.M2.Pl.add ThomsonN7.M2.Pl.eval_mul.match_1
ThomsonN7.Kron.Ex.ev.eq_def	theorem	0	0	ThomsonN7.Kron.Ex.below ThomsonN7.Kron.Ex.mul ThomsonN7.Kron.Ex.mon ThomsonN7.Kron.Ex.brecOn.go ThomsonN7.Kron.Ex.ev _private.ThomsonN7.Solution.0.ThomsonN7.Kron.Ex.ev.match_1.splitter ThomsonN7.Kron.Ex.add ThomsonN7.Kron.Ex.ev.match_1 ThomsonN7.Kron.Ex.c ThomsonN7.Kron.Ex ThomsonN7.Kron.Ex.rec ThomsonN7.Kron.Ex.ev._f ThomsonN7.Kron.Ex.brecOn.eq ThomsonN7.Kron.Ex.brecOn
ThomsonN7.Cert.Cert3.n	def	2641	2641	ThomsonN7.Cert.Cert3
ThomsonN7.Cert.TCert.alo	def	14979	14980	ThomsonN7.Cert.TCert.ad ThomsonN7.Cert.TCert.an ThomsonN7.Cert.TCert
ThomsonN7.Cert.rowF.eq_2	theorem	0	0	ThomsonN7.Kron.Ex.mon ThomsonN7.Kron.Ex.add ThomsonN7.Cert.smulNZ ThomsonN7.Kron.Ex ThomsonN7.Cert.rowF
ThomsonN7.ThreePoint.gramOK_inner	theorem	1051	1060	ThomsonN7.cyl._proof_1 ThomsonN7.R3 ThomsonN7.ThreePoint.GramOK ThomsonN7.ThreePoint.gram_det_nonneg
ThomsonN7.SlabOneD.sumTerms.eq_def	theorem	0	0	ThomsonN7.SlabOneD.padd ThomsonN7.SlabOneD.sumTerms.match_1 ThomsonN7.SlabOneD.pmul ThomsonN7.SlabOneD.Term.mult ThomsonN7.SlabOneD.sumTerms ThomsonN7.SlabOneD.Term ThomsonN7.SlabOneD.Term.sq ThomsonN7.SlabOneD.sqSum _private.ThomsonN7.Solution.0.ThomsonN7.SlabOneD.sumTerms.match_1.splitter ThomsonN7.SlabOneD.sumTerms._f ThomsonN7.SlabOneD.Par
ThomsonN7.Cert.transposeSq.eq_def	theorem	0	0	ThomsonN7.Cert.transposeSq._f ThomsonN7.Cert.transposeSq.match_1 ThomsonN7.Cert.transposeSq _private.ThomsonN7.Solution.0.ThomsonN7.Cert.transposeSq.match_1.splitter
ThomsonN7.Cert.getD_map_list	theorem	13934	13937	
ThomsonN7.Reg.kk_3_12	theorem	7865	7867	ThomsonN7.Reg.cross_of_enc
ThomsonN7.SlabOneD.padd._sunfold	def	0	0	ThomsonN7.SlabOneD.padd ThomsonN7.CutOneD.padd.match_1
ThomsonN7.Kron.Ex.sumE.eq_1	theorem	0	0	ThomsonN7.Kron.Ex.add ThomsonN7.Kron.Ex.c ThomsonN7.Kron.Ex ThomsonN7.Kron.Ex.sumE
_private.ThomsonN7.Solution.0.ThomsonN7.M6.chk4.match_1.splitter	def	0	0	ThomsonN7.M6.Box6 ThomsonN7.M6.chk4.match_1
ThomsonN7.Case1Data.S6_B_l_34	def	10177	10177	
ThomsonN7.Kron.Ex.dz.eq_def	theorem	0	0	ThomsonN7.Kron.Ex.below ThomsonN7.Kron.Ex.dz._f ThomsonN7.Kron.Ex.mul ThomsonN7.Kron.Ex.dz ThomsonN7.Kron.Ex.mon ThomsonN7.Kron.Ex.brecOn.go _private.ThomsonN7.Solution.0.ThomsonN7.Kron.Ex.ev.match_1.splitter ThomsonN7.Kron.Ex.add ThomsonN7.Kron.Ex.ev.match_1 ThomsonN7.Kron.Ex.c ThomsonN7.Kron.Ex ThomsonN7.Kron.Ex.rec ThomsonN7.Kron.Ex.brecOn.eq ThomsonN7.Kron.Ex.brecOn
ThomsonN7.Reg.pc_2_2	theorem	8331	8332	ThomsonN7.Base.c2 ThomsonN7.Reg.pent_2 ThomsonN7.R3 ThomsonN7.Reg.s2 ThomsonN7.pentBipyramid
ThomsonN7.ThreePoint.gm.eq_1	theorem	0	0	ThomsonN7.ThreePoint.gm
ThomsonN7.Reg.pb_0_2	theorem	8793	8794	ThomsonN7.Reg.phi_c2_le ThomsonN7.Base.c2 ThomsonN7.Base.phi ThomsonN7.Reg.gP ThomsonN7.Reg.gP_0_2
ThomsonN7.Case1Data.S2	def	9913	9913	ThomsonN7.Cert.SBlk ThomsonN7.Case1Data.S2_z ThomsonN7.Case1Data.S2_B ThomsonN7.Cert.SBlk.mk
ThomsonN7.SlabOneD.Cert.m	def	15237	15237	ThomsonN7.SlabOneD.Cert
ThomsonN7.SlabOneD.Slab_s98_96.HB_le_phi	theorem	16794	16797	ThomsonN7.SlabOneD.Cert.sound ThomsonN7.SlabOneD.peval ThomsonN7.SlabOneD.Cert.Q ThomsonN7.SlabOneD.Par.mu2 ThomsonN7.SlabOneD.Slab_s98_96.parHB ThomsonN7.SlabOneD.Par.nu1 ThomsonN7.SlabOneD.Par.mu1 ThomsonN7.SlabOneD.Slab_s98_96.certHB_ok ThomsonN7.SlabOneD.Slab_s98_96.certHB ThomsonN7.SlabOneD.Cert.Lam ThomsonN7.SlabOneD.Par.nu2
ThomsonN7.M6.chk4._unsafe_rec	def	0	0	ThomsonN7.M6.chk4._unsafe_rec ThomsonN7.M6.Box6.A ThomsonN7.M6.Box6.F ThomsonN7.M6.Box6.split ThomsonN7.M6.Box6.D ThomsonN7.M6.Box6.C ThomsonN7.M6.idet4 ThomsonN7.M6.widest ThomsonN7.M6.Box6.B ThomsonN7.M6.Box6 ThomsonN7.M6.chk4.match_1 ThomsonN7.M6.idet3 ThomsonN7.M6.Box6.E
ThomsonN7.SlabOneD.l1_sumTerms	theorem	15452	15458	ThomsonN7.SlabOneD.l1.eq_1 ThomsonN7.SlabOneD.l1_mult ThomsonN7.SlabOneD.padd ThomsonN7.SlabOneD.pmul ThomsonN7.SlabOneD.Term.mult ThomsonN7.SlabOneD.sumTerms ThomsonN7.SlabOneD.Term ThomsonN7.SlabOneD.Term.sq ThomsonN7.SlabOneD.l1_padd ThomsonN7.SlabOneD.multB ThomsonN7.SlabOneD.sqSum ThomsonN7.SlabOneD.l1_sqSum ThomsonN7.SlabOneD.sqSumB ThomsonN7.SlabOneD.l1 ThomsonN7.SlabOneD.l1_pmul ThomsonN7.SlabOneD.Par ThomsonN7.SlabOneD.sumTermsB
ThomsonN7.ring_dist	theorem	208	216	ThomsonN7.R3 ThomsonN7.cyl ThomsonN7.norm_sq_cyl_sub
ThomsonN7.Cert.dotN	def	14542	14545	ThomsonN7.Cert.dotN._f
ThomsonN7.SlabOneD.Par._sizeOf_1	def	0	0	ThomsonN7.SlabOneD.Par.rec ThomsonN7.SlabOneD.Par
ThomsonN7.Kron.Ex.pw.eq_2	theorem	0	0	ThomsonN7.Kron.Ex.mon ThomsonN7.Kron.Ex.pw ThomsonN7.Kron.Ex
ThomsonN7.Case1Data.S1_B_l_19	def	9782	9782	
ThomsonN7.Case1Data.S5_B_D_16	def	10119	10119	
ThomsonN7.Reg.mlo_21	theorem	7041	7042	ThomsonN7.Reg.mon_lo ThomsonN7.Reg.InBox
ThomsonN7.M2.Qs_eq	theorem	3180	3182	ThomsonN7.M2.Qs ThomsonN7.M2.Pl.scale ThomsonN7.M2.Pl.allZero ThomsonN7.M2.Pl.mul ThomsonN7.M2.K8.ofRat ThomsonN7.M2.Qs_eq._proof_1 ThomsonN7.M2.qlist ThomsonN7.M2.Pl.add ThomsonN7.M2.P0
ThomsonN7.M2.toReal_kA	theorem	3139	3139	ThomsonN7.M2.K8.x4 ThomsonN7.M2.K8.x1 ThomsonN7.M2.K8.toReal ThomsonN7.M2.ra ThomsonN7.M2.K8.x3 ThomsonN7.M2.K8.x7 ThomsonN7.M2.rb ThomsonN7.M2.kA ThomsonN7.M2.K8.x2 ThomsonN7.M2.K8.x6 ThomsonN7.M2.K8.x5 ThomsonN7.M2.K8.x0
ThomsonN7.Kron.Ex.subst	def	2049	2054	ThomsonN7.Kron.Ex.subst._f ThomsonN7.Kron.Ex ThomsonN7.Kron.Ex.brecOn
ThomsonN7.Case1Data.S5_B_l_4	def	10071	10071	
ThomsonN7.Reg.W_6_3	theorem	4453	4454	ThomsonN7.Reg.W ThomsonN7.Reg.W_ne ThomsonN7.Reg.g_6_3 ThomsonN7.Base.phi ThomsonN7.R3 ThomsonN7.pentBipyramid
ThomsonN7.Cert.tc_s98_96_SA5	def	16624	16628	ThomsonN7.Cert.TBlk ThomsonN7.Cert.TBlk.mk
ThomsonN7.SlabOneD.Slab_s94_93.parHC	def	17457	17457	ThomsonN7.SlabOneD.Par.mk ThomsonN7.SlabOneD.Par
ThomsonN7.M3.cos_two_pi_div_five	theorem	3618	3622	ThomsonN7.pentBipyramid._proof_1 ThomsonN7.M3.cosB ThomsonN7.Base.c1._proof_1 ThomsonN7.M3.cosB.eq_1
ThomsonN7.Kron.Ex.dx.eq_3	theorem	0	0	ThomsonN7.Kron.Ex.dx ThomsonN7.Kron.Ex.add ThomsonN7.Kron.Ex
ThomsonN7.GV.exists_iso_close	theorem	5507	5606	ThomsonN7.GV.inner_frame2 ThomsonN7.GV.inner_frame0 ThomsonN7.GV.sin_2pi5_pos ThomsonN7.GV.L32_bound ThomsonN7.GV.frame_gram ThomsonN7.GV.L33 ThomsonN7.GV.core_bound ThomsonN7.Base.pent_norm ThomsonN7.GV.norm_sq_coord ThomsonN7.GV.sin_2pi5_sq ThomsonN7.GV.isometry_of_gram_fin3 ThomsonN7.GV.inner_frame1 ThomsonN7.R3 ThomsonN7.Base.c1 ThomsonN7.GV.L22_bounds ThomsonN7.GV.P_inner_15 ThomsonN7.GV.P_inner_0 ThomsonN7.GV.L22 ThomsonN7.GV.L32 ThomsonN7.GV.frame ThomsonN7.GV.P_inner_01 ThomsonN7.GV.P_inner_1 ThomsonN7.pentBipyramid ThomsonN7.GV.c1_bounds ThomsonN7.GV.P_inner_5 ThomsonN7.GV.P_inner_05
_private.ThomsonN7.Solution.0.ThomsonN7.Kron.Ex.pw.match_1.eq_3	theorem	0	0	ThomsonN7.Kron.Ex.pw.match_1
ThomsonN7.Reg.kk_6_6	theorem	7946	7948	ThomsonN7.Reg.diag_of_enc
ThomsonN7.Cert.l1_quadF_le	theorem	14227	14241	ThomsonN7.Cert.quadF ThomsonN7.Kron.Ex.l1 ThomsonN7.Cert.l1_quadF_le._f
ThomsonN7.Cert.unpackI._sunfold	def	0	0	ThomsonN7.Cert.unpackI.match_1 ThomsonN7.Cert.unpackI
ThomsonN7.Reg.enc_26	theorem	7387	7398	ThomsonN7.Reg.mhi_14 ThomsonN7.Reg.mlo_25 ThomsonN7.Reg.mhi_27 ThomsonN7.Reg.mhi_25 ThomsonN7.triCapPrism._proof_2 ThomsonN7.cyl._proof_1 ThomsonN7.Reg.mlo_27 ThomsonN7.Reg.mhi_2 ThomsonN7.Reg.InBox ThomsonN7.Reg.mlo_14 ThomsonN7.Reg.mlo_2 ThomsonN7.Reg.CP_26 ThomsonN7.Base.c1._proof_1
ThomsonN7.TwoRegime.regimeA_of_threePoint	theorem	5911	5923	ThomsonN7.coulombEnergy ThomsonN7.ThreePoint.three_point_bound ThomsonN7.ThreePoint.Rk ThomsonN7.ThreePoint.matDot ThomsonN7.Base.phi ThomsonN7.R3 ThomsonN7.TwoRegime.regimeA_of_minorant ThomsonN7.ThreePoint.GramOK ThomsonN7.TwoRegime.RegimeA ThomsonN7.pentBipyramid
ThomsonN7.Glue.sqrt5_le_of	theorem	15765	15767	
ThomsonN7.Cert.q3E._sunfold	def	0	0	ThomsonN7.Kron.Ex.V ThomsonN7.Cert.q3E.match_1 ThomsonN7.Kron.Ex.sub ThomsonN7.Kron.Ex.T ThomsonN7.Kron.Ex.mul ThomsonN7.Cert.q3E ThomsonN7.Kron.Ex.U ThomsonN7.Kron.Ex.c ThomsonN7.Kron.Ex ThomsonN7.Kron.Ex.smul ThomsonN7.Kron.Ex.sq
ThomsonN7.Kron.Ex.dz._unsafe_rec	def	0	0	ThomsonN7.Kron.Ex.dz._unsafe_rec ThomsonN7.Kron.Ex.ev.match_1 ThomsonN7.Kron.Ex
ThomsonN7.M2.node_of_H_eq_phi	theorem	3297	3331	ThomsonN7.M2.H ThomsonN7.M2.rs2_sq ThomsonN7.M2.eval_qlist_pos ThomsonN7.M2.phi_sub_H ThomsonN7.M2.ra ThomsonN7.M2.rs2 ThomsonN7.M2.rb_sq ThomsonN7.M2.ra_sq ThomsonN7.M2.sqrt_facts ThomsonN7.M2.rb ThomsonN7.M2.Pl.eval ThomsonN7.M2.qlist
ThomsonN7.T4.ring_rigid	theorem	11946	11992	ThomsonN7.T4.pentIdx ThomsonN7.T4.inner_P_pole_pole ThomsonN7.T4.sig7_one ThomsonN7.T4.ring_rigid._proof_1 ThomsonN7.T4.inner_P_five_ring ThomsonN7.T4.sig7 ThomsonN7.T4.sig7_zero ThomsonN7.T4.sigEquiv_apply ThomsonN7.T4.ring_rigid._proof_6 ThomsonN7.T4.inner_P_six_ring ThomsonN7.T4.exists_ring ThomsonN7.T4.sigEquiv ThomsonN7.R3 ThomsonN7.T4.ring_rigid._proof_5 ThomsonN7.T4.ring_rigid._proof_4 ThomsonN7.M3.cosA ThomsonN7.T4.ring_rigid._proof_3 ThomsonN7.T4.sig7_ring ThomsonN7.T4.ring_pentagon ThomsonN7.M3.cosB ThomsonN7.T4.ring_rigid._proof_2 ThomsonN7.pentBipyramid ThomsonN7.T4.ring_ge2
ThomsonN7.Cert.TCert.idG	def	14900	14901	ThomsonN7.Cert.TCert.SG ThomsonN7.Cert.idT ThomsonN7.Cert.TCert.ad ThomsonN7.Cert.TCert.an ThomsonN7.Cert.TCert ThomsonN7.Kron.Ex ThomsonN7.Cert.TCert.FG
ThomsonN7.Case1Data.S0_B_D_36	def	9738	9738	
ThomsonN7.Glue.Coerce.Contact2.rec	rec	13265	13277	ThomsonN7.Glue.Coerce.Contact2.mk ThomsonN7.Glue.Coerce.Contact2 ThomsonN7.Glue.Coerce.BPiece
ThomsonN7.Kron.Ex.ev_T	theorem	1997	1997	ThomsonN7.Kron.Ex.T ThomsonN7.Kron.Ex.ev
ThomsonN7.Glue.Coerce.Contact2R.pieces	def	13642	13642	ThomsonN7.Glue.Coerce.Contact2R ThomsonN7.Glue.Coerce.BPiece
ThomsonN7.Reg.procScore	def	4764	4766	ThomsonN7.cyl._proof_1 ThomsonN7.R3
ThomsonN7.Case1Data.F0_D_1	def	9601	9601	
ThomsonN7.M3.cos_four_pi_div_five	theorem	3624	3627	ThomsonN7.pentBipyramid._proof_1 ThomsonN7.M3.cosA ThomsonN7.M3.cosA.eq_1 ThomsonN7.Base.c1._proof_1
ThomsonN7.Case1Data.S0_B_l	def	9701	9701	ThomsonN7.Case1Data.S0_B_l_53 ThomsonN7.Case1Data.S0_B_l_55 ThomsonN7.Case1Data.S0_B_l_23 ThomsonN7.Case1Data.S0_B_l_17 ThomsonN7.Case1Data.S0_B_l_49 ThomsonN7.Case1Data.S0_B_l_11 ThomsonN7.Case1Data.S0_B_l_42 ThomsonN7.Case1Data.S0_B_l_32 ThomsonN7.Case1Data.S0_B_l_33 ThomsonN7.Case1Data.S0_B_l_50 ThomsonN7.Case1Data.S0_B_l_24 ThomsonN7.Case1Data.S0_B_l_51 ThomsonN7.Case1Data.S0_B_l_38 ThomsonN7.Case1Data.S0_B_l_20 ThomsonN7.Case1Data.S0_B_l_1 ThomsonN7.Case1Data.S0_B_l_6 ThomsonN7.Case1Data.S0_B_l_15 ThomsonN7.Case1Data.S0_B_l_2 ThomsonN7.Case1Data.S0_B_l_43 ThomsonN7.Case1Data.S0_B_l_47 ThomsonN7.Case1Data.S0_B_l_34 ThomsonN7.Case1Data.S0_B_l_46 ThomsonN7.Case1Data.S0_B_l_27 ThomsonN7.Case1Data.S0_B_l_19 ThomsonN7.Case1Data.S0_B_l_36 ThomsonN7.Case1Data.S0_B_l_16 ThomsonN7.Case1Data.S0_B_l_26 ThomsonN7.Case1Data.S0_B_l_37 ThomsonN7.Case1Data.S0_B_l_39 ThomsonN7.Case1Data.S0_B_l_48 ThomsonN7.Case1Data.S0_B_l_7 ThomsonN7.Case1Data.S0_B_l_52 ThomsonN7.Case1Data.S0_B_l_18 ThomsonN7.Case1Data.S0_B_l_9 ThomsonN7.Case1Data.S0_B_l_14 ThomsonN7.Case1Data.S0_B_l_28 ThomsonN7.Case1Data.S0_B_l_25 ThomsonN7.Case1Data.S0_B_l_40 ThomsonN7.Case1Data.S0_B_l_3 ThomsonN7.Case1Data.S0_B_l_10 ThomsonN7.Case1Data.S0_B_l_4 ThomsonN7.Case1Data.S0_B_l_41 ThomsonN7.Case1Data.S0_B_l_8 ThomsonN7.Case1Data.S0_B_l_54 ThomsonN7.Case1Data.S0_B_l_30 ThomsonN7.Case1Data.S0_B_l_21 ThomsonN7.Case1Data.S0_B_l_12 ThomsonN7.Case1Data.S0_B_l_31 ThomsonN7.Case1Data.S0_B_l_45 ThomsonN7.Case1Data.S0_B_l_13 ThomsonN7.Case1Data.S0_B_l_22 ThomsonN7.Case1Data.S0_B_l_35 ThomsonN7.Case1Data.S0_B_l_29 ThomsonN7.Case1Data.S0_B_l_0 ThomsonN7.Case1Data.S0_B_l_5 ThomsonN7.Case1Data.S0_B_l_44
ThomsonN7.Reg.InBox._proof_15	theorem	0	0	
ThomsonN7.SlabOneD.pneg.eq_1	theorem	0	0	ThomsonN7.SlabOneD.pneg
_private.ThomsonN7.Solution.0.ThomsonN7.Cert.codeE.match_1.eq_6	theorem	0	0	ThomsonN7.Cert.codeE.match_1
ThomsonN7.Reg.CP_32	def	6769	6769	ThomsonN7.Base.c1._proof_1
ThomsonN7.Cert.tc_s94_93_G	theorem	17378	17378	ThomsonN7.Cert.tc_s94_93 ThomsonN7.Cert.TCert.chkG ThomsonN7.Cert.tc_s94_93_G._proof_1
ThomsonN7.Cert.tc_s98_96_A._proof_1	theorem	0	0	ThomsonN7.Cert.TCert.chkA ThomsonN7.Cert.tc_s98_96
ThomsonN7.SlabOneD.Cert.Lam	def	15238	15238	ThomsonN7.SlabOneD.Cert
ThomsonN7.Kron.Ex.dy.eq_4	theorem	0	0	ThomsonN7.Kron.Ex.dy ThomsonN7.Kron.Ex.mul ThomsonN7.Kron.Ex
ThomsonN7.Glue.Coerce.Contact1R._sizeOf_inst	def	0	0	ThomsonN7.Glue.Coerce.Contact1R ThomsonN7.Glue.Coerce.Contact1R._sizeOf_1
ThomsonN7.pent_angle_inj._proof_2	theorem	0	0	
ThomsonN7.Cert.TBlk.Bd	def	14088	14088	ThomsonN7.Cert.TBlk
ThomsonN7.Cert.mv.eq_1	theorem	0	0	ThomsonN7.Cert.mv
ThomsonN7.Glue.Coerce.Contact2.g0n	def	13275	13275	ThomsonN7.Glue.Coerce.Contact2
ThomsonN7.Kron.Ex.ev_neg	theorem	1999	1999	ThomsonN7.Kron.Ex.neg ThomsonN7.Kron.Ex.ev ThomsonN7.Kron.Ex.c ThomsonN7.Kron.Ex
ThomsonN7.Cert.tc_s96_94_SB0	def	16959	16963	ThomsonN7.Cert.TBlk ThomsonN7.Cert.TBlk.mk
ThomsonN7.Case1Data.S5_B_l_22	def	10089	10089	
ThomsonN7.Kron.Ex.l1.eq_def	theorem	0	0	ThomsonN7.Kron.Ex.below ThomsonN7.Kron.Ex.mul ThomsonN7.Kron.Ex.mon ThomsonN7.Kron.Ex.brecOn.go ThomsonN7.Kron.Ex.l1._f _private.ThomsonN7.Solution.0.ThomsonN7.Kron.Ex.ev.match_1.splitter ThomsonN7.Kron.Ex.add ThomsonN7.Kron.Ex.ev.match_1 ThomsonN7.Kron.Ex.c ThomsonN7.Kron.Ex ThomsonN7.Kron.Ex.l1 ThomsonN7.Kron.Ex.rec ThomsonN7.Kron.Ex.brecOn.eq ThomsonN7.Kron.Ex.brecOn
ThomsonN7.Case1Data.S0_B_l_7	def	9652	9652	
ThomsonN7.RegB.ringSum	def	4954	4955	ThomsonN7.M3.firstWhere._proof_1 ThomsonN7.R3
ThomsonN7.T4.ring_rigid._proof_2	theorem	0	0	
ThomsonN7.TwoRegime.sumW.eq_1	theorem	0	0	ThomsonN7.cyl._proof_1 ThomsonN7.R3 ThomsonN7.TwoRegime.sumW
ThomsonN7.Cert.tc_cap_SB3	def	16013	16017	ThomsonN7.Cert.TBlk ThomsonN7.Cert.TBlk.mk
ThomsonN7.M2.r5U.eq_1	theorem	0	0	ThomsonN7.M2.r5L ThomsonN7.M2.r5U
ThomsonN7.M2.K8.toReal_ofRat	theorem	2886	2886	ThomsonN7.M2.K8.x4 ThomsonN7.M2.K8.x1 ThomsonN7.M2.K8.toReal ThomsonN7.M2.ra ThomsonN7.M2.K8.x3 ThomsonN7.M2.K8.x7 ThomsonN7.M2.K8.ofRat ThomsonN7.M2.rb ThomsonN7.M2.K8.x2 ThomsonN7.M2.K8.x6 ThomsonN7.M2.K8.x5 ThomsonN7.M2.K8.x0
ThomsonN7.Case1Data.S0_B_D_1	def	9703	9703	
ThomsonN7.Reg.g_4_6	theorem	4286	4287	ThomsonN7.Base.pent_inner_south ThomsonN7.R3 ThomsonN7.pentBipyramid
ThomsonN7.Cert.TCert.ad	def	14843	14843	ThomsonN7.Cert.TCert
ThomsonN7.Glue.Coerce.Contact1.tube	theorem	13213	13247	ThomsonN7.Glue.Coerce.Contact1.g0d ThomsonN7.CutOneD.pneg ThomsonN7.CutOneD.padd ThomsonN7.Glue.Coerce.Contact1.G_ge ThomsonN7.Glue.Coerce.one_sub_two_yOf_sq ThomsonN7.Glue.Coerce.chainOK ThomsonN7.Glue.Coerce.F_le_of_slack ThomsonN7.Glue.Coerce.Contact1.Q ThomsonN7.Glue.Coerce.Fpoly ThomsonN7.Glue.Coerce.Contact1.pieces ThomsonN7.Glue.Coerce.yOf_le_one ThomsonN7.Glue.Coerce.Contact1.p ThomsonN7.Glue.Coerce.H_le_phi_of_F ThomsonN7.Glue.Coerce.lin ThomsonN7.Glue.Coerce.yOf ThomsonN7.CutOneD.pscale ThomsonN7.Base.phi ThomsonN7.Glue.Coerce.Contact1.check ThomsonN7.Glue.Coerce.Contact1.factor ThomsonN7.Glue.Coerce.abs_t_sub_le ThomsonN7.CutOneD.pmul ThomsonN7.Glue.Coerce.Contact1 ThomsonN7.Glue.Coerce.Contact1.q ThomsonN7.Glue.Coerce.Contact1.g0n ThomsonN7.Glue.Coerce.Contact1.Dq ThomsonN7.Glue.Coerce.yOf_pos ThomsonN7.Glue.Coerce.Contact1.G ThomsonN7.CutOneD.peval
ThomsonN7.M2.K8.mul.eq_1	theorem	0	0	ThomsonN7.M2.K8.x4 ThomsonN7.M2.K8.x1 ThomsonN7.M2.K8 ThomsonN7.M2.K8.x3 ThomsonN7.M2.K8.x7 ThomsonN7.M2.K8.x2 ThomsonN7.M2.K8.x6 ThomsonN7.M2.K8.mul ThomsonN7.M2.K8.mk ThomsonN7.M2.K8.x5 ThomsonN7.M2.K8.x0
ThomsonN7.Cert.rowF.eq_1	theorem	0	0	ThomsonN7.Kron.Ex.c ThomsonN7.Kron.Ex ThomsonN7.Cert.rowF
ThomsonN7.SlabOneD.Slab_s99_98.termHA_1	def	16409	16410	ThomsonN7.SlabOneD.Term ThomsonN7.SlabOneD.Term.mk
ThomsonN7.Kron.Ex.U	def	1954	1955	ThomsonN7.Kron.Ex.mon ThomsonN7.Kron.Ex
ThomsonN7.Reg.W_1_3	theorem	4352	4353	ThomsonN7.Reg.W ThomsonN7.Reg.W_ne ThomsonN7.Reg.g_1_3 ThomsonN7.Base.c2 ThomsonN7.Base.phi ThomsonN7.R3 ThomsonN7.pentBipyramid
ThomsonN7.Cert.TCert.mk.injEq	theorem	0	0	ThomsonN7.Cert.TCert.mk.inj ThomsonN7.Cert.Blk ThomsonN7.Cert.TBlk ThomsonN7.Cert.TCert.mk ThomsonN7.Cert.TCert
ThomsonN7.Kron.Ex.evalW	def	1699	1704	ThomsonN7.Kron.Ex.evalW._f ThomsonN7.Kron.Ex ThomsonN7.Kron.Ex.brecOn
ThomsonN7.Cert.Cert3.rec	rec	2637	2648	ThomsonN7.Cert.Cert3 ThomsonN7.Cert.Cert3.mk ThomsonN7.Cert.SBlk ThomsonN7.Cert.Blk
ThomsonN7.EPBounds.sqrt5_bounds	theorem	6528	6531	
ThomsonN7.Reg.kk_11_19	theorem	8093	8095	ThomsonN7.Reg.cross_of_enc
ThomsonN7.Glue.cap_of_typed_tube._proof_3	theorem	0	0	
ThomsonN7.coulombEnergy.eq_1	theorem	0	0	ThomsonN7.coulombEnergy ThomsonN7.R3
ThomsonN7.Case1.cf_ok	theorem	10461	10466	ThomsonN7.Case1.cf_blocks ThomsonN7.Cert.Cert3.idE ThomsonN7.Cert.Cert3.ad ThomsonN7.Cert.Blk.ok ThomsonN7.Case1.cf_chk ThomsonN7.Case1Data.cf ThomsonN7.Cert.chk ThomsonN7.Cert.Cert3.blk ThomsonN7.Cert.SBlk ThomsonN7.Case1.cf_ok._proof_1 ThomsonN7.Cert.SBlk.z ThomsonN7.Cert.Cert3.m ThomsonN7.Cert.Cert3.Lam ThomsonN7.Case1.cf_sos ThomsonN7.Cert.Cert3.K ThomsonN7.Cert.Cert3.S ThomsonN7.Cert.Cert3.n ThomsonN7.Cert.SBlk.B ThomsonN7.Cert.Cert3.check
ThomsonN7.Cert.sum_fin_eq_range	theorem	2329	2332	
ThomsonN7.Cert.vv3	theorem	14744	14744	ThomsonN7.Kron.Ex.varVal
ThomsonN7.pentBipyramid_injective	theorem	101	114	ThomsonN7.cos_sub_eq_one_of_cyl_eq ThomsonN7.pent_five ThomsonN7.pent_cases ThomsonN7.pent_angle_inj ThomsonN7.cyl._proof_1 ThomsonN7.R3 ThomsonN7.cyl ThomsonN7.pent_of_lt ThomsonN7.pent_six ThomsonN7.pentBipyramid
ThomsonN7.Cert.kev_sumE_map._f	def	0	0	ThomsonN7.Kron.Ex.kev.eq_1 ThomsonN7.Kron.Ex.kev ThomsonN7.Kron.Ex.kev.eq_3 ThomsonN7.Cert.sumE_cons ThomsonN7.Kron.Ex.add ThomsonN7.Kron.Ex.c ThomsonN7.Kron.Ex ThomsonN7.Cert.kev_sumE_map.match_1 ThomsonN7.Kron.Ex.sumE
ThomsonN7.Kron.Ex.sumAbs.eq_1	theorem	0	0	ThomsonN7.Kron.Ex.Term ThomsonN7.Kron.Ex.sumAbs
ThomsonN7.Case1.c1_stat_S1._proof_1	theorem	0	0	ThomsonN7.Case1Data.S1 ThomsonN7.Cert.Cert3.ad ThomsonN7.Case1.c1Stat ThomsonN7.Case1Data.cf ThomsonN7.Case1.C1Stat ThomsonN7.Cert.sblkE ThomsonN7.Cert.Cert3.an
ThomsonN7.Reg.enc_20	theorem	7321	7330	ThomsonN7.Reg.mlo_10 ThomsonN7.Reg.CP_20 ThomsonN7.triCapPrism._proof_1 ThomsonN7.Reg.mhi_29 ThomsonN7.Reg.mhi_10 ThomsonN7.Reg.mhi_2 ThomsonN7.Reg.InBox ThomsonN7.Reg.mlo_2 ThomsonN7.Reg.mlo_29 ThomsonN7.Base.c1._proof_1
ThomsonN7.GV.db_bound	theorem	5284	5303	ThomsonN7.GV.abs_mul_le'
ThomsonN7.M2.kS2.eq_1	theorem	0	0	ThomsonN7.M2.K8 ThomsonN7.M2.kS2 ThomsonN7.M2.K8.mk
ThomsonN7.ThreePoint.sum_S3_eq_sum_Y3._simp_1	theorem	0	0	
ThomsonN7.Cert.fqFlat_spec	theorem	14652	14690	ThomsonN7.Cert.sqfVal.eq_1 ThomsonN7.Cert.sqfVal ThomsonN7.Cert.TBlk.BD ThomsonN7.Cert.comb2_spec ThomsonN7.Cert.Blk.del ThomsonN7.Cert.getD_weights ThomsonN7.Cert.offB ThomsonN7.Kron.Ex.kev ThomsonN7.Cert.TBlk.wf ThomsonN7.Cert.comb1_spec ThomsonN7.Cert.TBlk.xl ThomsonN7.Cert.TBlk.xD ThomsonN7.Cert.comb1 ThomsonN7.Cert.TBlk ThomsonN7.Cert.comb2 ThomsonN7.Cert.Blk.lq ThomsonN7.Cert.Blk.dq ThomsonN7.Cert.TBlk.xd ThomsonN7.Cert.sqfF ThomsonN7.Cert.TBlk.z ThomsonN7.Cert.rowsN_length ThomsonN7.Cert.TBlk.Bd ThomsonN7.Cert.fqFlat_spec._proof_1 ThomsonN7.Cert.rowsN ThomsonN7.Cert.weights ThomsonN7.Cert.TBlk.r ThomsonN7.Cert.TBlk.B ThomsonN7.Cert.unpackM ThomsonN7.Cert.kw ThomsonN7.Cert.unpackI ThomsonN7.Cert.rowsN_spec ThomsonN7.Cert.weights_length ThomsonN7.Cert.kev_sqfF ThomsonN7.Cert.TBlk.Bl ThomsonN7.Cert.fqFlat
ThomsonN7.SlabOneD.l1_padd._proof_1	theorem	0	0	ThomsonN7.SlabOneD.padd ThomsonN7.SlabOneD.l1
ThomsonN7.Reg.CP_34.eq_1	theorem	0	0	ThomsonN7.triCapPrism._proof_1 ThomsonN7.Reg.CP_34 ThomsonN7.Base.c1._proof_1
ThomsonN7.TwoRegime.localMinAt_tiny	theorem	9113	9115	ThomsonN7.SphereConfig ThomsonN7.TwoRegime.LocalMinAt ThomsonN7.R3 ThomsonN7.Reg.pent_local_min_sup ThomsonN7.pentBipyramid
ThomsonN7.M2.Pl.mul.eq_def	theorem	0	0	ThomsonN7.M2.K8 ThomsonN7.M2.Pl.scale _private.ThomsonN7.Solution.0.ThomsonN7.M2.Pl.mul.match_1.splitter ThomsonN7.M2.K8.zero ThomsonN7.M2.Pl.mul._f ThomsonN7.M2.Pl.mul ThomsonN7.M2.Pl.add ThomsonN7.M2.Pl.mul.match_1
ThomsonN7.Reg.CP_30.eq_1	theorem	0	0	ThomsonN7.cyl._proof_1 ThomsonN7.RegB.phiCos._proof_1 ThomsonN7.Reg.CP_30 ThomsonN7.Base.c1._proof_1
ThomsonN7.Reg.CP_45	def	6782	6782	ThomsonN7.triCapPrism._proof_1 ThomsonN7.cyl._proof_1 ThomsonN7.Base.c1._proof_1
ThomsonN7.SlabOneD.Cert.casesOn	def	15235	15240	ThomsonN7.SlabOneD.Cert.mk ThomsonN7.SlabOneD.Term ThomsonN7.SlabOneD.Cert.rec ThomsonN7.SlabOneD.Cert
ThomsonN7.M6.Box6.mk.inj	theorem	0	0	ThomsonN7.M6.Box6.mk ThomsonN7.M6.Box6 ThomsonN7.M6.Box6.mk.noConfusion
ThomsonN7.Kron.decode_code._proof_3	theorem	0	0	
ThomsonN7.Glue.Coerce.Contact2R.factor	theorem	13654	13661	ThomsonN7.Glue.Coerce.Contact2R ThomsonN7.Glue.Coerce.Contact2R.Dq ThomsonN7.Glue.Coerce.Contact2R.Q ThomsonN7.Glue.Coerce.Contact2R.q2 ThomsonN7.Glue.Coerce.Contact2R.G ThomsonN7.CutOneD.pneg ThomsonN7.CutOneD.padd ThomsonN7.CutOneD.peval_padd ThomsonN7.Glue.Coerce.chainOK ThomsonN7.Glue.Coerce.Fpoly ThomsonN7.Glue.Coerce.lin ThomsonN7.Glue.Coerce.Contact2R.pieces ThomsonN7.CutOneD.peval_pscale ThomsonN7.CutOneD.pscale ThomsonN7.Glue.Coerce.Contact2R.g0n ThomsonN7.Glue.Coerce.Contact2R.p2 ThomsonN7.Glue.Coerce.Contact2R.piecesR ThomsonN7.Glue.Coerce.Contact2R.g0d ThomsonN7.CutOneD.peval_eq_zero_of_all ThomsonN7.CutOneD.pmul ThomsonN7.Glue.Coerce.Contact2R.R ThomsonN7.Glue.Coerce.peval_lin ThomsonN7.Glue.Coerce.Contact2R.s ThomsonN7.CutOneD.peval_pmul ThomsonN7.Glue.Coerce.Contact2R.p1 ThomsonN7.Glue.Coerce.Contact2R.check ThomsonN7.CutOneD.peval ThomsonN7.Glue.Coerce.Contact2R.q1 ThomsonN7.CutOneD.peval_pneg
ThomsonN7.M2.eval_qlist_pos	theorem	3192	3197	ThomsonN7.M2.qlist_coeff_pos ThomsonN7.M2.K8 ThomsonN7.M2.K8.toReal ThomsonN7.M2.Pl.eval ThomsonN7.M2.qlist ThomsonN7.M2.Pl.eval_pos
ThomsonN7.Cert.TCert.FPm	def	14947	14949	ThomsonN7.Cert.TCert.m ThomsonN7.Cert.TCert.blkP ThomsonN7.Cert.TCert ThomsonN7.Cert.fmat ThomsonN7.Cert.TCert.Lam
ThomsonN7.TwoRegime.count_ge_of_threePoint	theorem	6210	6241	ThomsonN7.coulombEnergy ThomsonN7.ThreePoint.three_point_bound ThomsonN7.ThreePoint.Rk ThomsonN7.Base.inner_lt_one_of_ne ThomsonN7.SphereConfig ThomsonN7.ThreePoint.matDot ThomsonN7.Base.neg_one_le_inner_of_unit ThomsonN7.Base.phi ThomsonN7.TwoRegime.cnt_cast ThomsonN7.R3 ThomsonN7.ThreePoint.GramOK ThomsonN7.Base.coulombEnergy_eq_sum_phi ThomsonN7.TwoRegime.cnt
ThomsonN7.Final.slab_s94_93	theorem	17496	17508	ThomsonN7.Cert.tc_s94_93_SG3 ThomsonN7.Cert.tc_s94_93_FP2 ThomsonN7.Cert.tc_s94_93_SG1 ThomsonN7.SlabOneD.Slab_s94_93.HB_le_phi ThomsonN7.Cert.tc_s94_93_SA0 ThomsonN7.Cert.tc_s94_93_A ThomsonN7.Cert.tc_s94_93_FP4 ThomsonN7.Cert.tc_s94_93_SB1 ThomsonN7.Cert.TCert.bn ThomsonN7.Cert.tc_s94_93_FR2 ThomsonN7.Cert.tc_s94_93_FR5 ThomsonN7.Cert.tc_s94_93_SB4 ThomsonN7.Cert.TCert.bd ThomsonN7.Cert.tc_s94_93_FR0 ThomsonN7.Cert.tc_s94_93_SG2 ThomsonN7.Cert.tc_s94_93_SA3 ThomsonN7.Cert.TCert.ad ThomsonN7.Cert.tc_s94_93_SA1 ThomsonN7.SlabOneD.Slab_s94_93.HA_le_phi ThomsonN7.SlabOneD.Slab_s94_93.HC_le_phi ThomsonN7.Cert.TCert.ef ThomsonN7.Cert.Blk ThomsonN7.Cert.TCert.an ThomsonN7.Cert.tc_s94_93_G ThomsonN7.Glue.SlabSpec ThomsonN7.Cert.tc_s94_93_FP5 ThomsonN7.Cert.TBlk ThomsonN7.Cert.tc_s94_93_SG4 ThomsonN7.Cert.tc_s94_93_SB3 ThomsonN7.Cert.TCert.alo ThomsonN7.Cert.tc_s94_93 ThomsonN7.Glue.slabSpec_of_data ThomsonN7.Cert.TCert.mk ThomsonN7.Cert.tc_s94_93_FR1 ThomsonN7.Cert.tc_s94_93_SB2 ThomsonN7.Cert.tc_s94_93_SA5 ThomsonN7.Cert.tc_s94_93_SA4 ThomsonN7.Cert.tc_s94_93_FP0 ThomsonN7.Cert.tc_s94_93_SG0 ThomsonN7.Cert.TCert.Lam ThomsonN7.Cert.tc_s94_93_FR3 ThomsonN7.Cert.tc_s94_93_FP1 ThomsonN7.Cert.tc_s94_93_SA2 ThomsonN7.Cert.tc_s94_93_FP3 ThomsonN7.Cert.TCert.ahi ThomsonN7.Cert.TCert.e ThomsonN7.Cert.tc_s94_93_SB0 ThomsonN7.Cert.tc_s94_93_meta ThomsonN7.Cert.tc_s94_93_FR4 ThomsonN7.Cert.tc_s94_93_B
ThomsonN7.Glue.RootedClaim	def	12070	12074	ThomsonN7.M3.firstWhere._proof_1 ThomsonN7.SphereConfig ThomsonN7.Glue.Concl ThomsonN7.cyl._proof_1 ThomsonN7.R3 ThomsonN7.RegB.quadPart._proof_1 ThomsonN7.Reg.CP_56._proof_2
ThomsonN7.Case1Data.S5_B_D_15	def	10118	10118	
ThomsonN7.SlabOneD.Slab_s94_93.parHC.eq_1	theorem	0	0	ThomsonN7.SlabOneD.Slab_s94_93.parHC ThomsonN7.SlabOneD.Par.mk ThomsonN7.SlabOneD.Par
ThomsonN7.Glue.Coerce.Contact1R.noConfusion	def	13524	13536	ThomsonN7.Glue.Coerce.Contact1R.noConfusionType ThomsonN7.Glue.Coerce.Contact1R.casesOn ThomsonN7.Glue.Coerce.Contact1R ThomsonN7.Glue.Coerce.BPiece
ThomsonN7.ThreePoint.Q3.eq_1	theorem	0	0	ThomsonN7.ThreePoint.Q3
ThomsonN7.RegB.t0_45	theorem	5092	5092	ThomsonN7.RegB.t0_north ThomsonN7.RegB.t0
ThomsonN7.Reg.mlo_18	theorem	7029	7030	ThomsonN7.Reg.mon_lo ThomsonN7.Reg.InBox
ThomsonN7.Cert.Cert3.K	def	2658	2659	ThomsonN7.Cert.Cert3 ThomsonN7.Cert.Blk ThomsonN7.Cert.Cert3.F
ThomsonN7.CutOneD.pneg.eq_1	theorem	0	0	ThomsonN7.CutOneD.pneg
ThomsonN7.Case1Data.S4_B_D_22	def	10049	10049	
ThomsonN7.SlabOneD.Slab_s98_96.termHC_0	def	16801	16802	ThomsonN7.SlabOneD.Term ThomsonN7.SlabOneD.Term.mk
ThomsonN7.Case1Data.S2_B_D_1	def	9876	9876	
ThomsonN7.Case1Data.S3_B_l	def	9950	9950	ThomsonN7.Case1Data.S3_B_l_6 ThomsonN7.Case1Data.S3_B_l_9 ThomsonN7.Case1Data.S3_B_l_29 ThomsonN7.Case1Data.S3_B_l_18 ThomsonN7.Case1Data.S3_B_l_20 ThomsonN7.Case1Data.S3_B_l_5 ThomsonN7.Case1Data.S3_B_l_28 ThomsonN7.Case1Data.S3_B_l_25 ThomsonN7.Case1Data.S3_B_l_8 ThomsonN7.Case1Data.S3_B_l_21 ThomsonN7.Case1Data.S3_B_l_24 ThomsonN7.Case1Data.S3_B_l_19 ThomsonN7.Case1Data.S3_B_l_0 ThomsonN7.Case1Data.S3_B_l_33 ThomsonN7.Case1Data.S3_B_l_16 ThomsonN7.Case1Data.S3_B_l_2 ThomsonN7.Case1Data.S3_B_l_34 ThomsonN7.Case1Data.S3_B_l_32 ThomsonN7.Case1Data.S3_B_l_23 ThomsonN7.Case1Data.S3_B_l_1 ThomsonN7.Case1Data.S3_B_l_14 ThomsonN7.Case1Data.S3_B_l_30 ThomsonN7.Case1Data.S3_B_l_7 ThomsonN7.Case1Data.S3_B_l_22 ThomsonN7.Case1Data.S3_B_l_26 ThomsonN7.Case1Data.S3_B_l_4 ThomsonN7.Case1Data.S3_B_l_17 ThomsonN7.Case1Data.S3_B_l_10 ThomsonN7.Case1Data.S3_B_l_31 ThomsonN7.Case1Data.S3_B_l_13 ThomsonN7.Case1Data.S3_B_l_27 ThomsonN7.Case1Data.S3_B_l_3 ThomsonN7.Case1Data.S3_B_l_11 ThomsonN7.Case1Data.S3_B_l_15 ThomsonN7.Case1Data.S3_B_l_12
ThomsonN7.Cert.degK_one	theorem	14299	14304	ThomsonN7.Kron.Ex.dy ThomsonN7.Kron.Ex.mul ThomsonN7.Kron.Ex.mon ThomsonN7.Kron.Ex.add ThomsonN7.Kron.Ex ThomsonN7.Kron.Ex.rec ThomsonN7.Cert.degK
ThomsonN7.T4.exists_ring._proof_1	theorem	0	0	
ThomsonN7.Kron.Ex.sumRange.eq_1	theorem	0	0	ThomsonN7.Kron.Ex.sumRange ThomsonN7.Kron.Ex ThomsonN7.Kron.Ex.sumE
ThomsonN7.Case1Data.S1_B_l_24	def	9787	9787	
ThomsonN7.Glue.Coerce.Contact1R.piecesR	def	13536	13536	ThomsonN7.Glue.Coerce.Contact1R ThomsonN7.Glue.Coerce.BPiece
ThomsonN7.Cert.tc_s98_96_SB1	def	16636	16640	ThomsonN7.Cert.TBlk ThomsonN7.Cert.TBlk.mk
ThomsonN7.GV.s1_bounds	theorem	5224	5226	
ThomsonN7.Kron.Ex.toList.eq_2	theorem	0	0	ThomsonN7.Kron.Ex.Term ThomsonN7.Kron.Ex.mon ThomsonN7.Kron.Ex.toList
ThomsonN7.Case1Data.S4_B_D_27	def	10054	10054	
ThomsonN7.M2.Pl.eval_pow.match_1	def	0	0	
ThomsonN7.Glue.cap_of_typed_tube7	theorem	12602	12629	ThomsonN7.coulombEnergy ThomsonN7.Glue.TubeRigid ThomsonN7.Glue.cap_of_typed_tube ThomsonN7.ThreePoint.lamA ThomsonN7.SphereConfig ThomsonN7.ThreePoint.Sk ThomsonN7.Base.c2 ThomsonN7.Glue.Concl ThomsonN7.Base.neg_one_le_inner_of_unit ThomsonN7.ThreePoint.lamG ThomsonN7.Base.phi ThomsonN7.ThreePoint.lamB ThomsonN7.R3 ThomsonN7.Base.c1 ThomsonN7.Glue.typed7_cls3 ThomsonN7.ThreePoint.GramOK ThomsonN7.pentBipyramid ThomsonN7.TwoRegime.LocalGramA
ThomsonN7.Reg.g_6_4	theorem	4318	4319	ThomsonN7.Reg.g_4_6 ThomsonN7.R3 ThomsonN7.pentBipyramid
ThomsonN7.Glue.Coerce.Contact1R.R	def	13532	13532	ThomsonN7.Glue.Coerce.Contact1R
ThomsonN7.SlabOneD.sqSumZ._unsafe_rec	def	0	0	ThomsonN7.SlabOneD.sqSumZ._unsafe_rec ThomsonN7.CutOneD.sqSum.match_1 ThomsonN7.SlabOneD.evalZ
ThomsonN7.Cert.ev_sixE	theorem	2433	2436	ThomsonN7.Cert.six ThomsonN7.Kron.Ex.ev ThomsonN7.Cert.sbst ThomsonN7.Cert.sixE ThomsonN7.Cert.ev_sbst ThomsonN7.Kron.Ex.add ThomsonN7.Kron.Ex ThomsonN7.Kron.Ex.varVal
ThomsonN7.Case1Data.F3_D_1	def	9640	9640	
ThomsonN7.Cert.offAbs_eq	theorem	13960	13972	ThomsonN7.Cert.offAbs ThomsonN7.Cert.offAbs.eq_2 ThomsonN7.Cert.offAbs_eq._proof_4
ThomsonN7.Cert.tc_s99_98_B._proof_1	theorem	0	0	ThomsonN7.Cert.TCert.chkB ThomsonN7.Cert.tc_s99_98
ThomsonN7.Case1Data.S0_B_l_20	def	9665	9665	
ThomsonN7.Cert.tc_cap_B	theorem	16083	16083	ThomsonN7.Cert.TCert.chkB ThomsonN7.Cert.tc_cap ThomsonN7.Cert.tc_cap_B._proof_1
ThomsonN7.CutOneD.Cert.A3	def	9218	9218	ThomsonN7.CutOneD.Cert
ThomsonN7.Reg.CP_14.eq_1	theorem	0	0	ThomsonN7.triCapPrism._proof_1 ThomsonN7.Reg.CP_14 ThomsonN7.cyl._proof_1 ThomsonN7.RegB.phiCos._proof_1 ThomsonN7.Reg.CP_14._proof_1
ThomsonN7.SlabOneD.Par.mk._flat_ctor	def	0	0	ThomsonN7.SlabOneD.Par.mk ThomsonN7.SlabOneD.Par
ThomsonN7.M3.cosA.eq_1	theorem	0	0	ThomsonN7.pentBipyramid._proof_1 ThomsonN7.M3.cosA ThomsonN7.Base.c1._proof_1
ThomsonN7.M3.cos_pent._proof_4	theorem	0	0	
ThomsonN7.M2.Pl.mul._unsafe_rec	def	0	0	ThomsonN7.M2.K8 ThomsonN7.M2.Pl.scale ThomsonN7.M2.K8.zero ThomsonN7.M2.Pl.mul._unsafe_rec ThomsonN7.M2.Pl.add ThomsonN7.M2.Pl.mul.match_1
ThomsonN7.M6.mid_bounds._proof_1	theorem	0	0	
ThomsonN7.Case1Data.S5_B_D	def	10138	10138	ThomsonN7.Case1Data.S5_B_D_21 ThomsonN7.Case1Data.S5_B_D_6 ThomsonN7.Case1Data.S5_B_D_9 ThomsonN7.Case1Data.S5_B_D_30 ThomsonN7.Case1Data.S5_B_D_22 ThomsonN7.Case1Data.S5_B_D_28 ThomsonN7.Case1Data.S5_B_D_20 ThomsonN7.Case1Data.S5_B_D_31 ThomsonN7.Case1Data.S5_B_D_26 ThomsonN7.Case1Data.S5_B_D_29 ThomsonN7.Case1Data.S5_B_D_7 ThomsonN7.Case1Data.S5_B_D_32 ThomsonN7.Case1Data.S5_B_D_16 ThomsonN7.Case1Data.S5_B_D_13 ThomsonN7.Case1Data.S5_B_D_11 ThomsonN7.Case1Data.S5_B_D_27 ThomsonN7.Case1Data.S5_B_D_2 ThomsonN7.Case1Data.S5_B_D_15 ThomsonN7.Case1Data.S5_B_D_18 ThomsonN7.Case1Data.S5_B_D_8 ThomsonN7.Case1Data.S5_B_D_24 ThomsonN7.Case1Data.S5_B_D_3 ThomsonN7.Case1Data.S5_B_D_25 ThomsonN7.Case1Data.S5_B_D_1 ThomsonN7.Case1Data.S5_B_D_23 ThomsonN7.Case1Data.S5_B_D_14 ThomsonN7.Case1Data.S5_B_D_10 ThomsonN7.Case1Data.S5_B_D_34 ThomsonN7.Case1Data.S5_B_D_12 ThomsonN7.Case1Data.S5_B_D_0 ThomsonN7.Case1Data.S5_B_D_17 ThomsonN7.Case1Data.S5_B_D_33 ThomsonN7.Case1Data.S5_B_D_19 ThomsonN7.Case1Data.S5_B_D_4 ThomsonN7.Case1Data.S5_B_D_5
ThomsonN7.SlabOneD.evalZ.eq_2	theorem	0	0	ThomsonN7.SlabOneD.evalZ
ThomsonN7.Cert.tc_s94_93_SB4	def	17312	17316	ThomsonN7.Cert.TBlk ThomsonN7.Cert.TBlk.mk
ThomsonN7.Reg.gP_1_3	theorem	8301	8301	ThomsonN7.Reg.g_1_3 ThomsonN7.Base.c2 ThomsonN7.Reg.gP
ThomsonN7.M2.Pl.comp._sunfold	def	0	0	ThomsonN7.M2.K8 ThomsonN7.M2.Pl.comp ThomsonN7.M2.Pl.mul ThomsonN7.M2.Pl.add ThomsonN7.M2.Pl.mul.match_1
ThomsonN7.Glue.Coerce.Contact1.recOn	def	13170	13180	ThomsonN7.Glue.Coerce.Contact1.rec ThomsonN7.Glue.Coerce.BPiece ThomsonN7.Glue.Coerce.Contact1.mk ThomsonN7.Glue.Coerce.Contact1
ThomsonN7.pentBipyramid_energy	theorem	258	308	ThomsonN7.coulombEnergy ThomsonN7.pent_dist_pent ThomsonN7.pent_dist_poles ThomsonN7.coulombEnergy_seven ThomsonN7.pent_dist_south ThomsonN7.R3 ThomsonN7.pent_dist_north ThomsonN7.pentBipyramid
ThomsonN7.Glue.Coerce.chainOK._f	def	0	0	ThomsonN7.Glue.Coerce.BPiece.u1 ThomsonN7.Glue.Coerce.BPiece.w1 ThomsonN7.Glue.Coerce.BPiece.w2 ThomsonN7.Glue.Coerce.BPiece.u2 ThomsonN7.Glue.Coerce.BPiece.check ThomsonN7.Glue.Coerce.chainOK.match_1 ThomsonN7.Glue.Coerce.BPiece
ThomsonN7.Glue.Coerce.Fpoly	def	13078	13079	ThomsonN7.CutOneD.compQ ThomsonN7.CutOneD.pneg ThomsonN7.CutOneD.padd ThomsonN7.CutOneD.pmul
ThomsonN7.Base.cos_fifth	theorem	441	456	ThomsonN7.Base.cos_fifth._proof_2 ThomsonN7.Base.cos_8pi5 ThomsonN7.Base.cos_4pi5 ThomsonN7.Base.c2 ThomsonN7.Base.c1 ThomsonN7.Base.cos_6pi5 ThomsonN7.Base.cos_2pi5 ThomsonN7.Base.cos_fifth._proof_1
ThomsonN7.Case1Data.S2_B_D	def	9910	9910	ThomsonN7.Case1Data.S2_B_D_30 ThomsonN7.Case1Data.S2_B_D_12 ThomsonN7.Case1Data.S2_B_D_11 ThomsonN7.Case1Data.S2_B_D_31 ThomsonN7.Case1Data.S2_B_D_14 ThomsonN7.Case1Data.S2_B_D_15 ThomsonN7.Case1Data.S2_B_D_10 ThomsonN7.Case1Data.S2_B_D_6 ThomsonN7.Case1Data.S2_B_D_7 ThomsonN7.Case1Data.S2_B_D_22 ThomsonN7.Case1Data.S2_B_D_23 ThomsonN7.Case1Data.S2_B_D_27 ThomsonN7.Case1Data.S2_B_D_21 ThomsonN7.Case1Data.S2_B_D_34 ThomsonN7.Case1Data.S2_B_D_26 ThomsonN7.Case1Data.S2_B_D_13 ThomsonN7.Case1Data.S2_B_D_8 ThomsonN7.Case1Data.S2_B_D_25 ThomsonN7.Case1Data.S2_B_D_28 ThomsonN7.Case1Data.S2_B_D_20 ThomsonN7.Case1Data.S2_B_D_0 ThomsonN7.Case1Data.S2_B_D_16 ThomsonN7.Case1Data.S2_B_D_1 ThomsonN7.Case1Data.S2_B_D_17 ThomsonN7.Case1Data.S2_B_D_18 ThomsonN7.Case1Data.S2_B_D_24 ThomsonN7.Case1Data.S2_B_D_2 ThomsonN7.Case1Data.S2_B_D_29 ThomsonN7.Case1Data.S2_B_D_9 ThomsonN7.Case1Data.S2_B_D_33 ThomsonN7.Case1Data.S2_B_D_32 ThomsonN7.Case1Data.S2_B_D_3 ThomsonN7.Case1Data.S2_B_D_4 ThomsonN7.Case1Data.S2_B_D_5 ThomsonN7.Case1Data.S2_B_D_19
ThomsonN7.Cert.zt.eq_1	theorem	0	0	ThomsonN7.Cert.zt
ThomsonN7.ThreePoint.Zsym	def	1538	1542	ThomsonN7.triCapPrism._proof_2 ThomsonN7.ThreePoint.Zw
ThomsonN7.Case1Data.S2_B_l_1	def	9840	9840	
ThomsonN7.Reg.CP_1.eq_1	theorem	0	0	ThomsonN7.triCapPrism._proof_1 ThomsonN7.Reg.CP_1
ThomsonN7.Base.inner_cyl	theorem	407	411	ThomsonN7.cyl._proof_1 ThomsonN7.R3 ThomsonN7.cyl
ThomsonN7.SlabOneD.Term.mult	def	15225	15228	ThomsonN7.SlabOneD.Term.f1 ThomsonN7.SlabOneD.Term.fy ThomsonN7.SlabOneD.pmul ThomsonN7.SlabOneD.Par.mu2 ThomsonN7.SlabOneD.Term ThomsonN7.SlabOneD.Par.nu1 ThomsonN7.SlabOneD.Par.mu1 ThomsonN7.SlabOneD.Term.f2 ThomsonN7.SlabOneD.Par ThomsonN7.SlabOneD.Par.nu2
ThomsonN7.SlabOneD.sumTerms	def	15230	15233	ThomsonN7.SlabOneD.Term ThomsonN7.SlabOneD.sumTerms._f ThomsonN7.SlabOneD.Par
ThomsonN7.Reg.CP_56._proof_1	theorem	0	0	
ThomsonN7.Cert.q3E._f	def	0	0	ThomsonN7.Kron.Ex.V ThomsonN7.Cert.q3E.match_1 ThomsonN7.Kron.Ex.sub ThomsonN7.Kron.Ex.T ThomsonN7.Kron.Ex.mul ThomsonN7.Kron.Ex.U ThomsonN7.Kron.Ex.c ThomsonN7.Kron.Ex ThomsonN7.Kron.Ex.smul ThomsonN7.Kron.Ex.sq
_private.ThomsonN7.Solution.0.ThomsonN7.Cert.linF.match_1.splitter	def	0	0	ThomsonN7.Cert.linF.match_1
ThomsonN7.M2.K8.mk.noConfusion	def	2847	2847	ThomsonN7.M2.K8 ThomsonN7.M2.K8.noConfusion ThomsonN7.M2.K8.mk
ThomsonN7.Case1Data.F1_D	def	9620	9620	ThomsonN7.Case1Data.F1_D_3 ThomsonN7.Case1Data.F1_D_0 ThomsonN7.Case1Data.F1_D_2 ThomsonN7.Case1Data.F1_D_4 ThomsonN7.Case1Data.F1_D_1
ThomsonN7.Cert.tc_s96_94_A	theorem	17045	17045	ThomsonN7.Cert.TCert.chkA ThomsonN7.Cert.tc_s96_94_A._proof_1 ThomsonN7.Cert.tc_s96_94
ThomsonN7.Reg.CP_22.eq_1	theorem	0	0	ThomsonN7.triCapPrism._proof_1 ThomsonN7.triCapPrism._proof_2 ThomsonN7.cyl._proof_1 ThomsonN7.Reg.CP_22
ThomsonN7.SlabOneD.peval_padd	theorem	15141	15147	ThomsonN7.SlabOneD.padd ThomsonN7.SlabOneD.peval ThomsonN7.SlabOneD.peval.eq_2
ThomsonN7.Reg.InBox._proof_4	theorem	0	0	
ThomsonN7.SlabOneD.peval._sunfold	def	0	0	ThomsonN7.SlabOneD.peval ThomsonN7.CutOneD.peval.match_1
ThomsonN7.Cert.tc_s98_96_meta	theorem	16714	16714	ThomsonN7.Cert.TCert.checkMeta ThomsonN7.Cert.tc_s98_96 ThomsonN7.Cert.tc_s98_96_meta._proof_1
ThomsonN7.M3.emb_injective._proof_4	theorem	0	0	
ThomsonN7.Case1Data.F0_D	def	9606	9606	ThomsonN7.Case1Data.F0_D_0 ThomsonN7.Case1Data.F0_D_4 ThomsonN7.Case1Data.F0_D_3 ThomsonN7.Case1Data.F0_D_1 ThomsonN7.Case1Data.F0_D_5 ThomsonN7.Case1Data.F0_D_2
ThomsonN7.Cert.six	def	2420	2422	
ThomsonN7.Case1Data.F2_D_0	def	9628	9628	
ThomsonN7.Cert.tc_s98_96_FR4	def	16584	16587	ThomsonN7.Cert.Blk ThomsonN7.Cert.mkBlk
ThomsonN7.Case1Data.S6_B_l_20	def	10163	10163	
ThomsonN7.Final.a	def	17848	17856	ThomsonN7.Final.a._proof_5 ThomsonN7.Final.a._proof_4 ThomsonN7.Final.a._proof_3 ThomsonN7.Final.a._proof_2 ThomsonN7.Final.a._proof_7 ThomsonN7.RegB.quadPart._proof_1 ThomsonN7.Cert.perm3.match_1 ThomsonN7.Final.a._proof_8 ThomsonN7.Final.a._proof_6 ThomsonN7.Final.a._proof_1 ThomsonN7.Reg.CP_56._proof_2
_private.ThomsonN7.Solution.0.ThomsonN7.Cert.unpackI.match_1.splitter	def	0	0	ThomsonN7.Cert.unpackI.match_1
ThomsonN7.Case1Data.S1_B_l_29	def	9792	9792	
ThomsonN7.Cert.tc_s99_98_G._proof_1	theorem	0	0	ThomsonN7.Cert.tc_s99_98 ThomsonN7.Cert.TCert.chkG
_private.ThomsonN7.Solution.0.ThomsonN7.M2.Pl.mul.match_1.eq_2	theorem	0	0	ThomsonN7.M2.K8 ThomsonN7.M2.Pl.mul.match_1
ThomsonN7.SlabOneD.Cert.mk.sizeOf_spec	theorem	0	0	ThomsonN7.SlabOneD.Cert.mk ThomsonN7.SlabOneD.Term ThomsonN7.SlabOneD.Cert._sizeOf_inst ThomsonN7.SlabOneD.Cert ThomsonN7.SlabOneD.Term._sizeOf_inst
ThomsonN7.Kron.Ex.ev.match_1	def	0	0	ThomsonN7.Kron.Ex.casesOn ThomsonN7.Kron.Ex.mul ThomsonN7.Kron.Ex.mon ThomsonN7.Kron.Ex.add ThomsonN7.Kron.Ex.c ThomsonN7.Kron.Ex
ThomsonN7.RegB.poleSum	def	4951	4952	ThomsonN7.M3.firstWhere._proof_1 ThomsonN7.R3
ThomsonN7.Reg.mhi_4	theorem	6975	6976	ThomsonN7.Reg.mon_hi ThomsonN7.Reg.InBox
ThomsonN7.Case1.c1Stat_sumRange	theorem	10351	10355	ThomsonN7.Case1.c1Sum ThomsonN7.Kron.Ex.sumRange.eq_1 ThomsonN7.Case1.c1Stat ThomsonN7.Kron.Ex.sumRange ThomsonN7.Case1.C1Stat ThomsonN7.Kron.Ex ThomsonN7.Kron.Ex.sumE ThomsonN7.Case1.c1Stat_sumE
ThomsonN7.Cert.Blk.ok_parts._simp_3	theorem	0	0	
ThomsonN7.Case1Data.S4_B_D_29	def	10056	10056	
ThomsonN7.RegB.t0_12	theorem	4932	4933	ThomsonN7.RegB.t0_ring_lt ThomsonN7.Base.c1 ThomsonN7.RegB.t0 ThomsonN7.Base.cos_2pi5
ThomsonN7.Final.slab_s99_98	theorem	16509	16521	ThomsonN7.Cert.tc_s99_98_A ThomsonN7.Cert.tc_s99_98_FP0 ThomsonN7.Cert.tc_s99_98_FR0 ThomsonN7.Cert.TCert.bn ThomsonN7.Cert.tc_s99_98_SB2 ThomsonN7.Cert.tc_s99_98_SG2 ThomsonN7.Cert.TCert.bd ThomsonN7.Cert.tc_s99_98_FP3 ThomsonN7.Cert.tc_s99_98_SA4 ThomsonN7.Cert.tc_s99_98_FP1 ThomsonN7.Cert.tc_s99_98_SG0 ThomsonN7.SlabOneD.Slab_s99_98.HB_le_phi ThomsonN7.Cert.TCert.ad ThomsonN7.Cert.tc_s99_98_SA2 ThomsonN7.Cert.tc_s99_98_SB3 ThomsonN7.Cert.TCert.ef ThomsonN7.Cert.Blk ThomsonN7.Cert.TCert.an ThomsonN7.Glue.SlabSpec ThomsonN7.Cert.tc_s99_98_SG4 ThomsonN7.Cert.TBlk ThomsonN7.Cert.tc_s99_98_FP2 ThomsonN7.Cert.tc_s99_98 ThomsonN7.Cert.TCert.alo ThomsonN7.Cert.tc_s99_98_FR4 ThomsonN7.Cert.tc_s99_98_B ThomsonN7.Glue.slabSpec_of_data ThomsonN7.Cert.tc_s99_98_SB4 ThomsonN7.Cert.tc_s99_98_SG3 ThomsonN7.Cert.TCert.mk ThomsonN7.Cert.tc_s99_98_SA1 ThomsonN7.Cert.tc_s99_98_FP5 ThomsonN7.Cert.tc_s99_98_FR2 ThomsonN7.Cert.tc_s99_98_G ThomsonN7.Cert.tc_s99_98_SB1 ThomsonN7.Cert.tc_s99_98_FR5 ThomsonN7.Cert.tc_s99_98_SB0 ThomsonN7.Cert.tc_s99_98_SA5 ThomsonN7.Cert.tc_s99_98_FP4 ThomsonN7.Cert.tc_s99_98_meta ThomsonN7.Cert.TCert.Lam ThomsonN7.SlabOneD.Slab_s99_98.HA_le_phi ThomsonN7.Cert.tc_s99_98_SG1 ThomsonN7.Cert.tc_s99_98_SA3 ThomsonN7.Cert.TCert.ahi ThomsonN7.Cert.TCert.e ThomsonN7.Cert.tc_s99_98_SA0 ThomsonN7.SlabOneD.Slab_s99_98.HC_le_phi ThomsonN7.Cert.tc_s99_98_FR1 ThomsonN7.Cert.tc_s99_98_FR3
ThomsonN7.Case1Data.F1_l_3	def	9612	9612	
ThomsonN7.Reg.kk_12_13	theorem	8102	8104	ThomsonN7.Reg.cross_of_enc
ThomsonN7.Case1Data.S3_B_D_31	def	9982	9982	
ThomsonN7.M3.search_spec._simp_2	theorem	0	0	ThomsonN7.M3.all4_eq_true ThomsonN7.M3.all4
ThomsonN7.Glue.slabSpec_of_tcert	theorem	15631	15640	ThomsonN7.coulombEnergy ThomsonN7.Cert.TCert.HBf ThomsonN7.Cert.TCert.chkB ThomsonN7.Glue.cls3 ThomsonN7.M3.firstWhere._proof_1 ThomsonN7.SphereConfig ThomsonN7.Cert.TCert.checkMeta ThomsonN7.Cert.TCert.ef ThomsonN7.Glue.SlabSpec ThomsonN7.Cert.TCert.alo ThomsonN7.Cert.TCert.HCf ThomsonN7.Cert.TCert.HAf ThomsonN7.Base.phi ThomsonN7.cyl._proof_1 ThomsonN7.Cert.TCert.chkA ThomsonN7.R3 ThomsonN7.Cert.TCert ThomsonN7.Glue.pent_lt_of ThomsonN7.Glue.tcert_bound ThomsonN7.Cert.TCert.chkG ThomsonN7.pentBipyramid ThomsonN7.Cert.TCert.ahi
ThomsonN7.Cert.gE	def	2556	2558	ThomsonN7.Kron.Ex.mul ThomsonN7.Kron.Ex.c ThomsonN7.Kron.Ex ThomsonN7.Cert.codeE
ThomsonN7.Cert.Blk.mk.sizeOf_spec	theorem	0	0	ThomsonN7.Cert.Blk ThomsonN7.Cert.Blk.mk ThomsonN7.Cert.Blk._sizeOf_inst
ThomsonN7.Glue.exists_cell._proof_1	theorem	0	0	
ThomsonN7.Cert.Blk.empty	def	2625	2626	ThomsonN7.Cert.Blk ThomsonN7.Cert.Blk.mk
ThomsonN7.M2.K8.ofRat.eq_1	theorem	0	0	ThomsonN7.M2.K8 ThomsonN7.M2.K8.ofRat ThomsonN7.M2.K8.mk
ThomsonN7.Kron.Ex.c	ctor	1601	1601	ThomsonN7.Kron.Ex.c ThomsonN7.Kron.Ex
ThomsonN7.SlabOneD.Term.casesOn	def	15217	15223	ThomsonN7.SlabOneD.Term ThomsonN7.SlabOneD.Term.rec ThomsonN7.SlabOneD.Term.mk
ThomsonN7.Cert.SBlk.σ	def	2608	2608	ThomsonN7.Cert.SBlk
ThomsonN7.Cert.comb2.match_1	def	0	0	ThomsonN7.Cert.comb2._sparseCasesOn_1
ThomsonN7.TwoRegime.GramRigid	def	5730	5735	ThomsonN7.SphereConfig ThomsonN7.cyl._proof_1 ThomsonN7.R3 ThomsonN7.TwoRegime.sumW ThomsonN7.pentBipyramid
ThomsonN7.Kron.Ex.add.noConfusion	def	1603	1603	ThomsonN7.Kron.Ex.noConfusion ThomsonN7.Kron.Ex.add ThomsonN7.Kron.Ex
ThomsonN7.CutOneD.cutCert_ok	theorem	9574	9575	ThomsonN7.CutOneD.cutCert_ok._proof_1 ThomsonN7.CutOneD.cutCert ThomsonN7.CutOneD.Cert.check
ThomsonN7.Case1Data.S6_B_D_5	def	10184	10184	
ThomsonN7.Cert.TBlk.B.eq_1	theorem	0	0	ThomsonN7.Cert.TBlk.BD ThomsonN7.Cert.TBlk.xl ThomsonN7.Cert.TBlk.xD ThomsonN7.Cert.Blk ThomsonN7.Cert.TBlk ThomsonN7.Cert.TBlk.xd ThomsonN7.Cert.TBlk.Bd ThomsonN7.Cert.mkBlk ThomsonN7.Cert.TBlk.r ThomsonN7.Cert.TBlk.B ThomsonN7.Cert.TBlk.Bl
ThomsonN7.Cert.Cert3.idE.eq_1	theorem	0	0	ThomsonN7.Kron.Ex.sub ThomsonN7.Cert.Cert3 ThomsonN7.Cert.Cert3.idE ThomsonN7.Cert.Cert3.ad ThomsonN7.Cert.Cert3.blk ThomsonN7.Cert.SBlk ThomsonN7.Cert.ftotE ThomsonN7.Cert.Cert3.m ThomsonN7.Cert.hE ThomsonN7.Cert.Cert3.eps ThomsonN7.Cert.Cert3.h ThomsonN7.Cert.Cert3.K ThomsonN7.Cert.sblkE ThomsonN7.Kron.Ex.c ThomsonN7.Kron.Ex ThomsonN7.Kron.Ex.smul ThomsonN7.Cert.Cert3.S ThomsonN7.Cert.Cert3.an ThomsonN7.Cert.Cert3.n ThomsonN7.Kron.Ex.sumE ThomsonN7.Cert.fkE
ThomsonN7.Case1Data.S4_B_D_21	def	10048	10048	
ThomsonN7.Case1Data.S7_B	def	10261	10261	ThomsonN7.Cert.Blk ThomsonN7.Case1Data.S7_B_d ThomsonN7.Case1Data.S7_B_l ThomsonN7.Case1Data.S7_B_D ThomsonN7.Cert.Blk.mk
ThomsonN7.T4.sig7_zero	theorem	11818	11818	ThomsonN7.T4.pentIdx ThomsonN7.T4.sig7 ThomsonN7.T4.sig7._proof_3 ThomsonN7.T4.sig7._proof_4
ThomsonN7.Reg.s2	def	4111	4112	ThomsonN7.pentBipyramid._proof_1 ThomsonN7.Base.c1._proof_1
ThomsonN7.Case1Data.S0_B_l_0	def	9645	9645	
ThomsonN7.Reg.ss_11	theorem	8227	8227	
ThomsonN7.Cert.tc_s93_90_FR0	def	17551	17554	ThomsonN7.Cert.Blk ThomsonN7.Cert.mkBlk
ThomsonN7.M2.H	def	3226	3227	ThomsonN7.M2.Hlist ThomsonN7.M2.Pl.eval
ThomsonN7.Cert.l1_linF_le	theorem	14198	14210	ThomsonN7.Cert.l1_linF_le._f ThomsonN7.Cert.linF ThomsonN7.Kron.Ex.l1
ThomsonN7.ThreePoint.Q3.eq_def	theorem	0	0	ThomsonN7.ThreePoint.Q3 ThomsonN7.cyl._proof_1 ThomsonN7.ThreePoint.Q3._f ThomsonN7.ThreePoint.Q3.match_1 _private.ThomsonN7.Solution.0.ThomsonN7.ThreePoint.Q3.match_1.splitter
ThomsonN7.Glue.Coerce.BPiece.mk.inj	theorem	0	0	ThomsonN7.Glue.Coerce.BPiece.mk ThomsonN7.Glue.Coerce.BPiece ThomsonN7.Glue.Coerce.BPiece.mk.noConfusion
ThomsonN7.Cert.tc_s93_90	def	17677	17699	ThomsonN7.Cert.tc_s93_90_SB4 ThomsonN7.Cert.tc_s93_90_SG0 ThomsonN7.Cert.tc_s93_90_FP0 ThomsonN7.Cert.tc_s93_90_SA3 ThomsonN7.Cert.tc_s93_90_SA0 ThomsonN7.Cert.tc_s93_90_FR1 ThomsonN7.Cert.tc_s93_90_FR5 ThomsonN7.Cert.tc_s93_90_FR3 ThomsonN7.Cert.tc_s93_90_SA2 ThomsonN7.Cert.tc_s93_90_FP3 ThomsonN7.Cert.tc_s93_90_SG3 ThomsonN7.Cert.tc_s93_90_SG4 ThomsonN7.Cert.Blk ThomsonN7.Cert.tc_s93_90_FP4 ThomsonN7.Cert.TBlk ThomsonN7.Cert.tc_s93_90_SB2 ThomsonN7.Cert.tc_s93_90_FP5 ThomsonN7.Cert.tc_s93_90_SG1 ThomsonN7.Cert.TCert.mk ThomsonN7.Cert.tc_s93_90_SB1 ThomsonN7.Cert.tc_s93_90_FR4 ThomsonN7.Cert.tc_s93_90_FP2 ThomsonN7.Cert.TCert ThomsonN7.Cert.tc_s93_90_SA5 ThomsonN7.Cert.tc_s93_90_SB0 ThomsonN7.Cert.tc_s93_90_SA4 ThomsonN7.Cert.tc_s93_90_SB3 ThomsonN7.Cert.tc_s93_90_FR2 ThomsonN7.Cert.tc_s93_90_FP1 ThomsonN7.Cert.tc_s93_90_FR0 ThomsonN7.Cert.tc_s93_90_SA1 ThomsonN7.Cert.tc_s93_90_SG2
ThomsonN7.Reg.CP_39	def	6776	6776	ThomsonN7.triCapPrism._proof_1 ThomsonN7.RegB.phiCos._proof_3 ThomsonN7.Base.c1._proof_1
ThomsonN7.Glue.cap_of_typed	theorem	12218	12278	ThomsonN7.coulombEnergy ThomsonN7.Glue.cls3 ThomsonN7.M3.contact_rigidity ThomsonN7.Glue.pair_facts ThomsonN7.SphereConfig ThomsonN7.Base.c2 ThomsonN7.Glue.Concl ThomsonN7.Base.neg_one_le_inner_of_unit ThomsonN7.Glue.energy_eq_sum ThomsonN7.Base.phi ThomsonN7.R3 ThomsonN7.Base.c1 ThomsonN7.pentBipyramid
ThomsonN7.Case1.c1Stat_sumE	theorem	10342	10349	ThomsonN7.Case1.c1Stat_sumE._f ThomsonN7.Case1.c1Sum ThomsonN7.Case1.c1Stat ThomsonN7.Case1.C1Stat ThomsonN7.Kron.Ex ThomsonN7.Kron.Ex.sumE
ThomsonN7.Case1Data.S1_B_l_5	def	9768	9768	
ThomsonN7.Reg.sq_19	theorem	8256	8256	
ThomsonN7.Reg.InBox._proof_14	theorem	0	0	
ThomsonN7.Reg.W_0_1	theorem	4326	4327	ThomsonN7.Reg.W ThomsonN7.Reg.W_ne ThomsonN7.Reg.g_0_1 ThomsonN7.Base.phi ThomsonN7.R3 ThomsonN7.Base.c1 ThomsonN7.pentBipyramid
ThomsonN7.Reg.enc_46	theorem	7627	7644	ThomsonN7.Reg.mlo_18 ThomsonN7.Reg.mlo_16 ThomsonN7.Reg.mlo_1 ThomsonN7.triCapPrism._proof_1 ThomsonN7.Reg.mhi_14 ThomsonN7.Reg.mhi_18 ThomsonN7.Reg.mhi_1 ThomsonN7.Reg.mhi_27 ThomsonN7.Reg.mhi_16 ThomsonN7.cyl._proof_1 ThomsonN7.RegB.phiCos._proof_1 ThomsonN7.Reg.mlo_34 ThomsonN7.Reg.mlo_27 ThomsonN7.Reg.mhi_2 ThomsonN7.Reg.mhi_34 ThomsonN7.Reg.InBox ThomsonN7.Reg.mlo_14 ThomsonN7.Reg.mlo_2 ThomsonN7.Reg.CP_46
ThomsonN7.RegB.t0_36	theorem	5096	5096	ThomsonN7.RegB.t0 ThomsonN7.RegB.t0_south
ThomsonN7.Cert.gE_nonneg	theorem	2560	2566	ThomsonN7.Kron.Ex.mul ThomsonN7.Kron.Ex.ev ThomsonN7.Cert.GramCut ThomsonN7.Cert.gE ThomsonN7.Kron.Ex.c ThomsonN7.Kron.Ex ThomsonN7.Cert.codeE ThomsonN7.Cert.codeE_nonneg
ThomsonN7.Reg.ss_6	theorem	8222	8222	
ThomsonN7.T4.pentc	def	11741	11742	
ThomsonN7.Kron.Ex.add.elim	def	1603	1603	ThomsonN7.Kron.Ex.ctorIdx ThomsonN7.Kron.Ex.ctorElim ThomsonN7.Kron.Ex.add ThomsonN7.Kron.Ex
ThomsonN7.Glue.Coerce.Contact2.mk.noConfusion	def	13267	13267	ThomsonN7.Glue.Coerce.Contact2.mk ThomsonN7.Glue.Coerce.Contact2 ThomsonN7.Glue.Coerce.Contact2.noConfusion ThomsonN7.Glue.Coerce.BPiece
ThomsonN7.Reg.enc_25	theorem	7379	7386	ThomsonN7.Reg.mlo_31 ThomsonN7.Reg.mhi_32 ThomsonN7.Reg.CP_25 ThomsonN7.Reg.mlo_32 ThomsonN7.Reg.mhi_31 ThomsonN7.triCapPrism._proof_2 ThomsonN7.RegB.phiCos._proof_1 ThomsonN7.Reg.InBox
ThomsonN7.Cert.tc_s96_94_B._proof_1	theorem	0	0	ThomsonN7.Cert.TCert.chkB ThomsonN7.Cert.tc_s96_94
ThomsonN7.ThreePoint.sum_third_eq	theorem	1404	1415	ThomsonN7.ThreePoint.card_third._simp_2 ThomsonN7.ThreePoint.card_third._simp_3 ThomsonN7.ThreePoint.card_third._simp_1
ThomsonN7.Reg.enc_13	theorem	7231	7236	ThomsonN7.Reg.mlo_1 ThomsonN7.triCapPrism._proof_1 ThomsonN7.Reg.CP_13 ThomsonN7.Reg.mhi_1 ThomsonN7.Reg.InBox ThomsonN7.Base.c1._proof_1
ThomsonN7.SlabOneD.Par.mk.noConfusion	def	15211	15211	ThomsonN7.SlabOneD.Par.mk ThomsonN7.SlabOneD.Par.noConfusion ThomsonN7.SlabOneD.Par
ThomsonN7.GV.inner_frame1	theorem	5428	5430	ThomsonN7.cyl._proof_1 ThomsonN7.GV.inner_coord ThomsonN7.R3 ThomsonN7.GV.L22 ThomsonN7.GV.frame
ThomsonN7.SlabOneD.Slab_s96_94.parHA.eq_1	theorem	0	0	ThomsonN7.SlabOneD.Slab_s96_94.parHA ThomsonN7.SlabOneD.Par.mk ThomsonN7.SlabOneD.Par
ThomsonN7.Reg.kk_20_20	theorem	8213	8215	ThomsonN7.Reg.diag_of_enc
ThomsonN7.Case1Data.S0_B_l_23	def	9668	9668	
ThomsonN7.M2.rs2_pos	theorem	3219	3224	ThomsonN7.triCapPrism._proof_1 ThomsonN7.M2.rb_pos ThomsonN7.M2.rs2 ThomsonN7.M2.rb_sq ThomsonN7.M2.rb
ThomsonN7.M2.K8.neg	def	2879	2880	ThomsonN7.M2.K8.x4 ThomsonN7.M2.K8.x1 ThomsonN7.M2.K8 ThomsonN7.M2.K8.x3 ThomsonN7.M2.K8.x7 ThomsonN7.M2.K8.x2 ThomsonN7.M2.K8.x6 ThomsonN7.M2.K8.mk ThomsonN7.M2.K8.x5 ThomsonN7.M2.K8.x0
ThomsonN7.ThreePoint.mrg7	theorem	11037	11040	ThomsonN7.ThreePoint.gm ThomsonN7.ThreePoint.instDecidableIsP ThomsonN7.ThreePoint.s7 ThomsonN7.ThreePoint.mrg ThomsonN7.ThreePoint.isP
ThomsonN7.Cert.tc_s94_93_SA3	def	17270	17274	ThomsonN7.Cert.TBlk ThomsonN7.Cert.TBlk.mk
ThomsonN7.Case1Data.S2_B_D_16	def	9891	9891	
ThomsonN7.SlabOneD.Slab_s98_96.termHA_1	def	16738	16739	ThomsonN7.SlabOneD.Term ThomsonN7.SlabOneD.Term.mk
ThomsonN7.M3.search.eq_1	theorem	0	0	ThomsonN7.M3.leaf ThomsonN7.M3.imp ThomsonN7.M3.ok4 ThomsonN7.M3.search ThomsonN7.M3.all4 ThomsonN7.M3.mk21
ThomsonN7.Case1Data.S1_B_l_31	def	9794	9794	
ThomsonN7.Case1.eps_ge._proof_2	theorem	0	0	ThomsonN7.Case1Data.cf ThomsonN7.Cert.Cert3.eps ThomsonN7.Cert.Cert3.Lam
ThomsonN7.Glue.Coerce.peval_ppow	theorem	12939	12942	ThomsonN7.Glue.Coerce.ppow ThomsonN7.CutOneD.peval.eq_2 ThomsonN7.CutOneD.pmul ThomsonN7.CutOneD.peval_pmul ThomsonN7.CutOneD.peval
_private.ThomsonN7.Solution.0.ThomsonN7.M2.Pl.pow.match_1.eq_1	theorem	0	0	ThomsonN7.M2.Pl.pow.match_1
ThomsonN7.Case1Data.S6_B_l_9	def	10152	10152	
ThomsonN7.Case1Data.S4_B_D_6	def	10033	10033	
_private.ThomsonN7.Solution.0.ThomsonN7.Glue.Coerce.bernSum.match_1.eq_2	theorem	0	0	ThomsonN7.Glue.Coerce.bernSum.match_1
ThomsonN7.ThreePoint.Sk	def	11183	11186	ThomsonN7.ThreePoint.Y3 ThomsonN7.ThreePoint.matDot
ThomsonN7.M2.K8.x2	def	2850	2850	ThomsonN7.M2.K8
ThomsonN7.ThreePoint.dsum_perm_tvu	theorem	1525	1528	ThomsonN7.ThreePoint.dsum_perm_tuv ThomsonN7.ThreePoint.dsum_swap23 ThomsonN7.ThreePoint.dsum
ThomsonN7.Cert.quadF._sunfold	def	0	0	ThomsonN7.Cert.quadF.match_1 ThomsonN7.Kron.Ex.add ThomsonN7.Cert.quadF ThomsonN7.Kron.Ex.c ThomsonN7.Kron.Ex ThomsonN7.Cert.rowF
ThomsonN7.Case1Data.S1_B_D_14	def	9813	9813	
ThomsonN7.Case1Data.S2_B_l_28	def	9867	9867	
ThomsonN7.GV.P_inner_0	theorem	5486	5487	ThomsonN7.GV.inner_coord ThomsonN7.R3 ThomsonN7.pentBipyramid ThomsonN7.GV.pent0
ThomsonN7.SlabOneD.l1.eq_def	theorem	0	0	_private.ThomsonN7.Solution.0.ThomsonN7.CutOneD.compQ.match_1.splitter ThomsonN7.SlabOneD.l1._f ThomsonN7.SlabOneD.l1 ThomsonN7.CutOneD.compQ.match_1
ThomsonN7.Cert.l1_rowF_le._f	def	0	0	ThomsonN7.Cert.l1_linF_le.match_1 ThomsonN7.Kron.Ex.mon ThomsonN7.Kron.Ex.l1.eq_1 ThomsonN7.Cert.smulNZ ThomsonN7.Kron.Ex.l1 ThomsonN7.Kron.Ex.l1.eq_3 ThomsonN7.Cert.l1_smulNZ_le ThomsonN7.Cert.rowF
ThomsonN7.Cert.tc_s98_96_meta._proof_1	theorem	0	0	ThomsonN7.Cert.TCert.checkMeta ThomsonN7.Cert.tc_s98_96
ThomsonN7.M2.aU.eq_1	theorem	0	0	ThomsonN7.M2.aL ThomsonN7.M2.aU
ThomsonN7.Reg.kk_6_13	theorem	7961	7963	ThomsonN7.Reg.cross_of_enc
ThomsonN7.SlabOneD.l1_pmul	theorem	15378	15392	ThomsonN7.SlabOneD.l1.eq_1 ThomsonN7.SlabOneD.padd ThomsonN7.SlabOneD.pmul ThomsonN7.SlabOneD.pscale ThomsonN7.SlabOneD.l1_padd ThomsonN7.SlabOneD.l1 ThomsonN7.SlabOneD.l1_pscale
ThomsonN7.ThreePoint.matDot_smul	theorem	1066	1070	ThomsonN7.ThreePoint.matDot
ThomsonN7.CutOneD.sqEval_nonneg	theorem	9204	9209	ThomsonN7.CutOneD.sqEval ThomsonN7.CutOneD.peval
ThomsonN7.Case1Data.S1_B_D_4	def	9803	9803	
ThomsonN7.Cert.tc_s94_93_SA0	def	17252	17256	ThomsonN7.Cert.TBlk ThomsonN7.Cert.TBlk.mk
ThomsonN7.Glue.Coerce.Contact2.ctorIdx	def	0	0	ThomsonN7.Glue.Coerce.Contact2
ThomsonN7.Cert.tc_s96_94_FR3	def	16908	16911	ThomsonN7.Cert.Blk ThomsonN7.Cert.mkBlk
ThomsonN7.Reg.crit_2_y	theorem	4476	4478	ThomsonN7.Reg.hF1 ThomsonN7.Reg.s1 ThomsonN7.Base.c2 ThomsonN7.Reg.hF2 ThomsonN7.Base.c1 ThomsonN7.Reg.s2 ThomsonN7.Reg.hF4
ThomsonN7.Reg.planeRot._proof_6	theorem	0	0	
ThomsonN7.Case1Data.S1_B_l	def	9798	9798	ThomsonN7.Case1Data.S1_B_l_5 ThomsonN7.Case1Data.S1_B_l_1 ThomsonN7.Case1Data.S1_B_l_31 ThomsonN7.Case1Data.S1_B_l_0 ThomsonN7.Case1Data.S1_B_l_2 ThomsonN7.Case1Data.S1_B_l_6 ThomsonN7.Case1Data.S1_B_l_21 ThomsonN7.Case1Data.S1_B_l_19 ThomsonN7.Case1Data.S1_B_l_24 ThomsonN7.Case1Data.S1_B_l_25 ThomsonN7.Case1Data.S1_B_l_33 ThomsonN7.Case1Data.S1_B_l_11 ThomsonN7.Case1Data.S1_B_l_16 ThomsonN7.Case1Data.S1_B_l_13 ThomsonN7.Case1Data.S1_B_l_4 ThomsonN7.Case1Data.S1_B_l_17 ThomsonN7.Case1Data.S1_B_l_3 ThomsonN7.Case1Data.S1_B_l_8 ThomsonN7.Case1Data.S1_B_l_14 ThomsonN7.Case1Data.S1_B_l_26 ThomsonN7.Case1Data.S1_B_l_15 ThomsonN7.Case1Data.S1_B_l_10 ThomsonN7.Case1Data.S1_B_l_12 ThomsonN7.Case1Data.S1_B_l_27 ThomsonN7.Case1Data.S1_B_l_18 ThomsonN7.Case1Data.S1_B_l_9 ThomsonN7.Case1Data.S1_B_l_20 ThomsonN7.Case1Data.S1_B_l_28 ThomsonN7.Case1Data.S1_B_l_30 ThomsonN7.Case1Data.S1_B_l_34 ThomsonN7.Case1Data.S1_B_l_32 ThomsonN7.Case1Data.S1_B_l_22 ThomsonN7.Case1Data.S1_B_l_23 ThomsonN7.Case1Data.S1_B_l_7 ThomsonN7.Case1Data.S1_B_l_29
ThomsonN7.Case1Data.S3_B_d	def	9914	9914	
ThomsonN7.CutOneD.sqSum._f	def	0	0	ThomsonN7.CutOneD.padd ThomsonN7.CutOneD.sqSum.match_1 ThomsonN7.CutOneD.pscale ThomsonN7.CutOneD.pmul
ThomsonN7.Cert.sqfVal	def	14145	14148	ThomsonN7.Cert.Blk.del ThomsonN7.Cert.Blk ThomsonN7.Cert.Blk.lq ThomsonN7.Cert.Blk.dq
ThomsonN7.SlabOneD.Slab_s94_93.certHA	def	17417	17421	ThomsonN7.SlabOneD.Slab_s94_93.termHA_6 ThomsonN7.SlabOneD.Slab_s94_93.termHA_5 ThomsonN7.SlabOneD.Cert.mk ThomsonN7.SlabOneD.Slab_s94_93.termHA_3 ThomsonN7.SlabOneD.Term ThomsonN7.SlabOneD.Slab_s94_93.termHA_1 ThomsonN7.SlabOneD.Slab_s94_93.termHA_2 ThomsonN7.SlabOneD.Slab_s94_93.termHA_4 ThomsonN7.SlabOneD.Cert ThomsonN7.SlabOneD.Slab_s94_93.termHA_7 ThomsonN7.SlabOneD.Slab_s94_93.termHA_0
_private.ThomsonN7.Solution.0.ThomsonN7.Cert.comb2.match_1.eq_1	theorem	0	0	ThomsonN7.Cert.comb2.match_1
ThomsonN7.SlabOneD.Slab_s99_98.certHA_ok._proof_1	theorem	0	0	ThomsonN7.SlabOneD.Slab_s99_98.parHA ThomsonN7.SlabOneD.Slab_s99_98.certHA ThomsonN7.SlabOneD.Cert.check
ThomsonN7.Cert.tc_s93_90.eq_1	theorem	0	0	ThomsonN7.Cert.tc_s93_90_SB4 ThomsonN7.Cert.tc_s93_90_SG0 ThomsonN7.Cert.tc_s93_90_FP0 ThomsonN7.Cert.tc_s93_90_SA3 ThomsonN7.Cert.tc_s93_90_SA0 ThomsonN7.Cert.tc_s93_90_FR1 ThomsonN7.Cert.tc_s93_90_FR5 ThomsonN7.Cert.tc_s93_90_FR3 ThomsonN7.Cert.tc_s93_90_SA2 ThomsonN7.Cert.tc_s93_90_FP3 ThomsonN7.Cert.tc_s93_90_SG3 ThomsonN7.Cert.tc_s93_90_SG4 ThomsonN7.Cert.Blk ThomsonN7.Cert.tc_s93_90_FP4 ThomsonN7.Cert.TBlk ThomsonN7.Cert.tc_s93_90_SB2 ThomsonN7.Cert.tc_s93_90_FP5 ThomsonN7.Cert.tc_s93_90_SG1 ThomsonN7.Cert.TCert.mk ThomsonN7.Cert.tc_s93_90_SB1 ThomsonN7.Cert.tc_s93_90_FR4 ThomsonN7.Cert.tc_s93_90_FP2 ThomsonN7.Cert.TCert ThomsonN7.Cert.tc_s93_90_SA5 ThomsonN7.Cert.tc_s93_90_SB0 ThomsonN7.Cert.tc_s93_90_SA4 ThomsonN7.Cert.tc_s93_90_SB3 ThomsonN7.Cert.tc_s93_90 ThomsonN7.Cert.tc_s93_90_FR2 ThomsonN7.Cert.tc_s93_90_FP1 ThomsonN7.Cert.tc_s93_90_FR0 ThomsonN7.Cert.tc_s93_90_SA1 ThomsonN7.Cert.tc_s93_90_SG2
ThomsonN7.Case1Data.F3_D_2	def	9641	9641	
ThomsonN7.M6.isq	def	11315	11318	
ThomsonN7.SlabOneD.l1_padd	theorem	15352	15362	ThomsonN7.SlabOneD.padd ThomsonN7.SlabOneD.l1_padd._proof_1 ThomsonN7.SlabOneD.l1.eq_2 ThomsonN7.SlabOneD.l1
ThomsonN7.Kron.coefk.match_1	def	0	0	ThomsonN7.Kron.Ex.Term
ThomsonN7.Case1Data.S5_B_D_21	def	10124	10124	
ThomsonN7.Glue.Coerce.bernSum._f	def	0	0	ThomsonN7.CutOneD.padd ThomsonN7.Glue.Coerce.ppow ThomsonN7.CutOneD.pscale ThomsonN7.Glue.Coerce.bernSum.match_1 ThomsonN7.CutOneD.pmul
ThomsonN7.Cert.TCert.idB_ev	theorem	14915	14916	ThomsonN7.Cert.fqCur ThomsonN7.Cert.TCert.FB ThomsonN7.Cert.TCert.chkB ThomsonN7.Cert.TCert.SB ThomsonN7.Cert.TCert.ad ThomsonN7.Cert.TCert.an ThomsonN7.Cert.hybChk_sound ThomsonN7.Cert.fqCur_spec ThomsonN7.Kron.Ex.ev ThomsonN7.Cert.TCert ThomsonN7.Cert.TCert.idB
ThomsonN7.SlabOneD.Cert.diffZ	def	15328	15330	ThomsonN7.SlabOneD.sumTermsZ ThomsonN7.SlabOneD.Cert.Q ThomsonN7.SlabOneD.Cert.terms ThomsonN7.SlabOneD.Cert ThomsonN7.SlabOneD.evalZ ThomsonN7.SlabOneD.Cert.m ThomsonN7.SlabOneD.Par ThomsonN7.SlabOneD.Cert.Lam
ThomsonN7.Cert.TBlk.xd	def	14091	14091	ThomsonN7.Cert.TBlk
ThomsonN7.Case1Data.F1_D_1	def	9616	9616	
ThomsonN7.Cert.tc_s96_94_FP2	def	16873	16876	ThomsonN7.Cert.Blk ThomsonN7.Cert.mkBlk
ThomsonN7.Case1Data.S6_B_l_33	def	10176	10176	
ThomsonN7.Cert.degK.eq_2	theorem	0	0	ThomsonN7.Kron.Ex.mon ThomsonN7.Cert.proj ThomsonN7.Cert.degK
ThomsonN7.ThreePoint.W7	def	11015	11026	ThomsonN7.triCapPrism._proof_1 ThomsonN7.ThreePoint.gm ThomsonN7.ThreePoint.instDecidableIsP ThomsonN7.cyl._proof_1 ThomsonN7.pentBipyramid._proof_1 ThomsonN7.Base.c1._proof_1 ThomsonN7.ThreePoint.isP
ThomsonN7.M6.imul	def	11311	11313	
ThomsonN7.Reg.mlo_29	theorem	7073	7074	ThomsonN7.Reg.mon_lo ThomsonN7.Reg.InBox
ThomsonN7.Glue.Coerce.Contact1.rec	rec	13170	13180	ThomsonN7.Glue.Coerce.BPiece ThomsonN7.Glue.Coerce.Contact1.mk ThomsonN7.Glue.Coerce.Contact1
ThomsonN7.Kron.Ex.mul.noConfusion	def	1604	1604	ThomsonN7.Kron.Ex.mul ThomsonN7.Kron.Ex.noConfusion ThomsonN7.Kron.Ex
ThomsonN7.pent_five	theorem	95	95	ThomsonN7.cyl._proof_1 ThomsonN7.R3 ThomsonN7.pentBipyramid._proof_1 ThomsonN7.cyl ThomsonN7.pentBipyramid
ThomsonN7.Cert.sbst._f	def	0	0	ThomsonN7.Kron.Ex.below ThomsonN7.Kron.Ex.mul ThomsonN7.Kron.Ex.mon ThomsonN7.Kron.Ex.add ThomsonN7.Kron.Ex.ev.match_1 ThomsonN7.Kron.Ex.c ThomsonN7.Kron.Ex
ThomsonN7.Reg.mlo_9	theorem	6993	6994	ThomsonN7.Reg.mon_lo ThomsonN7.Reg.InBox
ThomsonN7.SlabOneD.Slab_s93_90.certHA	def	17746	17750	ThomsonN7.SlabOneD.Cert.mk ThomsonN7.SlabOneD.Slab_s93_90.termHA_4 ThomsonN7.SlabOneD.Term ThomsonN7.SlabOneD.Slab_s93_90.termHA_0 ThomsonN7.SlabOneD.Cert ThomsonN7.SlabOneD.Slab_s93_90.termHA_7 ThomsonN7.SlabOneD.Slab_s93_90.termHA_6 ThomsonN7.SlabOneD.Slab_s93_90.termHA_3 ThomsonN7.SlabOneD.Slab_s93_90.termHA_5 ThomsonN7.SlabOneD.Slab_s93_90.termHA_2 ThomsonN7.SlabOneD.Slab_s93_90.termHA_1
ThomsonN7.Case1Data.S7_B_D_12	def	10252	10252	
ThomsonN7.Cert.tc_s99_98_SA3	def	16283	16287	ThomsonN7.Cert.TBlk ThomsonN7.Cert.TBlk.mk
ThomsonN7.Kron.Ex.subst._f	def	0	0	ThomsonN7.Kron.Ex.below ThomsonN7.Kron.Ex.mul ThomsonN7.Kron.Ex.mon ThomsonN7.Kron.Ex.pw ThomsonN7.Kron.Ex.add ThomsonN7.Kron.Ex.ev.match_1 ThomsonN7.Kron.Ex.c ThomsonN7.Kron.Ex
ThomsonN7.Reg.mhi_5	theorem	6979	6980	ThomsonN7.Reg.mon_hi ThomsonN7.Reg.InBox
ThomsonN7.Cert.sqfE	def	2484	2489	ThomsonN7.Cert.zzmon ThomsonN7.Cert.Blk.del ThomsonN7.Cert.zmon ThomsonN7.Kron.Ex.sumRange ThomsonN7.Cert.Blk ThomsonN7.Cert.Blk.lq ThomsonN7.Cert.Blk.dq ThomsonN7.Kron.Ex.add ThomsonN7.Cert.smulNZ ThomsonN7.Kron.Ex ThomsonN7.Kron.Ex.sq
ThomsonN7.Reg.CP_33	def	6770	6770	ThomsonN7.triCapPrism._proof_1 ThomsonN7.Base.c1._proof_1
ThomsonN7.Reg.pent_0	theorem	4139	4140	ThomsonN7.cyl._proof_1 ThomsonN7.R3 ThomsonN7.cyl ThomsonN7.pent_of_lt ThomsonN7.pentBipyramid
ThomsonN7.SlabOneD.Slab_s96_94.termHC_3	def	17139	17140	ThomsonN7.SlabOneD.Term ThomsonN7.SlabOneD.Term.mk
ThomsonN7.Cert.tc_s98_96_FP5	def	16559	16562	ThomsonN7.Cert.Blk ThomsonN7.Cert.mkBlk
ThomsonN7.Case1Data.S3_B_D_7	def	9958	9958	
ThomsonN7.Kron.Ex.sumRange	def	1978	1979	ThomsonN7.Kron.Ex ThomsonN7.Kron.Ex.sumE
ThomsonN7.Cert.sqF.eq_1	theorem	0	0	ThomsonN7.Kron.Ex.c ThomsonN7.Kron.Ex ThomsonN7.Cert.sqF
ThomsonN7.RegB.poleSum.eq_1	theorem	0	0	ThomsonN7.RegB.poleSum ThomsonN7.M3.firstWhere._proof_1 ThomsonN7.R3
ThomsonN7.ThreePoint.normsq_coords	theorem	1022	1025	ThomsonN7.R3 ThomsonN7.ThreePoint.inner_coords
ThomsonN7.CutOneD.compQ.eq_2	theorem	0	0	ThomsonN7.CutOneD.compQ ThomsonN7.CutOneD.padd ThomsonN7.CutOneD.pmul
ThomsonN7.EPBounds.sqrt2_bounds	theorem	6522	6526	
ThomsonN7.pent_six	theorem	96	96	ThomsonN7.cyl._proof_1 ThomsonN7.R3 ThomsonN7.pentBipyramid._proof_1 ThomsonN7.cyl ThomsonN7.pentBipyramid
ThomsonN7.SlabOneD.Slab_s93_90.termHB_3	def	17770	17771	ThomsonN7.SlabOneD.Term ThomsonN7.SlabOneD.Term.mk
ThomsonN7.Glue.Coerce.Contact2R.mk.noConfusion	def	13630	13630	ThomsonN7.Glue.Coerce.Contact2R ThomsonN7.Glue.Coerce.Contact2R.noConfusion ThomsonN7.Glue.Coerce.Contact2R.mk ThomsonN7.Glue.Coerce.BPiece
ThomsonN7.Case1Data.S6_B_l_5	def	10148	10148	
ThomsonN7.Case1Data.S3_B_l_14	def	9929	9929	
ThomsonN7.Reg.enc_33	theorem	7467	7474	ThomsonN7.triCapPrism._proof_1 ThomsonN7.Reg.mhi_14 ThomsonN7.Reg.CP_33 ThomsonN7.Reg.mhi_15 ThomsonN7.Reg.mlo_15 ThomsonN7.Reg.InBox ThomsonN7.Reg.mlo_14 ThomsonN7.Base.c1._proof_1
ThomsonN7.Cert.gramCut_perm3	theorem	2593	2602	_private.ThomsonN7.Solution.0.ThomsonN7.Cert.perm3.match_1.eq_4 ThomsonN7.Cert.perm3 _private.ThomsonN7.Solution.0.ThomsonN7.Cert.perm3.match_1.eq_3 _private.ThomsonN7.Solution.0.ThomsonN7.Cert.perm3.match_1.eq_5 _private.ThomsonN7.Solution.0.ThomsonN7.Kron.Ex.pw.match_1.eq_2 _private.ThomsonN7.Solution.0.ThomsonN7.Cert.perm3.match_1.eq_1 _private.ThomsonN7.Solution.0.ThomsonN7.Cert.perm3.match_1.eq_2 ThomsonN7.Kron.Ex.pw.match_1 _private.ThomsonN7.Solution.0.ThomsonN7.Cert.perm3.match_1.eq_6 ThomsonN7.Cert.GramCut ThomsonN7.Cert.gramCut_swap23 ThomsonN7.Cert.gramCut_swap12 ThomsonN7.Cert.perm3.match_1 _private.ThomsonN7.Solution.0.ThomsonN7.Kron.Ex.pw.match_1.eq_3 ThomsonN7.Kron.Ex.varVal _private.ThomsonN7.Solution.0.ThomsonN7.Kron.Ex.pw.match_1.eq_1 ThomsonN7.Cert.gramCut_perm3.match_1
ThomsonN7.Reg.pc_0_0	theorem	8315	8316	ThomsonN7.R3 ThomsonN7.Reg.pent_0 ThomsonN7.pentBipyramid
ThomsonN7.Final.a._proof_4	theorem	0	0	
ThomsonN7.Case1Data.F0_D_5	def	9605	9605	
ThomsonN7.Reg.kk_2_17	theorem	7838	7840	ThomsonN7.Reg.cross_of_enc
ThomsonN7.Reg.phi_mono	theorem	8771	8774	ThomsonN7.Base.phi ThomsonN7.cyl._proof_1
ThomsonN7.TwoRegime.count_lower_of_slack	theorem	6130	6142	ThomsonN7.coulombEnergy ThomsonN7.SphereConfig ThomsonN7.R3 ThomsonN7.pentBipyramid ThomsonN7.TwoRegime.cnt
ThomsonN7.Cert.TCert.le_one_of_gramOK	theorem	15005	15006	ThomsonN7.cyl._proof_1 ThomsonN7.ThreePoint.GramOK
ThomsonN7.Cert.TCert.HC	def	14851	14851	ThomsonN7.Cert.TCert
ThomsonN7.Reg.crit_1_y	theorem	4468	4470	ThomsonN7.Reg.hF1 ThomsonN7.Reg.s1 ThomsonN7.Base.c2 ThomsonN7.Reg.hF2 ThomsonN7.Base.c1 ThomsonN7.Reg.s2
ThomsonN7.Cert.TCert._sizeOf_inst	def	0	0	ThomsonN7.Cert.TCert._sizeOf_1 ThomsonN7.Cert.TCert
ThomsonN7.Reg.g_3_4	theorem	4261	4263	ThomsonN7.Reg.hF1 ThomsonN7.Reg.s1 ThomsonN7.Base.c2 ThomsonN7.Reg.inner_vec3 ThomsonN7.Reg.hF2 ThomsonN7.Reg.hF3 ThomsonN7.R3 ThomsonN7.Base.c1 ThomsonN7.Reg.s2 ThomsonN7.Reg.hF4 ThomsonN7.pentBipyramid ThomsonN7.Reg.pent_3 ThomsonN7.Reg.pent_4
ThomsonN7.Glue.Coerce.ContactA.mk.inj	theorem	0	0	ThomsonN7.Glue.Coerce.ContactA.mk.noConfusion ThomsonN7.Glue.Coerce.BPiece ThomsonN7.Glue.Coerce.ContactA.mk ThomsonN7.Glue.Coerce.ContactA
ThomsonN7.Cert.tc_s98_96_SG4	def	16684	16688	ThomsonN7.Cert.TBlk ThomsonN7.Cert.TBlk.mk
ThomsonN7.Reg.kk_14_20	theorem	8150	8152	ThomsonN7.Reg.cross_of_enc
ThomsonN7.Cert.TCert.FA	def	14885	14886	ThomsonN7.Cert.TCert.SRE ThomsonN7.Cert.TCert.ψBa ThomsonN7.Cert.TCert.HA ThomsonN7.Cert.TCert.mA ThomsonN7.Cert.TCert.SPE ThomsonN7.Cert.lamAE ThomsonN7.Cert.TCert.cal ThomsonN7.Cert.TCert ThomsonN7.Kron.Ex ThomsonN7.Kron.Ex.smul
ThomsonN7.SlabOneD.Slab_s93_90.parHC.eq_1	theorem	0	0	ThomsonN7.SlabOneD.Par.mk ThomsonN7.SlabOneD.Slab_s93_90.parHC ThomsonN7.SlabOneD.Par
ThomsonN7.Case1Data.S2_B_l_14	def	9853	9853	
ThomsonN7.Reg.CP_24.eq_1	theorem	0	0	ThomsonN7.triCapPrism._proof_2 ThomsonN7.cyl._proof_1 ThomsonN7.Reg.CP_24 ThomsonN7.Base.c1._proof_1
ThomsonN7.Case1Data.F2_l_3	def	9626	9626	
ThomsonN7.Glue.SlabSpec	def	12736	12747	ThomsonN7.coulombEnergy ThomsonN7.Glue.cls3 ThomsonN7.M3.firstWhere._proof_1 ThomsonN7.SphereConfig ThomsonN7.Base.phi ThomsonN7.cyl._proof_1 ThomsonN7.R3 ThomsonN7.pentBipyramid
ThomsonN7.M2.instDecidableEqK8.decEq._proof_8	theorem	0	0	ThomsonN7.M2.K8 ThomsonN7.M2.K8.mk.noConfusion ThomsonN7.M2.K8.mk
ThomsonN7.SlabOneD.Cert.diffZ.eq_1	theorem	0	0	ThomsonN7.SlabOneD.sumTermsZ ThomsonN7.SlabOneD.Cert.Q ThomsonN7.SlabOneD.Cert.terms ThomsonN7.SlabOneD.Cert ThomsonN7.SlabOneD.evalZ ThomsonN7.SlabOneD.Cert.m ThomsonN7.SlabOneD.Par ThomsonN7.SlabOneD.Cert.diffZ ThomsonN7.SlabOneD.Cert.Lam
ThomsonN7.GV.norm_sq_coord	theorem	5206	5208	ThomsonN7.R3
ThomsonN7.CutOneD.sqEval.eq_1	theorem	0	0	ThomsonN7.CutOneD.sqEval ThomsonN7.CutOneD.peval
ThomsonN7.Cert.tc_s94_93_FP1	def	17197	17200	ThomsonN7.Cert.Blk ThomsonN7.Cert.mkBlk
ThomsonN7.Glue.Coerce.Contact1.hB	theorem	13430	13438	ThomsonN7.Glue.Coerce.Contact1.g0d ThomsonN7.Glue.Coerce.Contact1.tube ThomsonN7.Glue.Coerce.Contact1.Q ThomsonN7.Glue.Coerce.Contact1.p ThomsonN7.Base.phi ThomsonN7.Glue.Coerce.Contact1.check ThomsonN7.Glue.Coerce.Contact1 ThomsonN7.Glue.Coerce.Contact1.q ThomsonN7.Glue.Coerce.Contact1.g0n ThomsonN7.Glue.Coerce.Contact1.Dq ThomsonN7.CutOneD.peval
ThomsonN7.ThreePoint.bound_of_critical	theorem	1556	1576	ThomsonN7.ThreePoint.three_point_bound_Z ThomsonN7.ThreePoint.Rk ThomsonN7.ThreePoint.matDot ThomsonN7.ThreePoint.Zsym ThomsonN7.ThreePoint.exists_min_EH ThomsonN7.ThreePoint.critical_of_min ThomsonN7.R3 ThomsonN7.ThreePoint.EH ThomsonN7.ThreePoint.GramOK ThomsonN7.ThreePoint.dsum ThomsonN7.ThreePoint.dsum_Zsym_eq_zero
ThomsonN7.Cert.TBlk.xl	def	14092	14092	ThomsonN7.Cert.TBlk
ThomsonN7.Glue.Coerce.Contact2.Dq	def	13268	13268	ThomsonN7.Glue.Coerce.Contact2
ThomsonN7.Reg.W_4_3	theorem	4413	4414	ThomsonN7.Reg.W ThomsonN7.Reg.W_ne ThomsonN7.Reg.g_4_3 ThomsonN7.Base.phi ThomsonN7.R3 ThomsonN7.Base.c1 ThomsonN7.pentBipyramid
ThomsonN7.Reg.sqrt5_hi	theorem	8680	8681	
ThomsonN7.Cert.sblkE	def	2612	2614	ThomsonN7.Cert.SBlk.g ThomsonN7.Cert.perm3 ThomsonN7.Kron.Ex.mul ThomsonN7.Cert.SBlk.σ ThomsonN7.Cert.SBlk ThomsonN7.Cert.SBlk.z ThomsonN7.Cert.sbst ThomsonN7.Cert.gE ThomsonN7.Kron.Ex ThomsonN7.Cert.SBlk.B ThomsonN7.Cert.sqfE
ThomsonN7.Cert.offB.eq_1	theorem	0	0	ThomsonN7.Cert.offB
ThomsonN7.M2.Pl.comp.eq_2	theorem	0	0	ThomsonN7.M2.K8 ThomsonN7.M2.Pl.comp ThomsonN7.M2.Pl.mul ThomsonN7.M2.Pl.add
ThomsonN7.T4.sig7.eq_1	theorem	0	0	ThomsonN7.T4.pentIdx ThomsonN7.T4.sig7 ThomsonN7.T4.sig7._proof_3 ThomsonN7.T4.sig7._proof_4
ThomsonN7.Case1Data.S0_B_l_32	def	9677	9677	
ThomsonN7.SlabOneD.Slab_s98_96.certHA_ok	theorem	16765	16765	ThomsonN7.SlabOneD.Slab_s98_96.parHA ThomsonN7.SlabOneD.Cert.check ThomsonN7.SlabOneD.Slab_s98_96.certHA_ok._proof_1 ThomsonN7.SlabOneD.Slab_s98_96.certHA
ThomsonN7.Case1Data.S0_B_D_38	def	9740	9740	
ThomsonN7.Case1Data.S4_B_D_26	def	10053	10053	
ThomsonN7.Case1Data.S5_B_l_27	def	10094	10094	
ThomsonN7.ThreePoint.dsum_sub	theorem	797	806	ThomsonN7.ThreePoint.dsum
ThomsonN7.Glue.slabSpec_of_typed7	theorem	12781	12800	ThomsonN7.coulombEnergy ThomsonN7.Glue.cls3 ThomsonN7.ThreePoint.lamA ThomsonN7.M3.firstWhere._proof_1 ThomsonN7.SphereConfig ThomsonN7.ThreePoint.Sk ThomsonN7.Glue.SlabSpec ThomsonN7.Glue.typed7_cls3_lo ThomsonN7.ThreePoint.lamG ThomsonN7.Base.phi ThomsonN7.cyl._proof_1 ThomsonN7.ThreePoint.lamB ThomsonN7.R3 ThomsonN7.ThreePoint.GramOK ThomsonN7.pentBipyramid
ThomsonN7.M3.cos_pent	theorem	3665	3671	ThomsonN7.M3.cos_pent._proof_7 ThomsonN7.M3.cos_pent._proof_2 ThomsonN7.M3.cos_pent._proof_5 ThomsonN7.M3.cos_pent._proof_1 ThomsonN7.M3.cos_pent._proof_8 ThomsonN7.M3.cos_pent._proof_3 ThomsonN7.M3.cos_pent_diff ThomsonN7.M3.cos_pent._proof_6 ThomsonN7.M3.cosA ThomsonN7.M3.cos_pent._proof_4 ThomsonN7.M3.cosB
ThomsonN7.Cert.tc_s99_98_SB3	def	16319	16323	ThomsonN7.Cert.TBlk ThomsonN7.Cert.TBlk.mk
ThomsonN7.Cert.TCert.FB	def	14888	14889	ThomsonN7.Cert.TCert.SRE ThomsonN7.Cert.TCert.ψBa ThomsonN7.Cert.TCert.SPE ThomsonN7.Cert.TCert.cbe ThomsonN7.Cert.TCert.ψCb ThomsonN7.Cert.TCert.mB ThomsonN7.Cert.TCert.HB ThomsonN7.Cert.TCert ThomsonN7.Kron.Ex ThomsonN7.Kron.Ex.smul ThomsonN7.Cert.lamBE
ThomsonN7.Reg.s1_sq	theorem	4118	4120	ThomsonN7.Reg.s1 ThomsonN7.cyl._proof_1 ThomsonN7.Base.c1 ThomsonN7.pentBipyramid._proof_1 ThomsonN7.Base.cos_2pi5
ThomsonN7.Reg.s2_eq	theorem	4114	4116	ThomsonN7.Reg.s1 ThomsonN7.cyl._proof_1 ThomsonN7.Base.c1 ThomsonN7.pentBipyramid._proof_1 ThomsonN7.Reg.s2 ThomsonN7.Base.cos_2pi5 ThomsonN7.Base.c1._proof_1
ThomsonN7.Kron.Ex.evalW._sunfold	def	0	0	ThomsonN7.Kron.Ex.evalW ThomsonN7.Kron.Ex.ev.match_1 ThomsonN7.Kron.Ex
ThomsonN7.Reg.mhi_32	theorem	7087	7088	ThomsonN7.Reg.mon_hi ThomsonN7.Reg.InBox
ThomsonN7.tri_cap._proof_1	theorem	0	0	
ThomsonN7.Reg.mlo_0	theorem	6957	6958	ThomsonN7.Reg.mon_lo ThomsonN7.Reg.InBox
ThomsonN7.Glue.Coerce.ContactA._sizeOf_inst	def	0	0	ThomsonN7.Glue.Coerce.ContactA._sizeOf_1 ThomsonN7.Glue.Coerce.ContactA
ThomsonN7.Cert.offAbs._unsafe_rec	def	0	0	ThomsonN7.Cert.offAbs._unsafe_rec ThomsonN7.Cert.offAbs.match_1
ThomsonN7.ThreePoint.dsum_mono	theorem	778	784	ThomsonN7.ThreePoint.dsum
ThomsonN7.M3.val.eq_1	theorem	0	0	ThomsonN7.M3.cosA ThomsonN7.M3.cosB ThomsonN7.M3.val
ThomsonN7.Glue.CapSpec._proof_1	theorem	0	0	
ThomsonN7.Cert.unpackI.eq_2	theorem	0	0	ThomsonN7.Cert.unpackI
ThomsonN7.Reg.crit_5_x	theorem	4496	4498	ThomsonN7.Reg.hF1 ThomsonN7.Base.c2 ThomsonN7.Base.c1
ThomsonN7.ThreePoint.Sk_swap	theorem	11188	11192	ThomsonN7.ThreePoint.Y3 ThomsonN7.ThreePoint.matDot_Y3_swap ThomsonN7.ThreePoint.Sk ThomsonN7.ThreePoint.matDot
ThomsonN7.SlabOneD.padd.eq_def	theorem	0	0	ThomsonN7.SlabOneD.padd ThomsonN7.CutOneD.padd.match_1 _private.ThomsonN7.Solution.0.ThomsonN7.CutOneD.padd.match_1.splitter ThomsonN7.SlabOneD.padd._f
ThomsonN7.ThreePoint.card_third._simp_2	theorem	0	0	
ThomsonN7.Case1Data.S6_B_D_4	def	10183	10183	
ThomsonN7.Case1Data.S2_B_l_27	def	9866	9866	
ThomsonN7.SlabOneD.Slab_s94_93.termHA_6	def	17411	17412	ThomsonN7.SlabOneD.Term ThomsonN7.SlabOneD.Term.mk
ThomsonN7.Base.phi_bregman_quintic	theorem	4042	4065	ThomsonN7.Base.phi_pos ThomsonN7.Base.phi ThomsonN7.Base.phi_tau_eq
ThomsonN7.Glue.Coerce.ContactA.g0n	def	13363	13363	ThomsonN7.Glue.Coerce.ContactA
ThomsonN7.Reg.kk_0_12	theorem	7778	7780	ThomsonN7.Reg.cross_of_enc
ThomsonN7.Glue.cap_of_typed_tube._proof_2	theorem	0	0	
ThomsonN7.Reg.enc_17	theorem	7285	7296	ThomsonN7.triCapPrism._proof_1 ThomsonN7.Reg.CP_17 ThomsonN7.Reg.mhi_23 ThomsonN7.Reg.mlo_9 ThomsonN7.Reg.mlo_6 ThomsonN7.Reg.mlo_23 ThomsonN7.Reg.mhi_20 ThomsonN7.cyl._proof_1 ThomsonN7.Reg.mlo_20 ThomsonN7.Reg.mhi_6 ThomsonN7.Reg.InBox ThomsonN7.Reg.mhi_9 ThomsonN7.Base.c1._proof_1
ThomsonN7.ThreePoint.Zw	def	1399	1402	ThomsonN7.cyl._proof_1
ThomsonN7.Reg.g_4_1	theorem	4274	4275	ThomsonN7.Reg.g_1_4 ThomsonN7.Base.c2 ThomsonN7.R3 ThomsonN7.pentBipyramid
ThomsonN7.Cert.TBlk.z	def	14086	14086	ThomsonN7.Cert.TBlk
ThomsonN7.Case1Data.S0_B_D_21	def	9723	9723	
_private.ThomsonN7.Solution.0.ThomsonN7.CutOneD.sqSum.match_1.eq_1	theorem	0	0	ThomsonN7.CutOneD.sqSum.match_1
ThomsonN7.GV.L32	def	5415	5416	ThomsonN7.GV.L22
ThomsonN7.Case1Data.S2_B_l_2	def	9841	9841	
ThomsonN7.Cert.TCert.FR	def	14855	14855	ThomsonN7.Cert.Blk ThomsonN7.Cert.TCert
ThomsonN7.Final.capA.eq_1	theorem	0	0	ThomsonN7.Glue.Coerce.BPiece.mk ThomsonN7.Cert.TCert.HA ThomsonN7.Cert.tc_cap ThomsonN7.Final.capA ThomsonN7.Glue.Coerce.BPiece ThomsonN7.Cert.TCert.Lam ThomsonN7.Glue.Coerce.ContactA.mk ThomsonN7.Glue.Coerce.ContactA
ThomsonN7.ThreePoint.tsum_swap23	theorem	622	625	
ThomsonN7.Cert.tc_s98_96_SA1	def	16600	16604	ThomsonN7.Cert.TBlk ThomsonN7.Cert.TBlk.mk
ThomsonN7.Kron.natAbs_coefk_le._proof_1	theorem	0	0	ThomsonN7.Kron.Ex.Term ThomsonN7.Kron.coefk ThomsonN7.Kron.code
ThomsonN7.ThreePoint.Q3_swap	theorem	10968	10979	ThomsonN7.ThreePoint.Q3 ThomsonN7.cyl._proof_1
ThomsonN7.M2.Pl.eval.eq_2	theorem	0	0	ThomsonN7.M2.K8 ThomsonN7.M2.K8.toReal ThomsonN7.M2.Pl.eval
ThomsonN7.TwoRegime.LocalMinAt	def	5722	5728	ThomsonN7.coulombEnergy ThomsonN7.SphereConfig ThomsonN7.R3 ThomsonN7.pentBipyramid
ThomsonN7.Cert.tc_s99_98	def	16361	16383	ThomsonN7.Cert.tc_s99_98_FP0 ThomsonN7.Cert.tc_s99_98_FR0 ThomsonN7.Cert.tc_s99_98_SB2 ThomsonN7.Cert.tc_s99_98_SG2 ThomsonN7.Cert.tc_s99_98_FP3 ThomsonN7.Cert.tc_s99_98_SA4 ThomsonN7.Cert.tc_s99_98_FP1 ThomsonN7.Cert.tc_s99_98_SG0 ThomsonN7.Cert.tc_s99_98_SA2 ThomsonN7.Cert.tc_s99_98_SB3 ThomsonN7.Cert.Blk ThomsonN7.Cert.tc_s99_98_SG4 ThomsonN7.Cert.TBlk ThomsonN7.Cert.tc_s99_98_FP2 ThomsonN7.Cert.tc_s99_98_FR4 ThomsonN7.Cert.tc_s99_98_SB4 ThomsonN7.Cert.tc_s99_98_SG3 ThomsonN7.Cert.TCert.mk ThomsonN7.Cert.tc_s99_98_SA1 ThomsonN7.Cert.tc_s99_98_FP5 ThomsonN7.Cert.tc_s99_98_FR2 ThomsonN7.Cert.tc_s99_98_SB1 ThomsonN7.Cert.TCert ThomsonN7.Cert.tc_s99_98_FR5 ThomsonN7.Cert.tc_s99_98_SB0 ThomsonN7.Cert.tc_s99_98_SA5 ThomsonN7.Cert.tc_s99_98_FP4 ThomsonN7.Cert.tc_s99_98_SG1 ThomsonN7.Cert.tc_s99_98_SA3 ThomsonN7.Cert.tc_s99_98_SA0 ThomsonN7.Cert.tc_s99_98_FR1 ThomsonN7.Cert.tc_s99_98_FR3
ThomsonN7.SlabOneD.Cert.mk	ctor	15236	15236	ThomsonN7.SlabOneD.Cert.mk ThomsonN7.SlabOneD.Term ThomsonN7.SlabOneD.Cert
ThomsonN7.Kron.Ex.sumAbs_scale	theorem	1753	1761	ThomsonN7.Kron.Ex.Term ThomsonN7.Kron.Ex.sumAbs
ThomsonN7.Cert.quadF.eq_1	theorem	0	0	ThomsonN7.Cert.quadF ThomsonN7.Kron.Ex.c ThomsonN7.Kron.Ex
ThomsonN7.Cert.tc_s96_94_SG4	def	17013	17017	ThomsonN7.Cert.TBlk ThomsonN7.Cert.TBlk.mk
ThomsonN7.Glue.Coerce.Contact2	induct	13265	13277	ThomsonN7.Glue.Coerce.Contact2.mk
ThomsonN7.Cert.sbst.eq_def	theorem	0	0	ThomsonN7.Kron.Ex.below ThomsonN7.Kron.Ex.mul ThomsonN7.Kron.Ex.mon ThomsonN7.Kron.Ex.brecOn.go _private.ThomsonN7.Solution.0.ThomsonN7.Kron.Ex.ev.match_1.splitter ThomsonN7.Cert.sbst ThomsonN7.Kron.Ex.add ThomsonN7.Kron.Ex.ev.match_1 ThomsonN7.Kron.Ex.c ThomsonN7.Kron.Ex ThomsonN7.Cert.sbst._f ThomsonN7.Kron.Ex.rec ThomsonN7.Kron.Ex.brecOn.eq ThomsonN7.Kron.Ex.brecOn
ThomsonN7.Reg.enc_40	theorem	7549	7560	ThomsonN7.Reg.mlo_31 ThomsonN7.triCapPrism._proof_1 ThomsonN7.Reg.mhi_33 ThomsonN7.Reg.mhi_23 ThomsonN7.Reg.mhi_31 ThomsonN7.Reg.mlo_33 ThomsonN7.Reg.mlo_23 ThomsonN7.Reg.mhi_20 ThomsonN7.triCapPrism._proof_2 ThomsonN7.Reg.mlo_20 ThomsonN7.RegB.phiCos._proof_1 ThomsonN7.Reg.CP_40 ThomsonN7.Reg.InBox ThomsonN7.Base.c1._proof_1
ThomsonN7.M6.imem_split	theorem	11505	11513	ThomsonN7.M6.mid ThomsonN7.M6.mid_bounds ThomsonN7.M6.Imem
ThomsonN7.ThreePoint.three_point_bound_cut	theorem	5939	5977	ThomsonN7.ThreePoint.dsum_nonneg ThomsonN7.ThreePoint.sum_matDot_Rk ThomsonN7.ThreePoint.Rk ThomsonN7.ThreePoint.Rs ThomsonN7.ThreePoint.matDot ThomsonN7.ThreePoint.gramOK_inner ThomsonN7.ThreePoint.S3_swap12 ThomsonN7.ThreePoint.S3 ThomsonN7.R3 ThomsonN7.ThreePoint.S3_swap23 ThomsonN7.ThreePoint.GramOK ThomsonN7.ThreePoint.dsum ThomsonN7.ThreePoint.matDot_moment_nonneg ThomsonN7.ThreePoint.three_point_identity ThomsonN7.ThreePoint.sum4_swap
ThomsonN7.Glue.Coerce.ContactA.check	def	13369	13373	ThomsonN7.Glue.Coerce.ContactA.ya1 ThomsonN7.Glue.Coerce.ContactA.ya2 ThomsonN7.Glue.Coerce.ContactA.Dq ThomsonN7.CutOneD.pneg ThomsonN7.CutOneD.padd ThomsonN7.Glue.Coerce.chainOK ThomsonN7.Glue.Coerce.Fpoly ThomsonN7.CutOneD.pscale ThomsonN7.CutOneD.pmul ThomsonN7.Glue.Coerce.ContactA.pieces ThomsonN7.Glue.Coerce.ContactA.G ThomsonN7.Glue.Coerce.ContactA.g0d ThomsonN7.Glue.Coerce.ContactA ThomsonN7.Glue.Coerce.ContactA.g0n ThomsonN7.Glue.Coerce.ContactA.Q
ThomsonN7.M2.K8.mk	ctor	2847	2847	ThomsonN7.M2.K8 ThomsonN7.M2.K8.mk
_private.ThomsonN7.Solution.0.ThomsonN7.ThreePoint.Q3.match_1.eq_3	theorem	0	0	ThomsonN7.ThreePoint.Q3.match_1
ThomsonN7.Reg.hF1	theorem	4130	4131	ThomsonN7.Base.c2 ThomsonN7.Base.c1 ThomsonN7.pentBipyramid._proof_1 ThomsonN7.Base.c1._proof_1
ThomsonN7.Case1Data.S0_B_D_5	def	9707	9707	
ThomsonN7.Reg.mon_hi	theorem	6950	6955	ThomsonN7.Reg.InBox._proof_16 ThomsonN7.Reg.InBox._proof_7 ThomsonN7.Reg.InBox._proof_9 ThomsonN7.Reg.InBox._proof_2 ThomsonN7.Reg.InBox._proof_5 ThomsonN7.Reg.InBox._proof_8 ThomsonN7.Reg.InBox._proof_15 ThomsonN7.Reg.InBox._proof_13 ThomsonN7.Reg.InBox._proof_6 ThomsonN7.Reg.InBox._proof_11 ThomsonN7.Reg.InBox ThomsonN7.Reg.InBox._proof_4 ThomsonN7.Reg.InBox._proof_10 ThomsonN7.Reg.InBox._proof_12 ThomsonN7.Reg.InBox._proof_3 ThomsonN7.Reg.InBox._proof_1 ThomsonN7.Reg.InBox._proof_14
ThomsonN7.Cert.fmat.eq_1	theorem	0	0	ThomsonN7.Cert.Blk ThomsonN7.Cert.fmat ThomsonN7.Cert.Blk.ent
ThomsonN7.Glue.Coerce.Contact2R.hC	theorem	13740	13752	ThomsonN7.Glue.Coerce.Contact2R ThomsonN7.Glue.Coerce.Contact2R.Dq ThomsonN7.Glue.Coerce.Contact2R.Q ThomsonN7.Glue.Coerce.Contact2R.q2 ThomsonN7.Base.c2 ThomsonN7.Glue.Coerce.Contact2R.g0n ThomsonN7.Glue.Coerce.Contact2R.p2 ThomsonN7.Base.phi ThomsonN7.Glue.Coerce.Contact2R.g0d ThomsonN7.Base.c1 ThomsonN7.Glue.Coerce.Contact2R.tube ThomsonN7.Glue.Coerce.Contact2R.s ThomsonN7.Glue.Coerce.Contact2R.p1 ThomsonN7.Glue.Coerce.Contact2R.check ThomsonN7.CutOneD.peval ThomsonN7.Glue.Coerce.Contact2R.q1
ThomsonN7.TwoRegime.exact_counts._proof_2	theorem	0	0	ThomsonN7.R3 ThomsonN7.TwoRegime.cnt
ThomsonN7.Case1Data.S3_B_D_30	def	9981	9981	
ThomsonN7.Reg.mlo_7	theorem	6985	6986	ThomsonN7.Reg.mon_lo ThomsonN7.Reg.InBox
ThomsonN7.Cert.tc_s94_93_SA1	def	17258	17262	ThomsonN7.Cert.TBlk ThomsonN7.Cert.TBlk.mk
ThomsonN7.triCapPrism_injective._proof_3	theorem	0	0	
ThomsonN7.Case1Data.S5_B_D_9	def	10112	10112	
_private.ThomsonN7.Solution.0.ThomsonN7.Cert.perm3.match_1.eq_5	theorem	0	0	ThomsonN7.Cert.perm3.match_1
ThomsonN7.SlabOneD.padd.eq_2	theorem	0	0	ThomsonN7.SlabOneD.padd
ThomsonN7.SlabOneD.padd._f	def	0	0	ThomsonN7.CutOneD.padd.match_1
ThomsonN7.Cert.tc_s98_96_B._proof_1	theorem	0	0	ThomsonN7.Cert.TCert.chkB ThomsonN7.Cert.tc_s98_96
_private.ThomsonN7.Solution.0.ThomsonN7.Cert.sqF.match_1.splitter	def	0	0	ThomsonN7.Cert.sqF.match_1
ThomsonN7.RegB.t0_04	theorem	4930	4931	ThomsonN7.RegB.t0_ring_lt ThomsonN7.Base.cos_8pi5 ThomsonN7.Base.c1 ThomsonN7.RegB.t0
ThomsonN7.Case1.cf_chk._proof_2	theorem	0	0	
ThomsonN7.M2.rb_rel	theorem	2840	2844	ThomsonN7.M2.rb_sq ThomsonN7.M2.rb
ThomsonN7.SlabOneD.Slab_s94_93.termHA_3	def	17402	17403	ThomsonN7.SlabOneD.Term ThomsonN7.SlabOneD.Term.mk
ThomsonN7.M2.Pl.eval_add.match_1	def	0	0	ThomsonN7.M2.K8
ThomsonN7.Glue.Coerce.Contact2R.Dq	def	13631	13631	ThomsonN7.Glue.Coerce.Contact2R
ThomsonN7.Reg.InBox._proof_3	theorem	0	0	
ThomsonN7.Kron.Ex.evalW.eq_2	theorem	0	0	ThomsonN7.Kron.Ex.evalW ThomsonN7.Kron.Ex.mon
ThomsonN7.Case1Data.S4_B_l_9	def	10000	10000	
ThomsonN7.Cert.tc_s96_94_FR5	def	16918	16921	ThomsonN7.Cert.Blk ThomsonN7.Cert.mkBlk
ThomsonN7.Reg.kk_16_19	theorem	8180	8182	ThomsonN7.Reg.cross_of_enc
ThomsonN7.Case1Data.S2_B_D_34	def	9909	9909	
ThomsonN7.Cert.hybChk_sound._proof_6	theorem	0	0	ThomsonN7.Cert.idL ThomsonN7.Kron.Ex.kev ThomsonN7.Cert.idT ThomsonN7.Cert.idDeg ThomsonN7.Cert.TBlk ThomsonN7.Cert.hybVal ThomsonN7.Cert.hybD ThomsonN7.Kron.Ex ThomsonN7.Kron.Ex.l1 ThomsonN7.Cert.hybW ThomsonN7.Cert.degK
ThomsonN7.GV.c1_bounds	theorem	5471	5475	ThomsonN7.Base.c1 ThomsonN7.pentBipyramid._proof_1 ThomsonN7.Base.c1._proof_1
ThomsonN7.Reg.mlo_15	theorem	7017	7018	ThomsonN7.Reg.mon_lo ThomsonN7.Reg.InBox
ThomsonN7.Reg.gP_1_2	theorem	8300	8300	ThomsonN7.Reg.g_1_2 ThomsonN7.Reg.gP ThomsonN7.Base.c1
ThomsonN7.Case1Data.S6_B_D_18	def	10197	10197	
_private.ThomsonN7.Solution.0.ThomsonN7.Cert.perm3.match_1.splitter	def	0	0	
ThomsonN7.Glue.cls3_symm._simp_2	theorem	0	0	
ThomsonN7.Case1Data.S6_B_D	def	10214	10214	ThomsonN7.Case1Data.S6_B_D_28 ThomsonN7.Case1Data.S6_B_D_26 ThomsonN7.Case1Data.S6_B_D_16 ThomsonN7.Case1Data.S6_B_D_8 ThomsonN7.Case1Data.S6_B_D_17 ThomsonN7.Case1Data.S6_B_D_27 ThomsonN7.Case1Data.S6_B_D_3 ThomsonN7.Case1Data.S6_B_D_9 ThomsonN7.Case1Data.S6_B_D_11 ThomsonN7.Case1Data.S6_B_D_10 ThomsonN7.Case1Data.S6_B_D_0 ThomsonN7.Case1Data.S6_B_D_21 ThomsonN7.Case1Data.S6_B_D_32 ThomsonN7.Case1Data.S6_B_D_7 ThomsonN7.Case1Data.S6_B_D_13 ThomsonN7.Case1Data.S6_B_D_24 ThomsonN7.Case1Data.S6_B_D_34 ThomsonN7.Case1Data.S6_B_D_29 ThomsonN7.Case1Data.S6_B_D_5 ThomsonN7.Case1Data.S6_B_D_25 ThomsonN7.Case1Data.S6_B_D_33 ThomsonN7.Case1Data.S6_B_D_23 ThomsonN7.Case1Data.S6_B_D_22 ThomsonN7.Case1Data.S6_B_D_6 ThomsonN7.Case1Data.S6_B_D_4 ThomsonN7.Case1Data.S6_B_D_31 ThomsonN7.Case1Data.S6_B_D_14 ThomsonN7.Case1Data.S6_B_D_18 ThomsonN7.Case1Data.S6_B_D_20 ThomsonN7.Case1Data.S6_B_D_12 ThomsonN7.Case1Data.S6_B_D_30 ThomsonN7.Case1Data.S6_B_D_19 ThomsonN7.Case1Data.S6_B_D_2 ThomsonN7.Case1Data.S6_B_D_1 ThomsonN7.Case1Data.S6_B_D_15
ThomsonN7.Cert.Blk.recOn	def	2159	2163	ThomsonN7.Cert.Blk.rec ThomsonN7.Cert.Blk ThomsonN7.Cert.Blk.mk
ThomsonN7.Cert.weights.eq_1	theorem	0	0	ThomsonN7.Cert.weights
ThomsonN7.Case1Data.S6_B_l_30	def	10173	10173	
ThomsonN7.Reg.CP_58	def	6795	6795	ThomsonN7.triCapPrism._proof_1 ThomsonN7.RegB.phiCos._proof_2 ThomsonN7.RegB.phiCos._proof_3 ThomsonN7.Reg.CP_56._proof_1
ThomsonN7.Cert.q3E.eq_3	theorem	0	0	ThomsonN7.Kron.Ex.V ThomsonN7.Kron.Ex.sub ThomsonN7.Kron.Ex.T ThomsonN7.Kron.Ex.mul ThomsonN7.Cert.q3E ThomsonN7.Kron.Ex.U ThomsonN7.Kron.Ex.c ThomsonN7.Kron.Ex ThomsonN7.Kron.Ex.smul ThomsonN7.Kron.Ex.sq
ThomsonN7.Reg.enc_36	theorem	7491	7498	ThomsonN7.Reg.CP_36 ThomsonN7.Reg.mlo_7 ThomsonN7.triCapPrism._proof_1 ThomsonN7.Reg.mlo_6 ThomsonN7.Reg.mhi_6 ThomsonN7.Reg.InBox ThomsonN7.Reg.mhi_7 ThomsonN7.Base.c1._proof_1
ThomsonN7.Case1Data.S0_B_D_25	def	9727	9727	
ThomsonN7.Case1Data.S5_B_D_32	def	10135	10135	
ThomsonN7.Kron.Ex.casesOn	def	1599	1604	ThomsonN7.Kron.Ex.mul ThomsonN7.Kron.Ex.mon ThomsonN7.Kron.Ex.add ThomsonN7.Kron.Ex.c ThomsonN7.Kron.Ex ThomsonN7.Kron.Ex.rec
ThomsonN7.Case1Data.S4_B_l_24	def	10015	10015	
ThomsonN7.Reg.g_4_0	theorem	4271	4272	ThomsonN7.R3 ThomsonN7.Base.c1 ThomsonN7.pentBipyramid ThomsonN7.Reg.g_0_4
ThomsonN7.T4.ring_pentagon	theorem	11883	11944	ThomsonN7.T4.pentIdx ThomsonN7.T4.inner_P_ring ThomsonN7.T4.mk10_col ThomsonN7.T4.ring_lt ThomsonN7.T4.ring_pentagon._simp_2 ThomsonN7.cyl._proof_1 ThomsonN7.T4.no_mono_cosB ThomsonN7.T4.no_mono_cosA ThomsonN7.R3 ThomsonN7.T4.comb5_dec ThomsonN7.M3.cosA ThomsonN7.T4.mk10 ThomsonN7.T4.triFree ThomsonN7.T4.isPent ThomsonN7.M3.cosB ThomsonN7.pentBipyramid ThomsonN7.T4.pentc ThomsonN7.T4.col ThomsonN7.T4.ring_ge2
ThomsonN7.Cert.codeE.match_1	def	0	0	
ThomsonN7.SlabOneD.Slab_s93_90.termHA_3	def	17731	17732	ThomsonN7.SlabOneD.Term ThomsonN7.SlabOneD.Term.mk
ThomsonN7.Reg.mlo_14	theorem	7013	7014	ThomsonN7.Reg.mon_lo ThomsonN7.Reg.InBox
ThomsonN7.Case1Data.S7_B_l_0	def	10219	10219	
ThomsonN7.Reg.kk_19_19	theorem	8207	8209	ThomsonN7.Reg.diag_of_enc
ThomsonN7.Reg.CP_30	def	6767	6767	ThomsonN7.cyl._proof_1 ThomsonN7.RegB.phiCos._proof_1 ThomsonN7.Base.c1._proof_1
ThomsonN7.Case1Data.F1_l_1	def	9610	9610	
ThomsonN7.Cert.tc_s99_98_FP5	def	16230	16233	ThomsonN7.Cert.Blk ThomsonN7.Cert.mkBlk
ThomsonN7.Case1Data.S6_B_D_20	def	10199	10199	
ThomsonN7.Cert.lamBE	def	14767	14774	ThomsonN7.Kron.Ex.sub ThomsonN7.Cert.hvE ThomsonN7.Cert.sbst ThomsonN7.Kron.Ex.add ThomsonN7.Kron.Ex.c ThomsonN7.Kron.Ex ThomsonN7.Kron.Ex.smul ThomsonN7.Cert.gmE
ThomsonN7.Cert.gramCut_swap23	theorem	2580	2582	ThomsonN7.Cert.gramOK_swap23 ThomsonN7.Cert.GramCut ThomsonN7.ThreePoint.GramOK
ThomsonN7.Case1Data.S5_B_l_16	def	10083	10083	
ThomsonN7.T4.sig7_injective._proof_7	theorem	0	0	ThomsonN7.T4.sig7._proof_4 ThomsonN7.T4.pentIdx._proof_2
ThomsonN7.Final.hK	theorem	17861	17861	ThomsonN7.Final.a._proof_5 ThomsonN7.Final.K ThomsonN7.Final.a._proof_4 _private.ThomsonN7.Solution.0.ThomsonN7.Cert.perm3.match_1.eq_6 ThomsonN7.Final.a._proof_3 ThomsonN7.Final.a._proof_2 ThomsonN7.Final.a._proof_7 ThomsonN7.RegB.quadPart._proof_1 ThomsonN7.Cert.perm3.match_1 ThomsonN7.Final.a._proof_8 ThomsonN7.Final.a ThomsonN7.Final.a._proof_6 ThomsonN7.Final.a._proof_1 ThomsonN7.Reg.CP_56._proof_2
ThomsonN7.Reg.g_5_2	theorem	4295	4296	ThomsonN7.R3 ThomsonN7.Reg.g_2_5 ThomsonN7.pentBipyramid
ThomsonN7.Case1Data.S4_B_D_19	def	10046	10046	
ThomsonN7.Glue.capSpec_sound	theorem	12728	12734	ThomsonN7.coulombEnergy ThomsonN7.Glue.cap_of_typed_tube ThomsonN7.Glue.cls3 ThomsonN7.Glue.localGramA_of_le ThomsonN7.M3.firstWhere._proof_1 ThomsonN7.SphereConfig ThomsonN7.Base.c2 ThomsonN7.Glue.CapSpec._proof_1 ThomsonN7.Glue.tubeRigid_of_le ThomsonN7.Glue.Concl ThomsonN7.Base.phi ThomsonN7.cyl._proof_1 ThomsonN7.R3 ThomsonN7.Base.c1 ThomsonN7.pentBipyramid ThomsonN7.Glue.CapSpec
ThomsonN7.Kron.Ex.toList	def	1653	1659	ThomsonN7.Kron.Ex.Term ThomsonN7.Kron.Ex.toList._f ThomsonN7.Kron.Ex ThomsonN7.Kron.Ex.brecOn
ThomsonN7.Kron.Ex.evalW.eq_def	theorem	0	0	ThomsonN7.Kron.Ex.evalW ThomsonN7.Kron.Ex.below ThomsonN7.Kron.Ex.mul ThomsonN7.Kron.Ex.mon ThomsonN7.Kron.Ex.brecOn.go _private.ThomsonN7.Solution.0.ThomsonN7.Kron.Ex.ev.match_1.splitter ThomsonN7.Kron.Ex.add ThomsonN7.Kron.Ex.ev.match_1 ThomsonN7.Kron.Ex.evalW._f ThomsonN7.Kron.Ex.c ThomsonN7.Kron.Ex ThomsonN7.Kron.Ex.rec ThomsonN7.Kron.Ex.brecOn.eq ThomsonN7.Kron.Ex.brecOn
ThomsonN7.RegB.linear_part	theorem	5099	5112	ThomsonN7.RegB.sum_pairs_seven ThomsonN7.RegB.poleSum ThomsonN7.RegB.t0_16 ThomsonN7.RegB.t0_14 ThomsonN7.RegB.quadPart ThomsonN7.RegB.inner_poleSum_ringSum ThomsonN7.RegB.norm_poleSum_sq ThomsonN7.RegB.t0_46 ThomsonN7.RegB.t0_04 ThomsonN7.RegB.t0_23 ThomsonN7.M3.firstWhere._proof_1 ThomsonN7.RegB.norm_ringSum_sq ThomsonN7.RegB.ringA2 ThomsonN7.RegB.lam2 ThomsonN7.Base.c2 ThomsonN7.RegB.t0_24 ThomsonN7.RegB.lam0 ThomsonN7.RegB.t0_34 ThomsonN7.RegB.ringA1 ThomsonN7.RegB.phi_zero_pow ThomsonN7.RegB.t0_poles ThomsonN7.RegB.t0_02 ThomsonN7.RegB.t0_45 ThomsonN7.Base.phi ThomsonN7.cyl._proof_1 ThomsonN7.RegB.t0_12 ThomsonN7.RegB.t0_26 ThomsonN7.RegB.t0_01 ThomsonN7.R3 ThomsonN7.Base.c1 ThomsonN7.pentBipyramid._proof_1 ThomsonN7.RegB.t0 ThomsonN7.RegB.quadPart._proof_1 ThomsonN7.RegB.phiCos._proof_3 ThomsonN7.RegB.t0_13 ThomsonN7.RegB.t0_25 ThomsonN7.RegB.t0_06 ThomsonN7.RegB.t0_15 ThomsonN7.RegB.phi_neg_one_pow ThomsonN7.Base.c1._proof_1 ThomsonN7.RegB.phiCos ThomsonN7.RegB.norm_phi_sq ThomsonN7.RegB.phiSin ThomsonN7.RegB.t0_05 ThomsonN7.RegB.t0_35 ThomsonN7.RegB.ringSum ThomsonN7.RegB.t0_36 ThomsonN7.RegB.t0_03
ThomsonN7.Case1.c1_stat_H	theorem	10383	10385	ThomsonN7.Case1.c1Stat ThomsonN7.Case1Data.cf ThomsonN7.Case1.C1Stat ThomsonN7.Cert.hE ThomsonN7.Case1.c1_stat_H._proof_1 ThomsonN7.Cert.Cert3.h
ThomsonN7.Case1Data.S3_B_l_0	def	9915	9915	
ThomsonN7.Glue.Coerce.Contact1R.Dq	def	13526	13526	ThomsonN7.Glue.Coerce.Contact1R
ThomsonN7.ThreePoint.lamA.eq_1	theorem	0	0	ThomsonN7.ThreePoint.gm ThomsonN7.ThreePoint.lamA ThomsonN7.cyl._proof_1 ThomsonN7.pentBipyramid._proof_1
ThomsonN7.M3.inner_cyl	theorem	3613	3616	ThomsonN7.cyl._proof_1 ThomsonN7.R3 ThomsonN7.cyl
ThomsonN7.Kron.Ex.T	def	1960	1961	ThomsonN7.Kron.Ex.mon ThomsonN7.Kron.Ex
ThomsonN7.Reg.mlo_20	theorem	7037	7038	ThomsonN7.Reg.mon_lo ThomsonN7.Reg.InBox
ThomsonN7.Case1Data.S2_B_D_0	def	9875	9875	
ThomsonN7.Cert.degK_linF_le.match_1	def	0	0	
ThomsonN7.Cert.Blk.ok_parts	theorem	2195	2204	ThomsonN7.Cert.Blk.del ThomsonN7.Cert.Blk.ok ThomsonN7.Cert.Blk.ok_parts._simp_2 ThomsonN7.Cert.Blk ThomsonN7.Cert.Blk.list_sum_range_map ThomsonN7.Cert.Blk.dq ThomsonN7.Cert.Blk.ok_parts._simp_3
ThomsonN7.Case1Data.S2_B_l_21	def	9860	9860	
ThomsonN7.Case1Data.F1_D_3	def	9618	9618	
ThomsonN7.Glue.Coerce.ContactA._sizeOf_1	def	0	0	ThomsonN7.Glue.Coerce.ContactA.rec ThomsonN7.Glue.Coerce.BPiece ThomsonN7.Glue.Coerce.BPiece._sizeOf_inst ThomsonN7.Glue.Coerce.ContactA
ThomsonN7.Cert.l1_quadF_le.match_1	def	0	0	
ThomsonN7.Reg.kk_3_10	theorem	7862	7864	ThomsonN7.Reg.cross_of_enc
ThomsonN7.Reg.pent_3	theorem	4152	4157	ThomsonN7.Reg.sin_6pi5 ThomsonN7.Base.c2 ThomsonN7.cyl._proof_1 ThomsonN7.R3 ThomsonN7.cyl ThomsonN7.Reg.s2 ThomsonN7.pent_of_lt ThomsonN7.Base.cos_6pi5 ThomsonN7.pentBipyramid
ThomsonN7.Case1Data.S4_B_D_23	def	10050	10050	
ThomsonN7.Glue.exists_cell	theorem	12095	12110	ThomsonN7.Glue.exists_cell._proof_1 ThomsonN7.Glue.exists_cell._proof_2
ThomsonN7.Case1Data.F2_l_0	def	9623	9623	
ThomsonN7.Kron.Ex.dx._unsafe_rec	def	0	0	ThomsonN7.Kron.Ex.dx._unsafe_rec ThomsonN7.Kron.Ex.ev.match_1 ThomsonN7.Kron.Ex
ThomsonN7.EPBounds.sin_pi_div_five_sq	theorem	6533	6537	
ThomsonN7.M2.aL_le_ra	theorem	2945	2948	ThomsonN7.M2.ra ThomsonN7.cyl._proof_1 ThomsonN7.M2.aL
ThomsonN7.Reg.kk_19_20	theorem	8210	8212	ThomsonN7.Reg.cross_of_enc
ThomsonN7.Reg.sq_15	theorem	8252	8252	
ThomsonN7.M2.kS2	def	3133	3134	ThomsonN7.M2.K8 ThomsonN7.M2.K8.mk
ThomsonN7.Glue.Coerce.ContactA.Dq	def	13360	13360	ThomsonN7.Glue.Coerce.ContactA
ThomsonN7.T4.ring_lt	theorem	11877	11878	
ThomsonN7.Reg.kk_2_2	theorem	7820	7822	ThomsonN7.Reg.diag_of_enc
ThomsonN7.SlabOneD.Slab_s93_90.certHA_ok._proof_1	theorem	0	0	ThomsonN7.SlabOneD.Cert.check ThomsonN7.SlabOneD.Slab_s93_90.certHA ThomsonN7.SlabOneD.Slab_s93_90.parHA
ThomsonN7.RegB.norm_phi_sq	theorem	5019	5058	ThomsonN7.RegB.cc_ss_eq ThomsonN7.Base.cos_8pi5 ThomsonN7.Base.cos_4pi5 ThomsonN7.M3.firstWhere._proof_1 ThomsonN7.RegB.ringA2 ThomsonN7.Base.c2 ThomsonN7.RegB.cos_12pi5 ThomsonN7.RegB.ringA1 ThomsonN7.RegB.phiCos._proof_2 ThomsonN7.RegB.cos_16pi5 ThomsonN7.cyl._proof_1 ThomsonN7.RegB.phiCos._proof_1 ThomsonN7.R3 ThomsonN7.Base.c1 ThomsonN7.pentBipyramid._proof_1 ThomsonN7.RegB.phiCos._proof_3 ThomsonN7.Base.c1._proof_1 ThomsonN7.RegB.phiCos ThomsonN7.RegB.phiSin
ThomsonN7.M6.chk3.eq_1	theorem	0	0	ThomsonN7.M6.chk3 ThomsonN7.M6.Box6
ThomsonN7.Reg.g_0_3	theorem	4197	4199	ThomsonN7.Base.c2 ThomsonN7.Reg.inner_vec3 ThomsonN7.R3 ThomsonN7.Reg.s2 ThomsonN7.Reg.pent_0 ThomsonN7.pentBipyramid ThomsonN7.Reg.pent_3
ThomsonN7.Cert.sqF.eq_def	theorem	0	0	ThomsonN7.Cert.sqF._f ThomsonN7.Kron.Ex.add ThomsonN7.Cert.smulNZ ThomsonN7.Kron.Ex.c ThomsonN7.Kron.Ex _private.ThomsonN7.Solution.0.ThomsonN7.Cert.sqF.match_1.splitter ThomsonN7.Cert.linF ThomsonN7.Cert.sqF.match_1 ThomsonN7.Kron.Ex.sq ThomsonN7.Cert.sqF
ThomsonN7.SlabOneD.sumTermsZ._sunfold	def	0	0	ThomsonN7.SlabOneD.sqSumZ ThomsonN7.SlabOneD.sumTermsZ ThomsonN7.SlabOneD.sumTerms.match_1 ThomsonN7.SlabOneD.Term ThomsonN7.SlabOneD.Term.sq ThomsonN7.SlabOneD.multZ ThomsonN7.SlabOneD.Par
ThomsonN7.Glue.Coerce.Contact1R.G_ge	theorem	13554	13564	ThomsonN7.Glue.Coerce.Contact1R.pieces ThomsonN7.Glue.Coerce.Contact1R.check ThomsonN7.Glue.Coerce.Contact1R.R ThomsonN7.Glue.Coerce.Contact1R.q ThomsonN7.CutOneD.pneg ThomsonN7.CutOneD.padd ThomsonN7.CutOneD.peval_padd ThomsonN7.Glue.Coerce.Contact1R.g0n ThomsonN7.Glue.Coerce.chainOK ThomsonN7.Glue.Coerce.Fpoly ThomsonN7.Glue.Coerce.Contact1R.p ThomsonN7.Glue.Coerce.Contact1R.s ThomsonN7.Glue.Coerce.Contact1R.piecesR ThomsonN7.Glue.Coerce.Contact1R.G ThomsonN7.Glue.Coerce.lin ThomsonN7.CutOneD.peval_pscale ThomsonN7.CutOneD.pscale ThomsonN7.Glue.Coerce.Contact1R.Dq ThomsonN7.Glue.Coerce.Contact1R ThomsonN7.CutOneD.pmul ThomsonN7.Glue.Coerce.chainOK_nonneg ThomsonN7.Glue.Coerce.Contact1R.g0d ThomsonN7.CutOneD.peval ThomsonN7.Glue.Coerce.Contact1R.Q ThomsonN7.CutOneD.peval_pneg
ThomsonN7.Base.inner_lt_one_of_ne	theorem	339	343	ThomsonN7.Base.norm_sub_sq_of_unit ThomsonN7.R3
ThomsonN7.Case1Data.S7_B_D_17	def	10257	10257	
ThomsonN7.Base.pent_inner_pent._proof_1	theorem	0	0	
ThomsonN7.Reg.planeRot._proof_2	theorem	0	0	
ThomsonN7.Case1Data.S1_B_l_28	def	9791	9791	
ThomsonN7.M3.emb_injective._proof_6	theorem	0	0	
ThomsonN7.Case1Data.S6_B_D_8	def	10187	10187	
ThomsonN7.Reg.mhi_27	theorem	7067	7068	ThomsonN7.Reg.mon_hi ThomsonN7.Reg.InBox
ThomsonN7.seven_of_SumHGe	theorem	6509	6515	ThomsonN7.coulombEnergy ThomsonN7.Glue.seven ThomsonN7.Glue.seven_unique ThomsonN7.SphereConfig ThomsonN7.R3 ThomsonN7.Interfaces.SumHGe ThomsonN7.pentBipyramid
ThomsonN7.T4.sig7_injective._proof_2	theorem	0	0	ThomsonN7.T4.sig7._proof_3
ThomsonN7.Reg.W_2_5	theorem	4378	4379	ThomsonN7.Reg.W ThomsonN7.Reg.W_ne ThomsonN7.Base.phi ThomsonN7.R3 ThomsonN7.Reg.g_2_5 ThomsonN7.pentBipyramid
ThomsonN7.Cert.zval_two	theorem	14136	14143	ThomsonN7.Cert.zt ThomsonN7.Cert.kw ThomsonN7.Cert.zval
ThomsonN7.Glue.Coerce.ppow.eq_2	theorem	0	0	ThomsonN7.Glue.Coerce.ppow ThomsonN7.CutOneD.pmul
ThomsonN7.Case1Data.S5_B_l_19	def	10086	10086	
ThomsonN7.M2.Pl.add	def	3047	3051	ThomsonN7.M2.K8 ThomsonN7.M2.Pl.add._f
ThomsonN7.Case1Data.S4_B_l_31	def	10022	10022	
ThomsonN7.Case1Data.S3_B_l_32	def	9947	9947	
ThomsonN7.Cert.dotN.match_1	def	0	0	
ThomsonN7.ThreePoint.not_three_poles	theorem	11086	11094	ThomsonN7.ThreePoint.not_three_poles._proof_1 ThomsonN7.ThreePoint.isP
_private.ThomsonN7.Solution.0.ThomsonN7.Cert.q3E.match_1.eq_3	theorem	0	0	ThomsonN7.Cert.q3E.match_1
ThomsonN7.Cert.ev_lamGE	theorem	14815	14827	ThomsonN7.Kron.Ex.sub ThomsonN7.triCapPrism._proof_1 ThomsonN7.Cert.polyR ThomsonN7.Cert.ev_hvE ThomsonN7.Cert.hvE ThomsonN7.ThreePoint.gm ThomsonN7.Cert.SE ThomsonN7.Cert.lamGE ThomsonN7.ThreePoint.Sk ThomsonN7.Cert.Blk ThomsonN7.Cert.Sk_fmat ThomsonN7.Kron.Ex.ev ThomsonN7.ThreePoint.lamG ThomsonN7.Kron.Ex.ev_smul ThomsonN7.Cert.sbst ThomsonN7.cyl._proof_1 ThomsonN7.Cert.ev_sbst ThomsonN7.Cert.ev_gmE ThomsonN7.Kron.Ex.add ThomsonN7.Kron.Ex.c ThomsonN7.Kron.Ex.smul ThomsonN7.Cert.fmat ThomsonN7.Cert.gmE ThomsonN7.Kron.Ex.ev_sub
ThomsonN7.Reg.CP_8.eq_1	theorem	0	0	ThomsonN7.Reg.CP_8 ThomsonN7.cyl._proof_1 ThomsonN7.Base.c1._proof_1
ThomsonN7.T4.inner_P_ring	theorem	11863	11871	ThomsonN7.M3.cP._proof_1 ThomsonN7.T4.pentIdx ThomsonN7.M3.inner_P ThomsonN7.T4.pentIdx_injective ThomsonN7.R3 ThomsonN7.M3.cosA ThomsonN7.M3.cosB ThomsonN7.pentBipyramid ThomsonN7.T4.pentc ThomsonN7.M3.val ThomsonN7.M3.cP
ThomsonN7.Kron.sumT_flatMap	theorem	1684	1694	ThomsonN7.Kron.Ex.Term ThomsonN7.Kron.sumT_append ThomsonN7.Kron.sumT ThomsonN7.Kron.sumT_scale
ThomsonN7.Case1Data.S7_B_D_18	def	10258	10258	
ThomsonN7.SlabOneD.Slab_s96_94.parHC.eq_1	theorem	0	0	ThomsonN7.SlabOneD.Par.mk ThomsonN7.SlabOneD.Slab_s96_94.parHC ThomsonN7.SlabOneD.Par
ThomsonN7.SlabOneD.Slab_s96_94.termHA_5	def	17079	17080	ThomsonN7.SlabOneD.Term ThomsonN7.SlabOneD.Term.mk
ThomsonN7.Case1Data.S5_B_D_11	def	10114	10114	
ThomsonN7.Cert.Blk.lq	def	2170	2171	ThomsonN7.Cert.Blk.l ThomsonN7.Cert.Blk
ThomsonN7.Cert.Blk	induct	2159	2163	ThomsonN7.Cert.Blk.mk
ThomsonN7.SlabOneD.sqSum.eq_def	theorem	0	0	ThomsonN7.SlabOneD.padd ThomsonN7.CutOneD.sqSum.match_1 ThomsonN7.SlabOneD.pmul ThomsonN7.SlabOneD.pscale ThomsonN7.SlabOneD.sqSum._f ThomsonN7.SlabOneD.sqSum _private.ThomsonN7.Solution.0.ThomsonN7.CutOneD.sqSum.match_1.splitter
ThomsonN7.Glue.Coerce.Contact1.noConfusionType	def	0	0	ThomsonN7.Glue.Coerce.BPiece ThomsonN7.Glue.Coerce.Contact1 ThomsonN7.Glue.Coerce.Contact1.casesOn
ThomsonN7.SlabOneD.Slab_s96_94.HB_le_phi	theorem	17123	17126	ThomsonN7.SlabOneD.Cert.sound ThomsonN7.SlabOneD.peval ThomsonN7.SlabOneD.Cert.Q ThomsonN7.SlabOneD.Slab_s96_94.parHB ThomsonN7.SlabOneD.Par.mu2 ThomsonN7.SlabOneD.Slab_s96_94.certHB ThomsonN7.SlabOneD.Par.nu1 ThomsonN7.SlabOneD.Par.mu1 ThomsonN7.SlabOneD.Slab_s96_94.certHB_ok ThomsonN7.SlabOneD.Cert.Lam ThomsonN7.SlabOneD.Par.nu2
ThomsonN7.Cert.TCert.m	def	14870	14871	ThomsonN7.Cert.TCert.dd ThomsonN7.Cert.TCert
ThomsonN7.Cert.TCert.ψBa	def	14852	14852	ThomsonN7.Cert.TCert
ThomsonN7.Cert.sbst.eq_1	theorem	0	0	ThomsonN7.Cert.sbst ThomsonN7.Kron.Ex.c ThomsonN7.Kron.Ex
ThomsonN7.Cert.tc_s93_90_A._proof_1	theorem	0	0	ThomsonN7.Cert.TCert.chkA ThomsonN7.Cert.tc_s93_90
ThomsonN7.Reg.W_6_6	theorem	4462	4462	ThomsonN7.Reg.W ThomsonN7.Reg.W_diag
ThomsonN7.Cert.tc_s93_90_G._proof_1	theorem	0	0	ThomsonN7.Cert.TCert.chkG ThomsonN7.Cert.tc_s93_90
ThomsonN7.Glue.Coerce.Contact2R.casesOn	def	13629	13643	ThomsonN7.Glue.Coerce.Contact2R ThomsonN7.Glue.Coerce.Contact2R.rec ThomsonN7.Glue.Coerce.Contact2R.mk ThomsonN7.Glue.Coerce.BPiece
ThomsonN7.SlabOneD.Slab_s94_93.termHA_7	def	17414	17415	ThomsonN7.SlabOneD.Term ThomsonN7.SlabOneD.Term.mk
_private.ThomsonN7.Solution.0.ThomsonN7.Cert.codeE.match_1.eq_2	theorem	0	0	ThomsonN7.Cert.codeE.match_1
ThomsonN7.SlabOneD.Par.mk.injEq	theorem	0	0	ThomsonN7.SlabOneD.Par.mk.inj ThomsonN7.SlabOneD.Par.mk ThomsonN7.SlabOneD.Par
ThomsonN7.Cert.TCert.mk.inj	theorem	0	0	ThomsonN7.Cert.Blk ThomsonN7.Cert.TCert.mk.noConfusion ThomsonN7.Cert.TBlk ThomsonN7.Cert.TCert.mk ThomsonN7.Cert.TCert
ThomsonN7.Glue.coulombEnergy_pent_le_of	theorem	12888	12891	ThomsonN7.coulombEnergy ThomsonN7.Glue.coulombEnergy_pent_enc40 ThomsonN7.pentBipyramid
ThomsonN7.Reg.W_diag	theorem	4180	4180	ThomsonN7.Reg.W ThomsonN7.Base.phi ThomsonN7.cyl._proof_1 ThomsonN7.R3 ThomsonN7.pentBipyramid
ThomsonN7.Cert.tc_s99_98_meta._proof_1	theorem	0	0	ThomsonN7.Cert.TCert.checkMeta ThomsonN7.Cert.tc_s99_98
ThomsonN7.T4.sig7._proof_3	theorem	0	0	ThomsonN7.T4.sig7._proof_1
ThomsonN7.Case1Data.S3_B_l_23	def	9938	9938	
ThomsonN7.TwoRegime.LocalGramA	def	6277	6284	ThomsonN7.coulombEnergy ThomsonN7.SphereConfig ThomsonN7.R3 ThomsonN7.pentBipyramid ThomsonN7.TwoRegime.InWindow
ThomsonN7.Case1Data.S7_B_D_10	def	10250	10250	
ThomsonN7.Cert.tc_s96_94_SA0	def	16923	16927	ThomsonN7.Cert.TBlk ThomsonN7.Cert.TBlk.mk
ThomsonN7.Glue.Coerce.Contact2R.mk.injEq	theorem	0	0	ThomsonN7.Glue.Coerce.Contact2R ThomsonN7.Glue.Coerce.Contact2R.mk ThomsonN7.Glue.Coerce.Contact2R.mk.inj ThomsonN7.Glue.Coerce.BPiece
ThomsonN7.Reg.kk_7_12	theorem	7985	7987	ThomsonN7.Reg.cross_of_enc
ThomsonN7.Kron.Ex.c.sizeOf_spec	theorem	0	0	ThomsonN7.Kron.Ex._sizeOf_inst ThomsonN7.Kron.Ex.c ThomsonN7.Kron.Ex
ThomsonN7.Reg.mlo_37	theorem	7105	7106	ThomsonN7.Reg.mon_lo ThomsonN7.Reg.InBox
ThomsonN7.Case1Data.S7_B_l_17	def	10236	10236	
ThomsonN7.Reg.planeRot._proof_7	theorem	0	0	
ThomsonN7.Reg.kk_4_9	theorem	7892	7894	ThomsonN7.Reg.cross_of_enc
ThomsonN7.Kron.coefk.eq_1	theorem	0	0	ThomsonN7.Kron.Ex.Term ThomsonN7.Kron.coefk
ThomsonN7.Kron.Ex.mul	ctor	1604	1604	ThomsonN7.Kron.Ex.mul ThomsonN7.Kron.Ex
ThomsonN7.Kron.Ex.dy._unsafe_rec	def	0	0	ThomsonN7.Kron.Ex.dy._unsafe_rec ThomsonN7.Kron.Ex.ev.match_1 ThomsonN7.Kron.Ex
ThomsonN7.Cert.unpackM.eq_1	theorem	0	0	ThomsonN7.Cert.unpackM
ThomsonN7.M3.sqrt5'	def	3574	3576	ThomsonN7.pentBipyramid._proof_1 ThomsonN7.M3.sqrt5'._proof_1
ThomsonN7.Base.phi_tau_eq	theorem	4006	4016	ThomsonN7.Base.phi_pos ThomsonN7.Base.phi ThomsonN7.Base.phi_sq_mul
ThomsonN7.Cert.tc_s99_98_SB1	def	16307	16311	ThomsonN7.Cert.TBlk ThomsonN7.Cert.TBlk.mk
ThomsonN7.Case1Data.S6_B_D_33	def	10212	10212	
ThomsonN7.M3.sqrt5'._proof_1	theorem	0	0	ThomsonN7.pentBipyramid._proof_1
ThomsonN7.Reg.kk_2_11	theorem	7829	7831	ThomsonN7.Reg.cross_of_enc
_private.ThomsonN7.Solution.0.ThomsonN7.SlabOneD.sumTerms.match_1.eq_1	theorem	0	0	ThomsonN7.SlabOneD.sumTerms.match_1 ThomsonN7.SlabOneD.Term
ThomsonN7.Case1Data.S3_B_l_11	def	9926	9926	
ThomsonN7.M2.Pl.scale	def	3059	3060	ThomsonN7.M2.K8 ThomsonN7.M2.K8.mul
ThomsonN7.Case1.c1Stat_smul	theorem	10337	10338	ThomsonN7.Case1.c1Smul ThomsonN7.Case1.c1Stat ThomsonN7.Case1.C1Stat ThomsonN7.Kron.Ex ThomsonN7.Kron.Ex.smul
ThomsonN7.Reg.pent_dE_zero	theorem	4643	4660	ThomsonN7.Reg.W ThomsonN7.Reg.sum_Ioi_add_swap ThomsonN7.Reg.pent_critical ThomsonN7.R3 ThomsonN7.Reg.W_diag ThomsonN7.Reg.W_symm ThomsonN7.Reg.muP ThomsonN7.pentBipyramid
ThomsonN7.M2.instDecidableEqK8	def	2856	2856	ThomsonN7.M2.K8 ThomsonN7.M2.instDecidableEqK8.decEq
ThomsonN7.Case1.h_eq	theorem	10468	10470	ThomsonN7.Case1.h_eq._proof_1 ThomsonN7.Case1Data.cf ThomsonN7.CutOneD.Cert.Q ThomsonN7.Cert.Cert3.h ThomsonN7.CutOneD.cutCert
ThomsonN7.Case1Data.S0_B_D_4	def	9706	9706	
ThomsonN7.SlabOneD.sqSumZ.eq_1	theorem	0	0	ThomsonN7.SlabOneD.sqSumZ
ThomsonN7.Kron.Ex.evalW.eq_1	theorem	0	0	ThomsonN7.Kron.Ex.evalW ThomsonN7.Kron.Ex.c
ThomsonN7.Glue.Coerce.Contact1R.hB	theorem	13617	13625	ThomsonN7.Glue.Coerce.Contact1R.check ThomsonN7.Glue.Coerce.Contact1R.q ThomsonN7.Glue.Coerce.Contact1R.tube ThomsonN7.Glue.Coerce.Contact1R.g0n ThomsonN7.Glue.Coerce.Contact1R.p ThomsonN7.Glue.Coerce.Contact1R.s ThomsonN7.Glue.Coerce.Contact1R.Dq ThomsonN7.Glue.Coerce.Contact1R ThomsonN7.Base.phi ThomsonN7.Glue.Coerce.Contact1R.g0d ThomsonN7.CutOneD.peval ThomsonN7.Glue.Coerce.Contact1R.Q
ThomsonN7.SlabOneD.Slab_s99_98.parHA	def	16404	16404	ThomsonN7.SlabOneD.Par.mk ThomsonN7.SlabOneD.Par
ThomsonN7.Reg.gP_4_5	theorem	8312	8312	ThomsonN7.Reg.g_4_5 ThomsonN7.Reg.gP
ThomsonN7.Reg.pb_3_6	theorem	8841	8842	ThomsonN7.Reg.phi_zero_le ThomsonN7.Base.phi ThomsonN7.Reg.gP ThomsonN7.Reg.gP_3_6
ThomsonN7.M2.K8.x1	def	2849	2849	ThomsonN7.M2.K8
ThomsonN7.M2.Pl.eval_scale	theorem	3062	3067	ThomsonN7.M2.K8 ThomsonN7.M2.Pl.scale ThomsonN7.M2.K8.toReal ThomsonN7.M2.Pl.eval_scale._f ThomsonN7.M2.Pl.eval
ThomsonN7.Reg.enc_12	theorem	7225	7230	ThomsonN7.Reg.CP_12 ThomsonN7.Reg.mlo_1 ThomsonN7.triCapPrism._proof_1 ThomsonN7.Reg.mhi_1 ThomsonN7.Reg.InBox ThomsonN7.Base.c1._proof_1
ThomsonN7.Reg.enc_19	theorem	7309	7320	ThomsonN7.triCapPrism._proof_1 ThomsonN7.Reg.mlo_22 ThomsonN7.Reg.mhi_22 ThomsonN7.Reg.mlo_6 ThomsonN7.Reg.CP_19 ThomsonN7.Reg.mhi_20 ThomsonN7.cyl._proof_1 ThomsonN7.Reg.mlo_20 ThomsonN7.Reg.mhi_6 ThomsonN7.Reg.InBox ThomsonN7.Reg.mhi_8 ThomsonN7.Reg.mlo_8 ThomsonN7.Base.c1._proof_1
ThomsonN7.Cert.TCert.SA	def	14859	14859	ThomsonN7.Cert.TBlk ThomsonN7.Cert.TCert
ThomsonN7.CutOneD.peval.eq_1	theorem	0	0	ThomsonN7.CutOneD.peval
ThomsonN7.Cert.fqTree	def	14692	14694	ThomsonN7.Kron.Ex.kev ThomsonN7.Cert.TBlk ThomsonN7.Cert.sqfF ThomsonN7.Cert.TBlk.z ThomsonN7.Cert.TBlk.B
ThomsonN7.Cert.Blk.mk.injEq	theorem	0	0	ThomsonN7.Cert.Blk ThomsonN7.Cert.Blk.mk.inj ThomsonN7.Cert.Blk.mk
ThomsonN7.TwoRegime.seven_of_cases	theorem	6043	6058	ThomsonN7.coulombEnergy ThomsonN7.TwoRegime.seven_of_AB ThomsonN7.SphereConfig ThomsonN7.TwoRegime.regimeB_of_cases ThomsonN7.TwoRegime.LocalGram ThomsonN7.R3 ThomsonN7.TwoRegime.sumW ThomsonN7.TwoRegime.RegimeA ThomsonN7.pentBipyramid
ThomsonN7.Glue.Coerce.Contact1R.mk.noConfusion	def	13525	13525	ThomsonN7.Glue.Coerce.Contact1R.mk ThomsonN7.Glue.Coerce.Contact1R ThomsonN7.Glue.Coerce.Contact1R.noConfusion ThomsonN7.Glue.Coerce.BPiece
ThomsonN7.Case1Data.S0_B_D_19	def	9721	9721	
ThomsonN7.Case1Data.S1_B_l_18	def	9781	9781	
ThomsonN7.Reg.enc_51	theorem	7685	7692	ThomsonN7.Reg.mlo_21 ThomsonN7.Reg.mhi_21 ThomsonN7.Reg.mhi_20 ThomsonN7.triCapPrism._proof_2 ThomsonN7.Reg.mlo_20 ThomsonN7.RegB.phiCos._proof_1 ThomsonN7.Reg.CP_51 ThomsonN7.Reg.InBox
ThomsonN7.Cert.degK_linF_le	theorem	14332	14339	ThomsonN7.Cert.degK_linF_le._f ThomsonN7.Cert.linF ThomsonN7.Cert.mxs ThomsonN7.Cert.degK
ThomsonN7.Case1Data.S5_B_D_10	def	10113	10113	
ThomsonN7.Reg.kk_11_16	theorem	8084	8086	ThomsonN7.Reg.cross_of_enc
ThomsonN7.Cert.degK_quadF_le._proof_1	theorem	0	0	ThomsonN7.Cert.proj ThomsonN7.Cert.quadF ThomsonN7.Cert.mxs ThomsonN7.Cert.degK ThomsonN7.Cert.rowF
ThomsonN7.Reg.mlo_8	theorem	6989	6990	ThomsonN7.Reg.mon_lo ThomsonN7.Reg.InBox
ThomsonN7.ThreePoint.S3_one_zero	theorem	1167	1170	ThomsonN7.ThreePoint.Y3 ThomsonN7.ThreePoint.Q3 ThomsonN7.triCapPrism._proof_2 ThomsonN7.ThreePoint.S3
ThomsonN7.Reg.kk_1_12	theorem	7808	7810	ThomsonN7.Reg.cross_of_enc
ThomsonN7.ThreePoint.dsum_Rs._simp_4	theorem	0	0	
ThomsonN7.RegB.breg	def	4889	4891	ThomsonN7.Base.phi
ThomsonN7.Cert.transposeSq_getD._proof_1	theorem	0	0	
ThomsonN7.Glue.Coerce.BPiece.diff.eq_1	theorem	0	0	ThomsonN7.Glue.Coerce.BPiece.Lam ThomsonN7.Glue.Coerce.BPiece.u1 ThomsonN7.CutOneD.pneg ThomsonN7.CutOneD.padd ThomsonN7.Glue.Coerce.BPiece.w1 ThomsonN7.Glue.Coerce.BPiece.w2 ThomsonN7.Glue.Coerce.BPiece.diff ThomsonN7.Glue.Coerce.BPiece.u2 ThomsonN7.CutOneD.pscale ThomsonN7.Glue.Coerce.BPiece ThomsonN7.Glue.Coerce.BPiece.β ThomsonN7.Glue.Coerce.bernSum
ThomsonN7.Cert.dotN.eq_1	theorem	0	0	ThomsonN7.Cert.dotN
ThomsonN7.Reg.mhi_18	theorem	7031	7032	ThomsonN7.Reg.mon_hi ThomsonN7.Reg.InBox
ThomsonN7.Case1Data.S5_B_l_7	def	10074	10074	
ThomsonN7.M2.Pl.scale.eq_1	theorem	0	0	ThomsonN7.M2.K8 ThomsonN7.M2.Pl.scale ThomsonN7.M2.K8.mul
ThomsonN7.Reg.CP_44.eq_1	theorem	0	0	ThomsonN7.RegB.phiCos._proof_2 ThomsonN7.Reg.CP_44 ThomsonN7.Base.c1._proof_1
ThomsonN7.SlabOneD.Term.noConfusionType	def	0	0	ThomsonN7.SlabOneD.Term ThomsonN7.SlabOneD.Term.casesOn
ThomsonN7.Cert.transposeSq._f	def	0	0	ThomsonN7.Cert.transposeSq.match_1
ThomsonN7.RegB.breg_nonneg	theorem	5150	5160	ThomsonN7.RegB.breg ThomsonN7.Base.phi ThomsonN7.RegB.inv_bregman_nonneg
ThomsonN7.Cert.tc_cap_FP3	def	15908	15911	ThomsonN7.Cert.Blk ThomsonN7.Cert.mkBlk
ThomsonN7.Reg.energy_ge_cubic	theorem	6701	6724	ThomsonN7.coulombEnergy ThomsonN7.Reg.tau ThomsonN7.Reg.W ThomsonN7.Reg.W_ne ThomsonN7.Base.inner_lt_one_of_ne ThomsonN7.Base.pent_norm ThomsonN7.Base.phi ThomsonN7.Reg.gP ThomsonN7.Base.phi_bregman_cubic ThomsonN7.R3 ThomsonN7.Reg.muP ThomsonN7.Reg.sum_W_tau ThomsonN7.Base.coulombEnergy_eq_sum_phi ThomsonN7.pentBipyramid ThomsonN7.Reg.gP_lt_one
ThomsonN7.Cert.dotN._f	def	0	0	ThomsonN7.Cert.dotN.match_1
ThomsonN7.SlabOneD.Slab_s96_94.termHB_2	def	17109	17110	ThomsonN7.SlabOneD.Term ThomsonN7.SlabOneD.Term.mk
ThomsonN7.Reg.pb_3_5	theorem	8838	8839	ThomsonN7.Reg.phi_zero_le ThomsonN7.Base.phi ThomsonN7.Reg.gP ThomsonN7.Reg.gP_3_5
ThomsonN7.Cert.comb1_spec	theorem	14599	14610	ThomsonN7.Cert.offB ThomsonN7.Cert.unpackI.eq_2 ThomsonN7.Cert.comb1 ThomsonN7.Cert.comb1.eq_2 ThomsonN7.Cert.unpackI
ThomsonN7.Cert.tc_s96_94_FP1	def	16868	16871	ThomsonN7.Cert.Blk ThomsonN7.Cert.mkBlk
ThomsonN7.Glue.Coerce.Contact1R.G	def	13531	13531	ThomsonN7.Glue.Coerce.Contact1R
ThomsonN7.SlabOneD.evalZ_pneg	theorem	15275	15280	ThomsonN7.SlabOneD.evalZ.eq_2 ThomsonN7.SlabOneD.evalZ.eq_1 ThomsonN7.SlabOneD.evalZ ThomsonN7.SlabOneD.pneg
ThomsonN7.ThreePoint.typed_bound_comb2._simp_1	theorem	0	0	
ThomsonN7.ThreePoint.pole_pair._proof_1	theorem	0	0	
ThomsonN7.TwoRegime.GramRigidW	def	5803	5810	ThomsonN7.SphereConfig ThomsonN7.cyl._proof_1 ThomsonN7.R3 ThomsonN7.TwoRegime.sumW ThomsonN7.pentBipyramid
ThomsonN7.T4.sigEquiv	def	11812	11814	ThomsonN7.T4.sigEquiv._proof_1 ThomsonN7.T4.sig7
ThomsonN7.M6.Box6.mk	ctor	11473	11473	ThomsonN7.M6.Box6.mk ThomsonN7.M6.Box6
ThomsonN7.SlabOneD.Slab_s93_90.termHC_0	def	17788	17789	ThomsonN7.SlabOneD.Term ThomsonN7.SlabOneD.Term.mk
ThomsonN7.Reg.box_phi	theorem	8683	8699	
ThomsonN7.Cert.codeE	def	2512	2529	ThomsonN7.Kron.Ex.V ThomsonN7.Kron.Ex.sub ThomsonN7.Kron.Ex.T ThomsonN7.Kron.Ex.mul ThomsonN7.Kron.Ex.U ThomsonN7.Kron.Ex.add ThomsonN7.Kron.Ex.c ThomsonN7.Kron.Ex ThomsonN7.Kron.Ex.smul ThomsonN7.Kron.Ex.sq ThomsonN7.Cert.codeE.match_1
ThomsonN7.Case1Data.S0_B_l_35	def	9680	9680	
ThomsonN7.Cert.TBlk._sizeOf_1	def	0	0	ThomsonN7.Cert.TBlk ThomsonN7.Cert.TBlk.rec
ThomsonN7.CutOneD.pscale.eq_1	theorem	0	0	ThomsonN7.CutOneD.pscale
ThomsonN7.SlabOneD.Slab_s93_90.termHA_2	def	17728	17729	ThomsonN7.SlabOneD.Term ThomsonN7.SlabOneD.Term.mk
ThomsonN7.T4.pentIdx	def	11778	11779	ThomsonN7.T4.pentIdx._proof_2
ThomsonN7.Case1.seven_of_case2	theorem	10559	10580	ThomsonN7.coulombEnergy ThomsonN7.SphereConfig ThomsonN7.Case1.case1_margin ThomsonN7.R3 ThomsonN7.pentBipyramid
ThomsonN7.M2.Pl.eval.eq_def	theorem	0	0	ThomsonN7.M2.K8 ThomsonN7.M2.K8.toReal ThomsonN7.M2.Pl.eval.match_1 _private.ThomsonN7.Solution.0.ThomsonN7.M2.Pl.eval.match_1.splitter ThomsonN7.M2.Pl.eval ThomsonN7.M2.Pl.eval._f
ThomsonN7.Glue.cls3_symm._simp_1	theorem	0	0	
ThomsonN7.Glue.Coerce.PlainCert.ctorIdx	def	0	0	ThomsonN7.Glue.Coerce.PlainCert
ThomsonN7.ThreePoint.typed7_bound_lo	theorem	11210	11248	ThomsonN7.ThreePoint.Sk_root_nonneg ThomsonN7.ThreePoint.W7 ThomsonN7.ThreePoint.lamA ThomsonN7.ThreePoint.instDecidableIsP ThomsonN7.ThreePoint.Sk ThomsonN7.ThreePoint.Sk_swap ThomsonN7.ThreePoint.c7 ThomsonN7.ThreePoint.hc7 ThomsonN7.ThreePoint.gramOK_inner ThomsonN7.ThreePoint.s7 ThomsonN7.ThreePoint.lamG ThomsonN7.ThreePoint.lamB ThomsonN7.ThreePoint.typed_bound_comb2 ThomsonN7.R3 ThomsonN7.ThreePoint.GramOK ThomsonN7.ThreePoint.H7 ThomsonN7.ThreePoint.hpt7 ThomsonN7.ThreePoint.hW7 ThomsonN7.ThreePoint.isP
ThomsonN7.SlabOneD.Slab_s99_98.HC_le_phi	theorem	16492	16495	ThomsonN7.SlabOneD.Cert.sound ThomsonN7.SlabOneD.peval ThomsonN7.SlabOneD.Cert.Q ThomsonN7.SlabOneD.Par.mu2 ThomsonN7.SlabOneD.Par.nu1 ThomsonN7.SlabOneD.Par.mu1 ThomsonN7.SlabOneD.Slab_s99_98.certHC ThomsonN7.SlabOneD.Slab_s99_98.certHC_ok ThomsonN7.SlabOneD.Slab_s99_98.parHC ThomsonN7.SlabOneD.Cert.Lam ThomsonN7.SlabOneD.Par.nu2
ThomsonN7.Cert.degK_sqF_le._proof_1	theorem	0	0	ThomsonN7.Kron.Ex.mul ThomsonN7.Cert.smulNZ ThomsonN7.Cert.linF ThomsonN7.Cert.mxs ThomsonN7.Cert.degK ThomsonN7.Cert.sqF
ThomsonN7.Case1Data.S6_B_l_0	def	10143	10143	
ThomsonN7.Cert.linF.eq_def	theorem	0	0	ThomsonN7.Cert.linF.match_1 _private.ThomsonN7.Solution.0.ThomsonN7.Cert.linF.match_1.splitter ThomsonN7.Kron.Ex.mon ThomsonN7.Kron.Ex.add ThomsonN7.Cert.smulNZ ThomsonN7.Kron.Ex.c ThomsonN7.Kron.Ex ThomsonN7.Cert.linF ThomsonN7.Cert.linF._f
ThomsonN7.Glue.Coerce.Contact2R.ctorIdx	def	0	0	ThomsonN7.Glue.Coerce.Contact2R
ThomsonN7.M2.ra.eq_1	theorem	0	0	ThomsonN7.M2.ra ThomsonN7.cyl._proof_1
ThomsonN7.Reg.kk_9_10	theorem	8033	8035	ThomsonN7.Reg.cross_of_enc
ThomsonN7.Case1Data.S6_B_l_6	def	10149	10149	
ThomsonN7.Reg.pc_6_1	theorem	8353	8354	ThomsonN7.R3 ThomsonN7.Reg.pent_6' ThomsonN7.pentBipyramid
ThomsonN7.Reg.isoSet_isCompact	theorem	4759	4760	ThomsonN7.Reg.isoSet_isClosed ThomsonN7.R3 ThomsonN7.Reg.isoSet_isBounded ThomsonN7.Reg.IsoSet
ThomsonN7.SlabOneD.l1_pneg	theorem	15371	15376	ThomsonN7.SlabOneD.l1.eq_1 ThomsonN7.SlabOneD.pneg ThomsonN7.SlabOneD.l1.eq_2 ThomsonN7.SlabOneD.l1
_private.ThomsonN7.Solution.0.ThomsonN7.Cert.unpackI.match_1.eq_2	theorem	0	0	ThomsonN7.Cert.unpackI.match_1
ThomsonN7.Kron.Ex.noConfusionType	def	0	0	ThomsonN7.Kron.Ex.ctorIdx ThomsonN7.Kron.Ex.c.elim ThomsonN7.Kron.Ex.casesOn ThomsonN7.Kron.Ex.mon.elim ThomsonN7.Kron.Ex ThomsonN7.Kron.Ex.add.elim ThomsonN7.Kron.Ex.mul.elim
ThomsonN7.Cert.sqF.eq_2	theorem	0	0	ThomsonN7.Kron.Ex.add ThomsonN7.Cert.smulNZ ThomsonN7.Kron.Ex ThomsonN7.Cert.linF ThomsonN7.Kron.Ex.sq ThomsonN7.Cert.sqF
ThomsonN7.Cert.tc_s93_90_B._proof_1	theorem	0	0	ThomsonN7.Cert.TCert.chkB ThomsonN7.Cert.tc_s93_90
ThomsonN7.Reg.CP_60.eq_1	theorem	0	0	ThomsonN7.Reg.CP_60 ThomsonN7.Reg.CP_60._proof_1
ThomsonN7.M2.P0.eq_1	theorem	0	0	ThomsonN7.M2.K8 ThomsonN7.M2.K8.neg ThomsonN7.M2.Pl.pow ThomsonN7.M2.K8.one ThomsonN7.M2.Pl.mul ThomsonN7.M2.kS2 ThomsonN7.M2.K8.ofRat ThomsonN7.M2.kA ThomsonN7.M2.P0 ThomsonN7.M2.kB
ThomsonN7.Cert.TBlk.noConfusion	def	14081	14093	ThomsonN7.Cert.TBlk ThomsonN7.Cert.TBlk.noConfusionType ThomsonN7.Cert.TBlk.casesOn
ThomsonN7.Case1Data.S4_B_d	def	9990	9990	
ThomsonN7.Cert.codeE.eq_3	theorem	0	0	ThomsonN7.Kron.Ex.sub ThomsonN7.Kron.Ex.T ThomsonN7.Kron.Ex.c ThomsonN7.Kron.Ex ThomsonN7.Kron.Ex.sq ThomsonN7.Cert.codeE
ThomsonN7.Cert.tc_s93_90_SB2	def	17629	17633	ThomsonN7.Cert.TBlk ThomsonN7.Cert.TBlk.mk
ThomsonN7.ThreePoint.dsum_Rs._simp_3	theorem	0	0	
ThomsonN7.Cert.tc_s98_96_FP1	def	16539	16542	ThomsonN7.Cert.Blk ThomsonN7.Cert.mkBlk
ThomsonN7.Kron.Ex.sumAbs_flatMap	theorem	1763	1775	ThomsonN7.Kron.Ex.Term ThomsonN7.Kron.Ex.sumAbs ThomsonN7.Kron.Ex.sumAbs_scale
ThomsonN7.Glue.Coerce.BPiece.w2	def	12966	12966	ThomsonN7.Glue.Coerce.BPiece
ThomsonN7.Reg.gP_1_6	theorem	8304	8304	ThomsonN7.Reg.gP ThomsonN7.Reg.g_1_6
ThomsonN7.Case1Data.S5_B_D_18	def	10121	10121	
ThomsonN7.Reg.kk_0_9	theorem	7775	7777	ThomsonN7.Reg.cross_of_enc
ThomsonN7.Case1Data.S6_B_l_18	def	10161	10161	
ThomsonN7.Cert.SBlk._sizeOf_1	def	0	0	ThomsonN7.Cert.SBlk ThomsonN7.Cert.Blk ThomsonN7.Cert.SBlk.rec ThomsonN7.Cert.Blk._sizeOf_inst
ThomsonN7.SlabOneD.multB	def	15428	15430	ThomsonN7.SlabOneD.Term.f1 ThomsonN7.SlabOneD.Par.mu2 ThomsonN7.SlabOneD.Term ThomsonN7.SlabOneD.Par.nu1 ThomsonN7.SlabOneD.Par.mu1 ThomsonN7.SlabOneD.Term.f2 ThomsonN7.SlabOneD.Par ThomsonN7.SlabOneD.Par.nu2
ThomsonN7.Final.capspec_cap	theorem	16168	16192	ThomsonN7.Cert.tc_cap_SA1 ThomsonN7.Final.capA_check ThomsonN7.Glue.Coerce.Contact2R ThomsonN7.Cert.TCert.bn ThomsonN7.Glue.Coerce.BPiece.mk ThomsonN7.Glue.Coerce.ContactA.ya1 ThomsonN7.Glue.Coerce.Contact2R.Dq ThomsonN7.Glue.Coerce.ContactA.ya2 ThomsonN7.Glue.Coerce.Contact2R.Q ThomsonN7.Glue.Coerce.Contact2R.q2 ThomsonN7.Glue.Coerce.ContactA.Dq ThomsonN7.Cert.tc_cap_SA0 ThomsonN7.Cert.TCert.bd ThomsonN7.Glue.Coerce.Contact1R.q ThomsonN7.Cert.tc_cap_SB1 ThomsonN7.Cert.TCert.HA ThomsonN7.Final.capB ThomsonN7.Cert.tc_cap_FR3 ThomsonN7.Final.capB_check ThomsonN7.Cert.tc_cap_FR2 ThomsonN7.Glue.Coerce.Contact1R.g0n ThomsonN7.Cert.tc_cap_SG2 ThomsonN7.Cert.tc_cap_SB0 ThomsonN7.Cert.tc_cap_SB2 ThomsonN7.Glue.Coerce.Contact1R.p ThomsonN7.Glue.Coerce.Contact1R.s ThomsonN7.Cert.TCert.ad ThomsonN7.Glue.Coerce.Contact1R.mk ThomsonN7.Cert.TCert.ef ThomsonN7.Cert.Blk ThomsonN7.Cert.TCert.an ThomsonN7.Final.capC ThomsonN7.Cert.TBlk ThomsonN7.Glue.Coerce.Contact2R.mk ThomsonN7.Cert.tc_cap_FP2 ThomsonN7.Glue.node_c1_of ThomsonN7.Glue.Coerce.Contact2R.g0n ThomsonN7.Glue.Coerce.Contact1R.Dq ThomsonN7.Cert.tc_cap_FR5 ThomsonN7.Cert.TCert.alo ThomsonN7.Glue.Coerce.Contact2R.p2 ThomsonN7.Cert.tc_cap ThomsonN7.Final.capA ThomsonN7.Glue.Coerce.Contact1R ThomsonN7.Cert.tc_cap_FP1 ThomsonN7.Glue.Coerce.BPiece ThomsonN7.Cert.TCert.HB ThomsonN7.Cert.TCert.mk ThomsonN7.Glue.Coerce.Contact2R.g0d ThomsonN7.Cert.tc_cap_SA3 ThomsonN7.Cert.tc_cap_FR4 ThomsonN7.Cert.tc_cap_SG1 ThomsonN7.Cert.tc_cap_FP5 ThomsonN7.Cert.tc_cap_FR1 ThomsonN7.Cert.tc_cap_B ThomsonN7.Cert.tc_cap_SG4 ThomsonN7.Cert.tc_cap_meta ThomsonN7.Cert.TCert.Lam ThomsonN7.Cert.tc_cap_G ThomsonN7.Cert.tc_cap_FP0 ThomsonN7.Glue.node_c2_of ThomsonN7.Cert.tc_cap_FP3 ThomsonN7.Final.capC_check ThomsonN7.Cert.TCert.HC ThomsonN7.Cert.tc_cap_FP4 ThomsonN7.Glue.Coerce.Contact1R.g0d ThomsonN7.Glue.Coerce.Contact2R.s ThomsonN7.Glue.Coerce.ContactA.g0d ThomsonN7.Glue.Coerce.ContactA.mk ThomsonN7.Glue.Coerce.Contact2R.p1 ThomsonN7.Cert.tc_cap_SA4 ThomsonN7.Glue.Coerce.ContactA ThomsonN7.Cert.tc_cap_SG3 ThomsonN7.Cert.tc_cap_SA6 ThomsonN7.Cert.TCert.ahi ThomsonN7.Cert.TCert.e ThomsonN7.Cert.tc_cap_SA5 ThomsonN7.Cert.tc_cap_SA2 ThomsonN7.Glue.CapSpec ThomsonN7.Glue.Coerce.ContactA.g0n ThomsonN7.Cert.tc_cap_SB4 ThomsonN7.Cert.tc_cap_SG0 ThomsonN7.Cert.tc_cap_SB3 ThomsonN7.Cert.tc_cap_A ThomsonN7.Glue.Coerce.ContactA.Q ThomsonN7.Glue.capSpec_of_contactsR ThomsonN7.Glue.Coerce.Contact1R.Q ThomsonN7.Glue.Coerce.Contact2R.q1 ThomsonN7.Cert.tc_cap_FR0
ThomsonN7.Glue.Coerce.Contact1.mk.sizeOf_spec	theorem	0	0	ThomsonN7.Glue.Coerce.Contact1._sizeOf_inst ThomsonN7.Glue.Coerce.BPiece ThomsonN7.Glue.Coerce.Contact1.mk ThomsonN7.Glue.Coerce.Contact1 ThomsonN7.Glue.Coerce.BPiece._sizeOf_inst
ThomsonN7.Case1Data.S6_B_D_3	def	10182	10182	
ThomsonN7.T4.box_exclude	theorem	11643	11674	ThomsonN7.M6.chk4 ThomsonN7.M3.det4h ThomsonN7.M3.det4h_scale ThomsonN7.M6.Box6.Mem ThomsonN7.T4.det3h_nonneg ThomsonN7.cyl._proof_1 ThomsonN7.M6.Box6 ThomsonN7.M3.det4h_inner_eq_zero ThomsonN7.R3 ThomsonN7.M6.det3h ThomsonN7.M6.chk4_sound ThomsonN7.M6.det4h
ThomsonN7.CutOneD.peval.match_1	def	0	0	
ThomsonN7.Cert.fqCur	def	14696	14697	ThomsonN7.Cert.TBlk ThomsonN7.Cert.fqFlat
ThomsonN7.Kron.Ex.sub.eq_1	theorem	0	0	ThomsonN7.Kron.Ex.sub ThomsonN7.Kron.Ex.neg ThomsonN7.Kron.Ex.add ThomsonN7.Kron.Ex
ThomsonN7.Base.pent_inner_south	theorem	476	478	ThomsonN7.R3 ThomsonN7.cyl ThomsonN7.pent_of_lt ThomsonN7.pent_six ThomsonN7.pentBipyramid ThomsonN7.Base.inner_cyl
ThomsonN7.Case1Data.S6_B_D_32	def	10211	10211	
ThomsonN7.Case1.c1Mul	def	10300	10302	ThomsonN7.Case1.C1Stat
ThomsonN7.M3.cos_pent._proof_2	theorem	0	0	
ThomsonN7.Cert.transposeSq_getD	theorem	13939	13958	ThomsonN7.Cert.transposeSq_getD._proof_1 ThomsonN7.Cert.getD_map_list ThomsonN7.Cert.transposeSq_getD._proof_4 ThomsonN7.Cert.transposeSq
ThomsonN7.T4.mk10	def	11735	11739	ThomsonN7.T4.pidx
ThomsonN7.Cert.degK_tblkE_le._proof_1	theorem	0	0	ThomsonN7.Cert.gT ThomsonN7.Cert.TBlk.g ThomsonN7.Cert.TBlk ThomsonN7.Cert.sqfF ThomsonN7.Cert.TBlk.z ThomsonN7.Cert.mxs ThomsonN7.Cert.TBlk.B ThomsonN7.Cert.degK
ThomsonN7.Case1Data.S4_B_l_20	def	10011	10011	
ThomsonN7.Cert.tc_cap_SB4	def	16019	16023	ThomsonN7.Cert.TBlk ThomsonN7.Cert.TBlk.mk
ThomsonN7.Reg.mhi_16	theorem	7023	7024	ThomsonN7.Reg.mon_hi ThomsonN7.Reg.InBox
ThomsonN7.Cert.tc_s99_98_FR0	def	16235	16238	ThomsonN7.Cert.Blk ThomsonN7.Cert.mkBlk
ThomsonN7.Case1Data.S3_B_l_24	def	9939	9939	
ThomsonN7.Reg.W_0_0	theorem	4324	4324	ThomsonN7.Reg.W ThomsonN7.Reg.W_diag
ThomsonN7.SlabOneD.sqSumZ.eq_def	theorem	0	0	ThomsonN7.SlabOneD.sqSumZ ThomsonN7.CutOneD.sqSum.match_1 ThomsonN7.SlabOneD.sqSumZ._f ThomsonN7.SlabOneD.evalZ _private.ThomsonN7.Solution.0.ThomsonN7.CutOneD.sqSum.match_1.splitter
ThomsonN7.Cert.proj_eta	theorem	14318	14318	ThomsonN7.Cert.proj
ThomsonN7.Glue.Coerce.BPiece.mk._flat_ctor	def	0	0	ThomsonN7.Glue.Coerce.BPiece.mk ThomsonN7.Glue.Coerce.BPiece
ThomsonN7.Case1Data.S6_B_D_13	def	10192	10192	
ThomsonN7.Case1Data.S0_B_D_3	def	9705	9705	
ThomsonN7.Reg.pc_3_2	theorem	8337	8338	ThomsonN7.Base.c2 ThomsonN7.R3 ThomsonN7.Reg.s2 ThomsonN7.pentBipyramid ThomsonN7.Reg.pent_3
ThomsonN7.Case1.c1_stat_S4	theorem	10410	10412	ThomsonN7.Case1.c1_stat_S4._proof_1 ThomsonN7.Cert.Cert3.ad ThomsonN7.Case1.c1Stat ThomsonN7.Case1Data.cf ThomsonN7.Case1.C1Stat ThomsonN7.Cert.sblkE ThomsonN7.Case1Data.S4 ThomsonN7.Cert.Cert3.an
ThomsonN7.Cert.TCert.idB.eq_1	theorem	0	0	ThomsonN7.Cert.TCert.FB ThomsonN7.Cert.TCert.SB ThomsonN7.Cert.idT ThomsonN7.Cert.TCert.ad ThomsonN7.Cert.TCert.an ThomsonN7.Cert.TCert ThomsonN7.Kron.Ex ThomsonN7.Cert.TCert.idB
ThomsonN7.SlabOneD.Slab_s98_96.HC_le_phi	theorem	16821	16824	ThomsonN7.SlabOneD.Slab_s98_96.certHC ThomsonN7.SlabOneD.Slab_s98_96.parHC ThomsonN7.SlabOneD.Cert.sound ThomsonN7.SlabOneD.peval ThomsonN7.SlabOneD.Cert.Q ThomsonN7.SlabOneD.Par.mu2 ThomsonN7.SlabOneD.Par.nu1 ThomsonN7.SlabOneD.Par.mu1 ThomsonN7.SlabOneD.Slab_s98_96.certHC_ok ThomsonN7.SlabOneD.Cert.Lam ThomsonN7.SlabOneD.Par.nu2
ThomsonN7.Reg.kk_3_16	theorem	7874	7876	ThomsonN7.Reg.cross_of_enc
ThomsonN7.Case1.cf_sos._proof_1	theorem	0	0	ThomsonN7.Cert.Blk.ok ThomsonN7.Case1Data.cf ThomsonN7.Cert.SBlk ThomsonN7.Cert.SBlk.z ThomsonN7.Cert.Cert3.S ThomsonN7.Cert.SBlk.B
ThomsonN7.Glue.Coerce.ContactA.mk.sizeOf_spec	theorem	0	0	ThomsonN7.Glue.Coerce.BPiece ThomsonN7.Glue.Coerce.ContactA._sizeOf_inst ThomsonN7.Glue.Coerce.BPiece._sizeOf_inst ThomsonN7.Glue.Coerce.ContactA.mk ThomsonN7.Glue.Coerce.ContactA
ThomsonN7.Base.c1._proof_1	theorem	0	0	
ThomsonN7.SlabOneD.Slab_s99_98.certHC_ok	theorem	16490	16490	ThomsonN7.SlabOneD.Cert.check ThomsonN7.SlabOneD.Slab_s99_98.certHC ThomsonN7.SlabOneD.Slab_s99_98.certHC_ok._proof_1 ThomsonN7.SlabOneD.Slab_s99_98.parHC
ThomsonN7.ThreePoint.S3_swap12	theorem	545	548	ThomsonN7.ThreePoint.Q3 ThomsonN7.triCapPrism._proof_2 ThomsonN7.ThreePoint.S3
ThomsonN7.Cert.degK_rowF_le._proof_1	theorem	0	0	ThomsonN7.Kron.Ex.mon ThomsonN7.Cert.proj ThomsonN7.Cert.smulNZ ThomsonN7.Cert.mxs ThomsonN7.Cert.degK ThomsonN7.Cert.rowF
ThomsonN7.Cert.hybW	def	14460	14462	ThomsonN7.Cert.idL ThomsonN7.Cert.TBlk ThomsonN7.Kron.Ex
ThomsonN7.Case1Data.S1_B_l_8	def	9771	9771	
ThomsonN7.Base.cos_fifth._proof_1	theorem	0	0	
ThomsonN7.ThreePoint.first_variation	theorem	1308	1351	ThomsonN7.ThreePoint.EH_update ThomsonN7.R3 ThomsonN7.ThreePoint.EH ThomsonN7.ThreePoint.norm_greatCircle'
ThomsonN7.Reg.isoOfMem	def	4829	4831	ThomsonN7.Reg.isoOfMem._proof_3 ThomsonN7.Reg.isoOfMem._proof_2 ThomsonN7.Reg.isoOfMem._proof_1 ThomsonN7.R3 ThomsonN7.Reg.IsoSet
ThomsonN7.Glue.Coerce.PlainCert.pieces	def	13125	13125	ThomsonN7.Glue.Coerce.PlainCert ThomsonN7.Glue.Coerce.BPiece
ThomsonN7.Case1Data.S0_B_l_54	def	9699	9699	
ThomsonN7.Reg.mlo_13	theorem	7009	7010	ThomsonN7.Reg.mon_lo ThomsonN7.Reg.InBox
ThomsonN7.Reg.ss_4	theorem	8220	8220	
ThomsonN7.M6.chk4._f	def	0	0	ThomsonN7.M6.Box6.A ThomsonN7.M6.Box6.F ThomsonN7.M6.Box6.split ThomsonN7.M6.Box6.D ThomsonN7.M6.Box6.C ThomsonN7.M6.idet4 ThomsonN7.M6.widest ThomsonN7.M6.Box6.B ThomsonN7.M6.Box6 ThomsonN7.M6.chk4.match_1 ThomsonN7.M6.idet3 ThomsonN7.M6.Box6.E
ThomsonN7.Reg.mhi_29	theorem	7075	7076	ThomsonN7.Reg.mon_hi ThomsonN7.Reg.InBox
ThomsonN7.ThreePoint.dsum_Rs._simp_7	theorem	0	0	
ThomsonN7.Case1Data.S4_B_l_6	def	9997	9997	
ThomsonN7.Case1Data.S4_B_l_0	def	9991	9991	
ThomsonN7.Cert.codeE.eq_11	theorem	0	0	ThomsonN7.Kron.Ex.sub ThomsonN7.Kron.Ex.U ThomsonN7.Kron.Ex.c ThomsonN7.Kron.Ex ThomsonN7.Kron.Ex.smul ThomsonN7.Cert.codeE
ThomsonN7.Cert.tc_s99_98_meta	theorem	16385	16385	ThomsonN7.Cert.tc_s99_98_meta._proof_1 ThomsonN7.Cert.TCert.checkMeta ThomsonN7.Cert.tc_s99_98
ThomsonN7.SlabOneD.sumTermsZ	def	15316	15319	ThomsonN7.SlabOneD.sumTermsZ._f ThomsonN7.SlabOneD.Term ThomsonN7.SlabOneD.Par
ThomsonN7.Case1Data.S3_B_D_33	def	9984	9984	
ThomsonN7.Cert.transposeSq._unsafe_rec	def	0	0	ThomsonN7.Cert.transposeSq.match_1 ThomsonN7.Cert.transposeSq._unsafe_rec
ThomsonN7.Cert.Blk.mk	ctor	2160	2160	ThomsonN7.Cert.Blk ThomsonN7.Cert.Blk.mk
ThomsonN7.Cert.Cert3.gramCut_of_le	theorem	2775	2782	ThomsonN7.Cert.Cert3 ThomsonN7.Cert.Cert3.ad ThomsonN7.Cert.GramCut ThomsonN7.ThreePoint.GramOK ThomsonN7.Cert.Cert3.an
ThomsonN7.ThreePoint.dsum_const._proof_1	theorem	0	0	
ThomsonN7.Glue.seven_of_cap_slabs	theorem	12280	12291	ThomsonN7.coulombEnergy ThomsonN7.SphereConfig ThomsonN7.Glue.Concl ThomsonN7.R3 ThomsonN7.pentBipyramid ThomsonN7.Glue.rooted_of_cap_slabs ThomsonN7.Glue.seven_of_rooted
ThomsonN7.Reg.g_5_0	theorem	4289	4290	ThomsonN7.Reg.g_0_5 ThomsonN7.R3 ThomsonN7.pentBipyramid
ThomsonN7.ThreePoint.S3	def	537	540	ThomsonN7.ThreePoint.Y3 ThomsonN7.triCapPrism._proof_2
ThomsonN7.Cert.mxs_cons	theorem	14323	14324	ThomsonN7.Cert.proj ThomsonN7.Cert.mxs
ThomsonN7.Glue.Coerce.Contact2.p1	def	13270	13270	ThomsonN7.Glue.Coerce.Contact2
ThomsonN7.Reg.CP_15.eq_1	theorem	0	0	ThomsonN7.triCapPrism._proof_1 ThomsonN7.triCapPrism._proof_2 ThomsonN7.Reg.CP_15
ThomsonN7.Reg.kk_17_19	theorem	8192	8194	ThomsonN7.Reg.cross_of_enc
ThomsonN7.SlabOneD.Slab_s94_93.termHB_0	def	17432	17433	ThomsonN7.SlabOneD.Term ThomsonN7.SlabOneD.Term.mk
ThomsonN7.pentBipyramid	def	35	40	ThomsonN7.cyl._proof_1 ThomsonN7.R3 ThomsonN7.pentBipyramid._proof_1 ThomsonN7.cyl
ThomsonN7.Reg.kk_4_19	theorem	7913	7915	ThomsonN7.Reg.cross_of_enc
ThomsonN7.Cert.hybChk_sound._proof_7	theorem	0	0	ThomsonN7.Cert.idL ThomsonN7.Kron.Ex.kev ThomsonN7.Cert.idT ThomsonN7.Cert.idDeg ThomsonN7.Cert.TBlk ThomsonN7.Cert.hybVal ThomsonN7.Cert.hybD ThomsonN7.Kron.Ex ThomsonN7.Kron.Ex.l1 ThomsonN7.Cert.hybW ThomsonN7.Cert.degK
ThomsonN7.pent_dist_pent	theorem	218	239	ThomsonN7.ring_dist ThomsonN7.norm_eq_of_sq_eq ThomsonN7.R3 ThomsonN7.cyl ThomsonN7.pent_of_lt ThomsonN7.pentBipyramid
ThomsonN7.Cert.Cert3.check_parts	theorem	2699	2705	ThomsonN7.Cert.Cert3 ThomsonN7.Cert.Cert3.idE ThomsonN7.Cert.Cert3.ad ThomsonN7.Cert.Blk.ok ThomsonN7.Cert.chk ThomsonN7.Cert.Cert3.blk ThomsonN7.Cert.SBlk ThomsonN7.Cert.SBlk.z ThomsonN7.Cert.Cert3.m ThomsonN7.Cert.Cert3.Lam ThomsonN7.Cert.Cert3.K ThomsonN7.Cert.Cert3.S ThomsonN7.Cert.Cert3.n ThomsonN7.Cert.SBlk.B ThomsonN7.Cert.Cert3.check
ThomsonN7.Case1Data.S5_B_l_11	def	10078	10078	
ThomsonN7.Reg.ss_0	theorem	8216	8216	
ThomsonN7.Cert.tc_s98_96_FR0	def	16564	16567	ThomsonN7.Cert.Blk ThomsonN7.Cert.mkBlk
_private.ThomsonN7.Solution.0.ThomsonN7.Cert.perm3.match_1.eq_6	theorem	0	0	ThomsonN7.Cert.perm3.match_1
ThomsonN7.Reg.CP_4	def	6741	6741	ThomsonN7.triCapPrism._proof_1 ThomsonN7.RegB.phiCos._proof_2 ThomsonN7.cyl._proof_1
ThomsonN7.Reg.CP_19.eq_1	theorem	0	0	ThomsonN7.triCapPrism._proof_1 ThomsonN7.Reg.CP_19 ThomsonN7.cyl._proof_1 ThomsonN7.Base.c1._proof_1
ThomsonN7.Case1Data.S2_B_l_16	def	9855	9855	
ThomsonN7.Final.slab_s98_96	theorem	16838	16850	ThomsonN7.Cert.tc_s98_96_SA5 ThomsonN7.Cert.TCert.bn ThomsonN7.Cert.tc_s98_96_SB4 ThomsonN7.Cert.TCert.bd ThomsonN7.Cert.tc_s98_96_SB3 ThomsonN7.Cert.tc_s98_96_FP3 ThomsonN7.Cert.tc_s98_96_FR0 ThomsonN7.Cert.tc_s98_96_SA0 ThomsonN7.Cert.tc_s98_96_FP0 ThomsonN7.Cert.TCert.ad ThomsonN7.Cert.tc_s98_96_SA4 ThomsonN7.Cert.tc_s98_96_SG4 ThomsonN7.Cert.tc_s98_96_SB1 ThomsonN7.Cert.tc_s98_96_FR4 ThomsonN7.Cert.TCert.ef ThomsonN7.Cert.Blk ThomsonN7.SlabOneD.Slab_s98_96.HB_le_phi ThomsonN7.Cert.TCert.an ThomsonN7.Cert.tc_s98_96_FR1 ThomsonN7.Glue.SlabSpec ThomsonN7.Cert.TBlk ThomsonN7.Cert.tc_s98_96_SG0 ThomsonN7.Cert.tc_s98_96_SG2 ThomsonN7.Cert.TCert.alo ThomsonN7.Cert.tc_s98_96_FR3 ThomsonN7.Glue.slabSpec_of_data ThomsonN7.Cert.tc_s98_96_A ThomsonN7.Cert.TCert.mk ThomsonN7.Cert.tc_s98_96_SA2 ThomsonN7.Cert.tc_s98_96_FR5 ThomsonN7.SlabOneD.Slab_s98_96.HC_le_phi ThomsonN7.Cert.tc_s98_96_SG3 ThomsonN7.Cert.tc_s98_96_SA3 ThomsonN7.Cert.tc_s98_96_FP2 ThomsonN7.Cert.tc_s98_96_FP5 ThomsonN7.Cert.tc_s98_96_FP1 ThomsonN7.Cert.TCert.Lam ThomsonN7.Cert.tc_s98_96_SB2 ThomsonN7.Cert.tc_s98_96_B ThomsonN7.Cert.tc_s98_96_FR2 ThomsonN7.Cert.tc_s98_96_SA1 ThomsonN7.Cert.tc_s98_96_G ThomsonN7.Cert.tc_s98_96 ThomsonN7.Cert.tc_s98_96_SG1 ThomsonN7.Cert.TCert.ahi ThomsonN7.Cert.TCert.e ThomsonN7.Cert.tc_s98_96_FP4 ThomsonN7.Cert.tc_s98_96_meta ThomsonN7.Cert.tc_s98_96_SB0 ThomsonN7.SlabOneD.Slab_s98_96.HA_le_phi
ThomsonN7.Final.capA	def	16096	16106	ThomsonN7.Glue.Coerce.BPiece.mk ThomsonN7.Cert.TCert.HA ThomsonN7.Cert.tc_cap ThomsonN7.Glue.Coerce.BPiece ThomsonN7.Cert.TCert.Lam ThomsonN7.Glue.Coerce.ContactA.mk ThomsonN7.Glue.Coerce.ContactA
ThomsonN7.cyl._proof_1	theorem	0	0	
ThomsonN7.Glue.Coerce.Contact1R	induct	13524	13536	ThomsonN7.Glue.Coerce.Contact1R.mk
ThomsonN7.M2.K8.tl_le	theorem	2922	2931	ThomsonN7.M2.K8.tl
ThomsonN7.Reg.hF3	theorem	4133	4133	ThomsonN7.Reg.s1 ThomsonN7.Base.c1 ThomsonN7.Reg.s1_sq
ThomsonN7.Cert.TCert.alpha_nonneg	theorem	15008	15030	ThomsonN7.Cert.TCert.SA ThomsonN7.Kron.Ex.sub ThomsonN7.Cert.TCert.checkMeta_parts ThomsonN7.Cert.TCert.bn ThomsonN7.Cert.TCert.bd ThomsonN7.Cert.polyR ThomsonN7.Cert.TCert.SG ThomsonN7.Cert.TCert.nonneg_of_scaled ThomsonN7.Cert.TCert.ψBa ThomsonN7.Kron.Ex.ev_sumE ThomsonN7.Cert.TCert.HA ThomsonN7.Cert.TCert.mA ThomsonN7.Cert.Blk.ok ThomsonN7.Cert.TCert.idA ThomsonN7.Cert.TCert.gramCut_of_le' ThomsonN7.ThreePoint.lamA ThomsonN7.Cert.SE ThomsonN7.Cert.TCert.FPm ThomsonN7.Cert.TCert.calf ThomsonN7.Cert.TCert.SB ThomsonN7.Cert.TCert.mB ThomsonN7.Cert.tsum_nonneg ThomsonN7.Cert.TCert.ad ThomsonN7.Cert.TCert.checkMeta ThomsonN7.ThreePoint.Sk ThomsonN7.Cert.TCert.an ThomsonN7.Cert.TCert.m ThomsonN7.Cert.lamAE ThomsonN7.Cert.TCert.blkR ThomsonN7.Cert.TCert.mG ThomsonN7.Cert.TBlk ThomsonN7.Kron.Ex.ev ThomsonN7.Cert.TCert.idA_ev ThomsonN7.Cert.TCert.blkP ThomsonN7.Cert.TCert.alo ThomsonN7.Cert.TCert.HAf ThomsonN7.Kron.Ex.ev_smul ThomsonN7.Cert.ev_lamAE ThomsonN7.Cert.tblkE ThomsonN7.Cert.TBlk.z ThomsonN7.Cert.TCert.cal ThomsonN7.Cert.GramCut ThomsonN7.Cert.TCert.chkA ThomsonN7.Cert.TCert.FRm ThomsonN7.Cert.TCert ThomsonN7.Kron.Ex ThomsonN7.Kron.Ex.smul ThomsonN7.Cert.fmat ThomsonN7.ThreePoint.GramOK ThomsonN7.Cert.TCert.Lam ThomsonN7.Kron.Ex.ev_sub ThomsonN7.Cert.TBlk.B ThomsonN7.Kron.Ex.sumE ThomsonN7.Cert.okF ThomsonN7.Cert.TCert.ahi ThomsonN7.Cert.TCert.ψBaf ThomsonN7.Cert.TCert.K
ThomsonN7.Case1Data.S7_B_D_19	def	10259	10259	
ThomsonN7.Glue.Coerce.Contact2R.mk._flat_ctor	def	0	0	ThomsonN7.Glue.Coerce.Contact2R ThomsonN7.Glue.Coerce.Contact2R.mk ThomsonN7.Glue.Coerce.BPiece
ThomsonN7.M6.idet3	def	11416	11418	ThomsonN7.M6.imul ThomsonN7.M6.iscale ThomsonN7.M6.iadd ThomsonN7.M6.isq
ThomsonN7.Case1.c1_stat_S6._proof_1	theorem	0	0	ThomsonN7.Case1Data.S6 ThomsonN7.Cert.Cert3.ad ThomsonN7.Case1.c1Stat ThomsonN7.Case1Data.cf ThomsonN7.Case1.C1Stat ThomsonN7.Cert.sblkE ThomsonN7.Cert.Cert3.an
ThomsonN7.pentBipyramid._proof_1	theorem	0	0	
ThomsonN7.Case1Data.S1_B_D_7	def	9806	9806	
ThomsonN7.Reg.pent_critical	theorem	4588	4598	ThomsonN7.Reg.pent_critical_4 ThomsonN7.Reg.W ThomsonN7.Reg.pent_critical_6 ThomsonN7.Reg.pent_critical_3 ThomsonN7.Reg.pent_critical_5 ThomsonN7.Reg.pent_critical_1 ThomsonN7.Reg.pent_critical_2 ThomsonN7.R3 ThomsonN7.Reg.pent_critical_0 ThomsonN7.Reg.muP ThomsonN7.pentBipyramid
ThomsonN7.M2.K8	induct	2846	2856	ThomsonN7.M2.K8.mk
ThomsonN7.SlabOneD.sqSum._unsafe_rec	def	0	0	ThomsonN7.SlabOneD.padd ThomsonN7.CutOneD.sqSum.match_1 ThomsonN7.SlabOneD.pmul ThomsonN7.SlabOneD.pscale ThomsonN7.SlabOneD.sqSum._unsafe_rec
ThomsonN7.Cert.tc_s96_94_FR4	def	16913	16916	ThomsonN7.Cert.Blk ThomsonN7.Cert.mkBlk
ThomsonN7.Reg.kk_9_13	theorem	8039	8041	ThomsonN7.Reg.cross_of_enc
ThomsonN7.Case1Data.S0_B_d	def	9644	9644	
ThomsonN7.Base.cos_fifth._proof_2	theorem	0	0	
ThomsonN7.Glue.Coerce.BPiece.β	def	12968	12968	ThomsonN7.Glue.Coerce.BPiece
ThomsonN7.Case1.c1_stat_S5	theorem	10413	10415	ThomsonN7.Case1.c1_stat_S5._proof_1 ThomsonN7.Cert.Cert3.ad ThomsonN7.Case1Data.S5 ThomsonN7.Case1.c1Stat ThomsonN7.Case1Data.cf ThomsonN7.Case1.C1Stat ThomsonN7.Cert.sblkE ThomsonN7.Cert.Cert3.an
ThomsonN7.Case1Data.S6_B_l_11	def	10154	10154	
ThomsonN7.Cert.transposeSq	def	13913	13916	ThomsonN7.Cert.transposeSq._f
ThomsonN7.Case1Data.S2_B_D_4	def	9879	9879	
ThomsonN7.Reg.kk_11_17	theorem	8087	8089	ThomsonN7.Reg.cross_of_enc
ThomsonN7.Case1Data.S0_B_l_43	def	9688	9688	
ThomsonN7.ThreePoint.dsum_perm_utv	theorem	1509	1512	ThomsonN7.ThreePoint.dsum_swap12 ThomsonN7.ThreePoint.dsum
ThomsonN7.SlabOneD.Slab_s93_90.termHB_1	def	17764	17765	ThomsonN7.SlabOneD.Term ThomsonN7.SlabOneD.Term.mk
ThomsonN7.Reg.kk_5_11	theorem	7922	7924	ThomsonN7.Reg.cross_of_enc
ThomsonN7.Reg.CP_44	def	6781	6781	ThomsonN7.RegB.phiCos._proof_2 ThomsonN7.Base.c1._proof_1
ThomsonN7.Case1Data.h_	def	9591	9591	
ThomsonN7.M6.Box6.D	def	11477	11477	ThomsonN7.M6.Box6
ThomsonN7.SlabOneD.Slab_s93_90.termHA_4	def	17734	17735	ThomsonN7.SlabOneD.Term ThomsonN7.SlabOneD.Term.mk
ThomsonN7.Case1Data.S6_B_D_27	def	10206	10206	
ThomsonN7.Case1Data.F3_l	def	9638	9638	ThomsonN7.Case1Data.F3_l_0 ThomsonN7.Case1Data.F3_l_1 ThomsonN7.Case1Data.F3_l_2
ThomsonN7.SlabOneD.Par.mk.sizeOf_spec	theorem	0	0	ThomsonN7.SlabOneD.Par._sizeOf_inst ThomsonN7.SlabOneD.Par.mk ThomsonN7.SlabOneD.Par
ThomsonN7.EPBounds.pent_formula_bounds	theorem	6557	6586	ThomsonN7.EPBounds.sqrt2_bounds ThomsonN7.EPBounds.sin_two_pi_div_five ThomsonN7.EPBounds.sin_pi_div_five_bounds ThomsonN7.EPBounds.sqrt5_bounds
ThomsonN7.Cert.TBlk._sizeOf_inst	def	0	0	ThomsonN7.Cert.TBlk._sizeOf_1 ThomsonN7.Cert.TBlk
ThomsonN7.Cert.Cert3.noConfusionType	def	0	0	ThomsonN7.Cert.Cert3.casesOn ThomsonN7.Cert.Cert3 ThomsonN7.Cert.SBlk ThomsonN7.Cert.Blk
ThomsonN7.Case1.lam_eq	theorem	10472	10473	ThomsonN7.CutOneD.Cert.Lam ThomsonN7.Case1Data.cf ThomsonN7.Case1.lam_eq._proof_1 ThomsonN7.Cert.Cert3.Lam ThomsonN7.CutOneD.cutCert
ThomsonN7.Cert.tc_s96_94_FR2	def	16903	16906	ThomsonN7.Cert.Blk ThomsonN7.Cert.mkBlk
ThomsonN7.Reg.CP_12.eq_1	theorem	0	0	ThomsonN7.Reg.CP_12 ThomsonN7.triCapPrism._proof_1 ThomsonN7.Base.c1._proof_1
ThomsonN7.Case1Data.S0_B_D_35	def	9737	9737	
ThomsonN7.Case1Data.S4_B_l_16	def	10007	10007	
ThomsonN7.Kron.coefk._unsafe_rec	def	0	0	ThomsonN7.Kron.coefk._unsafe_rec ThomsonN7.Kron.Ex.Term ThomsonN7.Kron.code ThomsonN7.Kron.coefk.match_1
ThomsonN7.Reg.CP_4.eq_1	theorem	0	0	ThomsonN7.triCapPrism._proof_1 ThomsonN7.RegB.phiCos._proof_2 ThomsonN7.cyl._proof_1 ThomsonN7.Reg.CP_4
ThomsonN7.M2.ra	def	2825	2826	ThomsonN7.cyl._proof_1
ThomsonN7.Cert.domAll.eq_2	theorem	0	0	ThomsonN7.Cert.domAll ThomsonN7.Cert.offAbs
ThomsonN7.Reg.CP_14	def	6751	6751	ThomsonN7.triCapPrism._proof_1 ThomsonN7.cyl._proof_1 ThomsonN7.RegB.phiCos._proof_1 ThomsonN7.Reg.CP_14._proof_1
ThomsonN7.Reg.isoSet_isBounded	theorem	4754	4757	ThomsonN7.R3 ThomsonN7.Reg.IsoSet
ThomsonN7.CutOneD.pscale	def	9138	9139	
ThomsonN7.Reg.W_4_5	theorem	4418	4419	ThomsonN7.Reg.W ThomsonN7.Reg.W_ne ThomsonN7.Reg.g_4_5 ThomsonN7.Base.phi ThomsonN7.R3 ThomsonN7.pentBipyramid
ThomsonN7.CutOneD.sqSum	def	9188	9191	ThomsonN7.CutOneD.sqSum._f
ThomsonN7.Case1Data.S2_B_l_0	def	9839	9839	
_private.ThomsonN7.Solution.0.ThomsonN7.Cert.comb2.match_1.splitter	def	0	0	ThomsonN7.Cert.comb2._sparseCasesOn_1
ThomsonN7.SlabOneD.Par.mk	ctor	15211	15211	ThomsonN7.SlabOneD.Par.mk ThomsonN7.SlabOneD.Par
ThomsonN7.SlabOneD.Slab_s94_93.termHC_3	def	17468	17469	ThomsonN7.SlabOneD.Term ThomsonN7.SlabOneD.Term.mk
ThomsonN7.ThreePoint.os6	def	10751	10755	ThomsonN7.ThreePoint.os
ThomsonN7.Cert.zt	def	2470	2471	
ThomsonN7.Kron.Ex.evalW._unsafe_rec	def	0	0	ThomsonN7.Kron.Ex.ev.match_1 ThomsonN7.Kron.Ex ThomsonN7.Kron.Ex.evalW._unsafe_rec
ThomsonN7.ThreePoint.typed_bound_comb2	theorem	10903	10950	ThomsonN7.ThreePoint.sum_root_decomp ThomsonN7.ThreePoint.dsum_nonneg ThomsonN7.ThreePoint.dsum_os6 ThomsonN7.ThreePoint.typed_bound_comb2._simp_1 ThomsonN7.ThreePoint.dsum_cyc ThomsonN7.ThreePoint.dsum_share ThomsonN7.ThreePoint.dsum_swap23 ThomsonN7.ThreePoint.mrg ThomsonN7.ThreePoint.dsum_sub ThomsonN7.ThreePoint.dsum ThomsonN7.ThreePoint.sum_ne_eq_two_sum_Ioi ThomsonN7.ThreePoint.dsum_add
ThomsonN7.Case1.c1Stat._f	def	0	0	ThomsonN7.Kron.Ex.below ThomsonN7.Kron.Ex.mul ThomsonN7.Kron.Ex.mon ThomsonN7.Case1.C1Stat ThomsonN7.Kron.Ex.add ThomsonN7.Kron.Ex.ev.match_1 ThomsonN7.Kron.Ex.c ThomsonN7.Kron.Ex ThomsonN7.Case1.c1Add ThomsonN7.Case1.c1Mul ThomsonN7.Case1.c1C
ThomsonN7.Cert.tc_s94_93_FP3	def	17207	17210	ThomsonN7.Cert.Blk ThomsonN7.Cert.mkBlk
ThomsonN7.Reg.CP_38	def	6775	6775	ThomsonN7.triCapPrism._proof_1 ThomsonN7.triCapPrism._proof_2
ThomsonN7.Glue.H7_eq_cls3	theorem	12511	12517	ThomsonN7.Glue.cls3 ThomsonN7.ThreePoint.instDecidableIsP ThomsonN7.Glue.H7_eq_cls3._proof_1 ThomsonN7.ThreePoint.H7 ThomsonN7.ThreePoint.isP
ThomsonN7.cyl.eq_1	theorem	0	0	ThomsonN7.cyl._proof_1 ThomsonN7.R3 ThomsonN7.cyl
ThomsonN7.Cert.tc_s94_93_SG3	def	17336	17340	ThomsonN7.Cert.TBlk ThomsonN7.Cert.TBlk.mk
ThomsonN7.Case1Data.S3_B_l_10	def	9925	9925	
ThomsonN7.Kron.Ex.deg_le	theorem	1785	1804	ThomsonN7.Kron.Ex.deg_le._simp_17 ThomsonN7.Kron.Ex.Term ThomsonN7.Kron.Ex.dy ThomsonN7.Kron.Ex.mul ThomsonN7.Kron.Ex.deg_le._simp_16 ThomsonN7.Kron.Ex.dz ThomsonN7.Kron.Ex.dx ThomsonN7.Kron.Ex.mon ThomsonN7.Kron.Ex.toList ThomsonN7.Kron.Ex.deg_le._proof_17 ThomsonN7.Kron.Ex.add ThomsonN7.Kron.Ex.c ThomsonN7.Kron.Ex ThomsonN7.Kron.Ex.rec ThomsonN7.Kron.Ex.deg_le._proof_19 ThomsonN7.Kron.Ex.deg_le._proof_18
ThomsonN7.Reg.sq_5	theorem	8242	8242	
ThomsonN7.Cert.codeE.eq_5	theorem	0	0	ThomsonN7.Kron.Ex.sub ThomsonN7.Kron.Ex.U ThomsonN7.Kron.Ex.c ThomsonN7.Kron.Ex ThomsonN7.Cert.codeE
ThomsonN7.Cert.TCert.HBf	def	14958	14959	ThomsonN7.Cert.polyR ThomsonN7.Cert.TCert.HB ThomsonN7.Cert.TCert ThomsonN7.Cert.TCert.Lam
ThomsonN7.SlabOneD.Term.f2	def	15221	15221	ThomsonN7.SlabOneD.Term
ThomsonN7.Case1Data.S1_B_D_9	def	9808	9808	
ThomsonN7.M2.K8.toReal_zero	theorem	2882	2882	ThomsonN7.M2.K8.x4 ThomsonN7.M2.K8.x1 ThomsonN7.M2.K8.toReal ThomsonN7.M2.K8.zero ThomsonN7.M2.ra ThomsonN7.M2.K8.x3 ThomsonN7.M2.K8.x7 ThomsonN7.M2.rb ThomsonN7.M2.K8.x2 ThomsonN7.M2.K8.x6 ThomsonN7.M2.K8.x5 ThomsonN7.M2.K8.x0
ThomsonN7.M2.bL.eq_1	theorem	0	0	ThomsonN7.M2.bL
ThomsonN7.Glue.Coerce.Contact2.mk._flat_ctor	def	0	0	ThomsonN7.Glue.Coerce.Contact2.mk ThomsonN7.Glue.Coerce.Contact2 ThomsonN7.Glue.Coerce.BPiece
ThomsonN7.Case1Data.F0_l_2	def	9595	9595	
ThomsonN7.Kron.Ex.dx._sunfold	def	0	0	ThomsonN7.Kron.Ex.dx ThomsonN7.Kron.Ex.ev.match_1 ThomsonN7.Kron.Ex
ThomsonN7.Glue.Coerce.ContactA.rec	rec	13357	13367	ThomsonN7.Glue.Coerce.BPiece ThomsonN7.Glue.Coerce.ContactA.mk ThomsonN7.Glue.Coerce.ContactA
ThomsonN7.Kron.Ex.ev._f	def	0	0	ThomsonN7.Kron.Ex.below ThomsonN7.Kron.Ex.mul ThomsonN7.Kron.Ex.mon ThomsonN7.Kron.Ex.add ThomsonN7.Kron.Ex.ev.match_1 ThomsonN7.Kron.Ex.c ThomsonN7.Kron.Ex
ThomsonN7.Case1Data.S4_B_l_34	def	10025	10025	
ThomsonN7.M3.cos_pent._proof_1	theorem	0	0	
ThomsonN7.Reg.pent_critical_2	theorem	4548	4554	ThomsonN7.Reg.W_2_5 ThomsonN7.Reg.W ThomsonN7.Reg.s1 ThomsonN7.Reg.crit_2_x ThomsonN7.Base.c2 ThomsonN7.Reg.pent_2 ThomsonN7.Reg.W_2_3 ThomsonN7.Reg.W_2_1 ThomsonN7.Reg.W_2_6 ThomsonN7.Base.phi ThomsonN7.R3 ThomsonN7.Base.c1 ThomsonN7.Reg.pent_5' ThomsonN7.Reg.s2 ThomsonN7.Reg.pent_0 ThomsonN7.Reg.W_2_2 ThomsonN7.Reg.pent_6' ThomsonN7.Reg.muP_2 ThomsonN7.Reg.muP ThomsonN7.pentBipyramid ThomsonN7.Reg.pent_3 ThomsonN7.Reg.W_2_0 ThomsonN7.Reg.crit_2_y ThomsonN7.Reg.W_2_4 ThomsonN7.Reg.pent_4 ThomsonN7.Reg.pent_1
ThomsonN7.Case1.h_eq._proof_1	theorem	0	0	ThomsonN7.Case1Data.cf ThomsonN7.CutOneD.Cert.Q ThomsonN7.Cert.Cert3.h ThomsonN7.CutOneD.cutCert
ThomsonN7.ThreePoint.matDot_Rk	theorem	1077	1080	ThomsonN7.ThreePoint.matDot_add ThomsonN7.ThreePoint.Rk ThomsonN7.ThreePoint.Rs ThomsonN7.ThreePoint.matDot ThomsonN7.cyl._proof_1 ThomsonN7.ThreePoint.S3 ThomsonN7.ThreePoint.matDot_smul
ThomsonN7.Reg.W_3_3	theorem	4393	4393	ThomsonN7.Reg.W ThomsonN7.Reg.W_diag
ThomsonN7.Base.phi_pos	theorem	3995	3998	ThomsonN7.Base.phi ThomsonN7.cyl._proof_1
ThomsonN7.SlabOneD.Par.rec	rec	15210	15215	ThomsonN7.SlabOneD.Par.mk ThomsonN7.SlabOneD.Par
ThomsonN7.Cert.rowsN.eq_2	theorem	0	0	ThomsonN7.Cert.dotN ThomsonN7.Cert.rowsN
ThomsonN7.Case1Data.S1_B_D_15	def	9814	9814	
ThomsonN7.Base.pent_inner_isNode	theorem	486	499	ThomsonN7.Base.pent_inner_north ThomsonN7.Base.pent_inner_poles ThomsonN7.Base.pent_inner_south ThomsonN7.Base.pent_inner_pent ThomsonN7.Base.c2 ThomsonN7.Base.IsNode ThomsonN7.pent_cases ThomsonN7.R3 ThomsonN7.Base.c1 ThomsonN7.pentBipyramid
ThomsonN7.M2.ra_sq	theorem	2831	2831	ThomsonN7.M2.ra ThomsonN7.cyl._proof_1
ThomsonN7.Case1Data.S4_B_D_18	def	10045	10045	
ThomsonN7.Reg.g_0_1	theorem	4189	4191	ThomsonN7.Reg.s1 ThomsonN7.Reg.inner_vec3 ThomsonN7.R3 ThomsonN7.Base.c1 ThomsonN7.Reg.pent_0 ThomsonN7.pentBipyramid ThomsonN7.Reg.pent_1
ThomsonN7.Base.pent_inner_north	theorem	472	474	ThomsonN7.pent_five ThomsonN7.R3 ThomsonN7.cyl ThomsonN7.pent_of_lt ThomsonN7.pentBipyramid ThomsonN7.Base.inner_cyl
ThomsonN7.SlabOneD.Slab_s99_98.certHB_ok	theorem	16463	16463	ThomsonN7.SlabOneD.Slab_s99_98.certHB_ok._proof_1 ThomsonN7.SlabOneD.Slab_s99_98.parHB ThomsonN7.SlabOneD.Cert.check ThomsonN7.SlabOneD.Slab_s99_98.certHB
ThomsonN7.Case1Data.S6_B_l_25	def	10168	10168	
ThomsonN7.Reg.expansion	theorem	8375	8395	ThomsonN7.Reg.muP_6 ThomsonN7.Reg.W_6_0 ThomsonN7.Reg.gP_3_4 ThomsonN7.Reg.gP_2_5 ThomsonN7.Reg.W_2_5 ThomsonN7.Reg.CP_36 ThomsonN7.Reg.CP_59._proof_1 ThomsonN7.Reg.CP_12 ThomsonN7.Reg.gP_4_5 ThomsonN7.Reg.W_5_1 ThomsonN7.Reg.CP_35 ThomsonN7.Reg.W ThomsonN7.Reg.CP_60 ThomsonN7.Reg.CP_52 ThomsonN7.Reg.muP_3 ThomsonN7.Reg.gaugeG ThomsonN7.Reg.pc_0_1 ThomsonN7.Reg.W_0_6 ThomsonN7.Reg.gP_4_6 ThomsonN7.Reg.W_3_4 ThomsonN7.Reg.CP_47 ThomsonN7.Reg.gP_2_4 ThomsonN7.Reg.W_5_6 ThomsonN7.Reg.CP_20 ThomsonN7.Reg.W_5_5 ThomsonN7.triCapPrism._proof_1 ThomsonN7.Reg.CP_17 ThomsonN7.Reg.CP_43 ThomsonN7.Reg.CP_33 ThomsonN7.Reg.gP_1_2 ThomsonN7.Reg.pc_2_0 ThomsonN7.Reg.pc_4_1 ThomsonN7.Reg.W_4_2 ThomsonN7.Reg.W_1_5 ThomsonN7.Reg.Pen._proof_1 ThomsonN7.Reg.gP_0_1 ThomsonN7.Reg.CP_2 ThomsonN7.Reg.W_3_3 ThomsonN7.Reg.W_6_3 ThomsonN7.Reg.s2_eq ThomsonN7.Reg.pc_0_2 ThomsonN7.Reg.CP_39 ThomsonN7.Reg.W_1_3 ThomsonN7.Reg.CP_5 ThomsonN7.Reg.W_0_2 ThomsonN7.Reg.W_1_4 ThomsonN7.Reg.CP_37 ThomsonN7.Reg.W_1_6 ThomsonN7.Reg.CP_25 ThomsonN7.Reg.s1 ThomsonN7.Reg.pc_3_2 ThomsonN7.Reg.W_6_5 ThomsonN7.Reg.W_3_1 ThomsonN7.Reg.pc_2_1 ThomsonN7.Reg.W_0_5 ThomsonN7.Reg.W_3_6 ThomsonN7.Reg.pc_5_0 ThomsonN7.Reg.CP_34 ThomsonN7.Reg.W_6_6 ThomsonN7.Reg.CP_32 ThomsonN7.Reg.CP_13 ThomsonN7.Reg.CP_54 ThomsonN7.Reg.W_4_0 ThomsonN7.Reg.CP_11 ThomsonN7.Base.c2 ThomsonN7.Reg.W_5_0 ThomsonN7.Reg.pc_3_1 ThomsonN7.Reg.W_4_4 ThomsonN7.Reg.W_3_5 ThomsonN7.Reg.pc_1_0 ThomsonN7.Reg.sum_Ioi_seven ThomsonN7.Reg.CP_3 ThomsonN7.Reg.CP_38 ThomsonN7.Reg.W_5_3 ThomsonN7.Reg.CP_0 ThomsonN7.Reg.CP_59._proof_2 ThomsonN7.Reg.Pen ThomsonN7.Reg.W_4_3 ThomsonN7.Reg.CP_8 ThomsonN7.Reg.W_0_3 ThomsonN7.Reg.pc_1_2 ThomsonN7.Reg.gP_2_6 ThomsonN7.Reg.CP_19 ThomsonN7.Reg.W_1_0 ThomsonN7.Reg.W_2_3 ThomsonN7.Reg.CP_21 ThomsonN7.Reg.CP_14 ThomsonN7.Reg.W_2_1 ThomsonN7.Reg.W_0_4 ThomsonN7.Reg.W_6_2 ThomsonN7.Reg.W_2_6 ThomsonN7.RegB.phiCos._proof_2 ThomsonN7.Reg.W_3_2 ThomsonN7.Reg.CP_16 ThomsonN7.Reg.CP_55 ThomsonN7.triCapPrism._proof_2 ThomsonN7.Reg.gP_2_3 ThomsonN7.Reg.gP_0_4 ThomsonN7.Base.phi ThomsonN7.Reg.gP ThomsonN7.cyl._proof_1 ThomsonN7.Reg.CP_7 ThomsonN7.RegB.phiCos._proof_1 ThomsonN7.Reg.CP_30 ThomsonN7.Reg.CP_28 ThomsonN7.Reg.CP_31 ThomsonN7.Reg.norm_sq_coord ThomsonN7.Reg.pc_6_0 ThomsonN7.Reg.W_4_5 ThomsonN7.Reg.W_3_0 ThomsonN7.Reg.Qhess ThomsonN7.Reg.W_5_2 ThomsonN7.Reg.CP_41 ThomsonN7.Reg.CP_51 ThomsonN7.Reg.pc_5_2 ThomsonN7.Reg.W_4_6 ThomsonN7.Reg.gP_0_6 ThomsonN7.Reg.gP_1_6 ThomsonN7.R3 ThomsonN7.Base.c1 ThomsonN7.pentBipyramid._proof_1 ThomsonN7.Reg.gP_3_5 ThomsonN7.Reg.CP_29 ThomsonN7.Reg.CP_40 ThomsonN7.Reg.CP_44 ThomsonN7.Reg.gP_0_5 ThomsonN7.Reg.CP_15 ThomsonN7.Reg.s2 ThomsonN7.Reg.W_4_1 ThomsonN7.Reg.muP_5 ThomsonN7.Reg.CP_57 ThomsonN7.Reg.pc_0_0 ThomsonN7.Reg.gP_0_3 ThomsonN7.Reg.CP_59 ThomsonN7.Reg.W_2_2 ThomsonN7.Reg.gP_0_2 ThomsonN7.RegB.phiCos._proof_3 ThomsonN7.Reg.CP_10 ThomsonN7.Reg.pc_3_0 ThomsonN7.Reg.gP_1_3 ThomsonN7.Reg.pc_6_2 ThomsonN7.Reg.pc_5_1 ThomsonN7.Reg.CP_49 ThomsonN7.Reg.CP_24 ThomsonN7.Reg.muP_1 ThomsonN7.Reg.CP_42 ThomsonN7.Reg.CP_57._proof_1 ThomsonN7.Reg.gP_3_6 ThomsonN7.Reg.CP_60._proof_1 ThomsonN7.Reg.gP_5_6 ThomsonN7.Reg.pc_2_2 ThomsonN7.Reg.W_0_1 ThomsonN7.Reg.CP_1 ThomsonN7.Reg.Fq ThomsonN7.Reg.inner_coord ThomsonN7.Reg.CP_56 ThomsonN7.Reg.pc_4_2 ThomsonN7.Reg.pc_6_1 ThomsonN7.Reg.CP_18 ThomsonN7.Reg.CP_26 ThomsonN7.Reg.W_6_4 ThomsonN7.Reg.CP_58 ThomsonN7.Reg.CP_56._proof_1 ThomsonN7.Reg.CP_46 ThomsonN7.Reg.muP_2 ThomsonN7.Reg.W_5_4 ThomsonN7.Reg.CP_48 ThomsonN7.Reg.CP_27 ThomsonN7.Reg.muP ThomsonN7.Reg.W_6_1 ThomsonN7.Reg.W_1_1 ThomsonN7.Reg.CP_50 ThomsonN7.Base.c1._proof_1 ThomsonN7.Reg.W_0_0 ThomsonN7.pentBipyramid ThomsonN7.Reg.gP_1_4 ThomsonN7.Reg.W_2_0 ThomsonN7.Reg.W_1_2 ThomsonN7.Reg.W_2_4 ThomsonN7.Reg.pc_4_0 ThomsonN7.Reg.CP_6 ThomsonN7.Reg.CP_9 ThomsonN7.Reg.gP_1_5 ThomsonN7.Reg.CP_53 ThomsonN7.Reg.CP_14._proof_1 ThomsonN7.Reg.CP_23 ThomsonN7.Reg.CP_56._proof_2 ThomsonN7.Reg.muP_4 ThomsonN7.Reg.phi_neg_one ThomsonN7.Reg.CP_45 ThomsonN7.Reg.muP_0 ThomsonN7.Reg.CP_4 ThomsonN7.Reg.pc_1_1 ThomsonN7.Reg.CP_22
ThomsonN7.Cert.tc_s96_94_meta._proof_1	theorem	0	0	ThomsonN7.Cert.TCert.checkMeta ThomsonN7.Cert.tc_s96_94
ThomsonN7.Interfaces.H_le_phi	theorem	6428	6428	ThomsonN7.Base.phi ThomsonN7.M2.H_le_phi ThomsonN7.Interfaces.H
ThomsonN7.Cert.Cert3.eps	def	2646	2646	ThomsonN7.Cert.Cert3
ThomsonN7.Cert.hybD	def	14464	14466	ThomsonN7.Cert.idDeg ThomsonN7.Cert.TBlk ThomsonN7.Kron.Ex
ThomsonN7.Case1Data.S0_B_D_44	def	9746	9746	
ThomsonN7.Glue.Coerce.Contact1.mk._flat_ctor	def	0	0	ThomsonN7.Glue.Coerce.BPiece ThomsonN7.Glue.Coerce.Contact1.mk ThomsonN7.Glue.Coerce.Contact1
ThomsonN7.M6.Box6.A	def	11474	11474	ThomsonN7.M6.Box6
ThomsonN7.Case1Data.S6_B_l_17	def	10160	10160	
ThomsonN7.Cert.codeE.eq_10	theorem	0	0	ThomsonN7.Kron.Ex.T ThomsonN7.Kron.Ex.add ThomsonN7.Kron.Ex.c ThomsonN7.Kron.Ex ThomsonN7.Cert.codeE
ThomsonN7.Reg.kk_13_13	theorem	8117	8119	ThomsonN7.Reg.diag_of_enc
ThomsonN7.Cert.sqF._unsafe_rec	def	0	0	ThomsonN7.Cert.sqF._unsafe_rec ThomsonN7.Kron.Ex.add ThomsonN7.Cert.smulNZ ThomsonN7.Kron.Ex.c ThomsonN7.Kron.Ex ThomsonN7.Cert.linF ThomsonN7.Cert.sqF.match_1 ThomsonN7.Kron.Ex.sq
ThomsonN7.Case1Data.S3_B_D_18	def	9969	9969	
ThomsonN7.Glue.cls3.eq_1	theorem	0	0	ThomsonN7.Glue.cls3
ThomsonN7.Cert.domAll	def	13923	13926	ThomsonN7.Cert.domAll._f
ThomsonN7.Case1Data.F3_D_0	def	9639	9639	
ThomsonN7.Reg.pc_1_0	theorem	8321	8322	ThomsonN7.Reg.s1 ThomsonN7.R3 ThomsonN7.Base.c1 ThomsonN7.pentBipyramid ThomsonN7.Reg.pent_1
ThomsonN7.Glue.Coerce.Contact1R.tube	theorem	13573	13615	ThomsonN7.Glue.Coerce.Contact1R.pieces ThomsonN7.Glue.Coerce.Contact1R.check ThomsonN7.Glue.Coerce.Contact1R.R ThomsonN7.Glue.Coerce.Contact1R.q ThomsonN7.Glue.Coerce.Contact1R.factor ThomsonN7.CutOneD.pneg ThomsonN7.CutOneD.padd ThomsonN7.Glue.Coerce.one_sub_two_yOf_sq ThomsonN7.Glue.Coerce.Contact1R.g0n ThomsonN7.Glue.Coerce.chainOK ThomsonN7.Glue.Coerce.F_le_of_slack ThomsonN7.Glue.Coerce.Fpoly ThomsonN7.Glue.Coerce.yOf_le_one ThomsonN7.Glue.Coerce.Contact1R.p ThomsonN7.Glue.Coerce.Contact1R.s ThomsonN7.Glue.Coerce.Contact1R.piecesR ThomsonN7.Glue.Coerce.Contact1R.G ThomsonN7.Glue.Coerce.H_le_phi_of_F ThomsonN7.Glue.Coerce.Contact1R.R_nonneg ThomsonN7.Glue.Coerce.lin ThomsonN7.Glue.Coerce.yOf ThomsonN7.CutOneD.pscale ThomsonN7.Glue.Coerce.Contact1R.Dq ThomsonN7.Glue.Coerce.Contact1R ThomsonN7.Base.phi ThomsonN7.Glue.Coerce.abs_t_sub_le ThomsonN7.CutOneD.pmul ThomsonN7.Glue.Coerce.Contact1R.g0d ThomsonN7.Glue.Coerce.yOf_pos ThomsonN7.CutOneD.peval ThomsonN7.Glue.Coerce.Contact1R.Q ThomsonN7.Glue.Coerce.Contact1R.G_ge
ThomsonN7.Kron.Ex.V	def	1957	1958	ThomsonN7.Kron.Ex.mon ThomsonN7.Kron.Ex
ThomsonN7.SlabOneD.l1	def	15337	15340	ThomsonN7.SlabOneD.l1._f
ThomsonN7.M6.Box6.ctorIdx	def	0	0	ThomsonN7.M6.Box6
ThomsonN7.Cert.SBlk.mk	ctor	2606	2606	ThomsonN7.Cert.SBlk ThomsonN7.Cert.Blk ThomsonN7.Cert.SBlk.mk
ThomsonN7.M2.K8.casesOn	def	2846	2856	ThomsonN7.M2.K8 ThomsonN7.M2.K8.rec ThomsonN7.M2.K8.mk
ThomsonN7.T4.pentIdx_ne_six._proof_1	theorem	0	0	ThomsonN7.T4.pentIdx
ThomsonN7.Base.c2.eq_1	theorem	0	0	ThomsonN7.Base.c2 ThomsonN7.pentBipyramid._proof_1 ThomsonN7.Base.c1._proof_1
ThomsonN7.Reg.CP_58.eq_1	theorem	0	0	ThomsonN7.triCapPrism._proof_1 ThomsonN7.RegB.phiCos._proof_2 ThomsonN7.RegB.phiCos._proof_3 ThomsonN7.Reg.CP_58 ThomsonN7.Reg.CP_56._proof_1
ThomsonN7.M2.Pl.mul._sunfold	def	0	0	ThomsonN7.M2.K8 ThomsonN7.M2.Pl.scale ThomsonN7.M2.K8.zero ThomsonN7.M2.Pl.mul ThomsonN7.M2.Pl.add ThomsonN7.M2.Pl.mul.match_1
ThomsonN7.Reg.CP_38.eq_1	theorem	0	0	ThomsonN7.triCapPrism._proof_1 ThomsonN7.Reg.CP_38 ThomsonN7.triCapPrism._proof_2
ThomsonN7.Case1.c1_stat_F0	theorem	10386	10388	ThomsonN7.Case1.c1Stat ThomsonN7.Case1Data.cf ThomsonN7.Cert.Cert3.blk ThomsonN7.Case1.C1Stat ThomsonN7.Cert.Cert3.m ThomsonN7.Case1.c1_stat_F0._proof_1 ThomsonN7.Cert.Cert3.n ThomsonN7.Cert.fkE ThomsonN7.Case1.c1FtotK
ThomsonN7.ThreePoint.dsum_share	theorem	10887	10901	ThomsonN7.ThreePoint.dsum
ThomsonN7.Cert.Cert3.mk.inj	theorem	0	0	ThomsonN7.Cert.Cert3 ThomsonN7.Cert.Cert3.mk ThomsonN7.Cert.SBlk ThomsonN7.Cert.Blk ThomsonN7.Cert.Cert3.mk.noConfusion
_private.ThomsonN7.Solution.0.ThomsonN7.M2.Pl.add.match_1.splitter	def	0	0	ThomsonN7.M2.K8 ThomsonN7.M2.Pl.add.match_1
ThomsonN7.Cert.tc_s94_93_B	theorem	17376	17376	ThomsonN7.Cert.TCert.chkB ThomsonN7.Cert.tc_s94_93_B._proof_1 ThomsonN7.Cert.tc_s94_93
ThomsonN7.Reg.sq_20	theorem	8257	8257	
ThomsonN7.Case1Data.S2_B_D_8	def	9883	9883	
ThomsonN7.Reg.enc_28	theorem	7407	7416	ThomsonN7.Reg.mhi_12 ThomsonN7.triCapPrism._proof_1 ThomsonN7.Reg.mhi_27 ThomsonN7.Reg.CP_28 ThomsonN7.Reg.mlo_27 ThomsonN7.Reg.mhi_2 ThomsonN7.Reg.InBox ThomsonN7.Reg.mlo_2 ThomsonN7.Reg.mlo_12 ThomsonN7.Base.c1._proof_1
ThomsonN7.Kron.Ex.toList.eq_3	theorem	0	0	ThomsonN7.Kron.Ex.Term ThomsonN7.Kron.Ex.toList ThomsonN7.Kron.Ex.add ThomsonN7.Kron.Ex
ThomsonN7.Reg.W_5_2	theorem	4430	4431	ThomsonN7.Reg.W ThomsonN7.Reg.W_ne ThomsonN7.Base.phi ThomsonN7.R3 ThomsonN7.Reg.g_5_2 ThomsonN7.pentBipyramid
ThomsonN7.Cert.Blk.l	def	2162	2162	ThomsonN7.Cert.Blk
ThomsonN7.ThreePoint.dsum_Rs._proof_1	theorem	0	0	
ThomsonN7.Cert.Blk.ent_comm	theorem	2362	2368	ThomsonN7.Cert.Blk.del ThomsonN7.Cert.Blk.ok ThomsonN7.Cert.Blk ThomsonN7.Cert.Blk.list_sum_range_map ThomsonN7.Cert.Blk.lq ThomsonN7.Cert.Blk.dq ThomsonN7.Cert.Blk.ent ThomsonN7.Cert.Blk.ok_parts
ThomsonN7.Case1Data.S2_B_l_34	def	9873	9873	
ThomsonN7.Case1.c1_stat_F0._proof_1	theorem	0	0	ThomsonN7.Case1.c1Stat ThomsonN7.Case1Data.cf ThomsonN7.Cert.Cert3.blk ThomsonN7.Case1.C1Stat ThomsonN7.Cert.Cert3.m ThomsonN7.Cert.Cert3.n ThomsonN7.Cert.fkE ThomsonN7.Case1.c1FtotK
ThomsonN7.Reg.kk_4_12	theorem	7898	7900	ThomsonN7.Reg.cross_of_enc
ThomsonN7.Case1Data.S0_B_l_24	def	9669	9669	
ThomsonN7.Case1Data.S7_B_l_9	def	10228	10228	
ThomsonN7.TwoRegime.CountRigid	def	6144	6152	ThomsonN7.SphereConfig ThomsonN7.cyl._proof_1 ThomsonN7.R3 ThomsonN7.pentBipyramid ThomsonN7.TwoRegime.cnt
ThomsonN7.Reg.g_2_5	theorem	4246	4247	ThomsonN7.Base.pent_inner_north ThomsonN7.R3 ThomsonN7.pentBipyramid
ThomsonN7.Cert.linF._sunfold	def	0	0	ThomsonN7.Cert.linF.match_1 ThomsonN7.Kron.Ex.mon ThomsonN7.Kron.Ex.add ThomsonN7.Cert.smulNZ ThomsonN7.Kron.Ex.c ThomsonN7.Kron.Ex ThomsonN7.Cert.linF
ThomsonN7.Cert.degK_quadF_le	theorem	14351	14358	ThomsonN7.Cert.quadF ThomsonN7.Cert.degK_quadF_le._f ThomsonN7.Cert.mxs ThomsonN7.Cert.degK
ThomsonN7.Cert.TCert.gramCut_of_le'	theorem	14991	14998	ThomsonN7.Cert.GramCut ThomsonN7.ThreePoint.GramOK
ThomsonN7.Case1Data.S7_B_l_19	def	10238	10238	
ThomsonN7.Cert.lamGE.eq_1	theorem	0	0	ThomsonN7.Kron.Ex.sub ThomsonN7.Cert.lamGE ThomsonN7.Cert.sbst ThomsonN7.Kron.Ex.add ThomsonN7.Kron.Ex.c ThomsonN7.Kron.Ex ThomsonN7.Kron.Ex.smul ThomsonN7.Cert.tgE
ThomsonN7.Case1Data.F1_D_4	def	9619	9619	
ThomsonN7.Case1Data.S3_B_D_4	def	9955	9955	
ThomsonN7.Cert.h1E.eq_1	theorem	0	0	ThomsonN7.Kron.Ex.sumRange ThomsonN7.Kron.Ex.mon ThomsonN7.Cert.h1E ThomsonN7.Cert.smulNZ ThomsonN7.Kron.Ex
ThomsonN7.SlabOneD.sqEval	def	15185	15186	ThomsonN7.SlabOneD.peval
ThomsonN7.SlabOneD.Cert._sizeOf_inst	def	0	0	ThomsonN7.SlabOneD.Cert ThomsonN7.SlabOneD.Cert._sizeOf_1
ThomsonN7.M6.chk4.eq_def	theorem	0	0	ThomsonN7.M6.Box6.A ThomsonN7.M6.chk4 ThomsonN7.M6.Box6.F ThomsonN7.M6.Box6.split ThomsonN7.M6.Box6.D ThomsonN7.M6.Box6.C ThomsonN7.M6.idet4 ThomsonN7.M6.widest ThomsonN7.M6.Box6.B ThomsonN7.M6.Box6 ThomsonN7.M6.chk4.match_1 ThomsonN7.M6.idet3 ThomsonN7.M6.Box6.E ThomsonN7.M6.chk4._f _private.ThomsonN7.Solution.0.ThomsonN7.M6.chk4.match_1.splitter
ThomsonN7.Reg.CP_15	def	6752	6752	ThomsonN7.triCapPrism._proof_1 ThomsonN7.triCapPrism._proof_2
ThomsonN7.Case1Data.F1_l_2	def	9611	9611	
ThomsonN7.Case1Data.S4_B_l_12	def	10003	10003	
ThomsonN7.Kron.Ex.kev.eq_2	theorem	0	0	ThomsonN7.Kron.Ex.kev ThomsonN7.Kron.Ex.mon
ThomsonN7.Case1.pole_count._proof_2	theorem	0	0	ThomsonN7.R3 ThomsonN7.TwoRegime.cnt
ThomsonN7.Glue.Coerce.abs_node_sub_c1_le	theorem	13463	13468	ThomsonN7.Base.c1 ThomsonN7.pentBipyramid._proof_1 ThomsonN7.Base.c1._proof_1
ThomsonN7.Case1Data.S6_B_l_4	def	10147	10147	
ThomsonN7.M2.K8.rec	rec	2846	2856	ThomsonN7.M2.K8 ThomsonN7.M2.K8.mk
ThomsonN7.Reg.kk_9_15	theorem	8042	8044	ThomsonN7.Reg.cross_of_enc
ThomsonN7.M2.K8.toReal_one	theorem	2884	2884	ThomsonN7.M2.K8.x4 ThomsonN7.M2.K8.x1 ThomsonN7.M2.K8.toReal ThomsonN7.M2.ra ThomsonN7.M2.K8.x3 ThomsonN7.M2.K8.one ThomsonN7.M2.K8.x7 ThomsonN7.M2.rb ThomsonN7.M2.K8.x2 ThomsonN7.M2.K8.x6 ThomsonN7.M2.K8.x5 ThomsonN7.M2.K8.x0
ThomsonN7.Cert.tc_s99_98_SG3	def	16349	16353	ThomsonN7.Cert.TBlk ThomsonN7.Cert.TBlk.mk
ThomsonN7.Case1Data.S5_B_l_8	def	10075	10075	
ThomsonN7.Glue.pair_bounds	theorem	6457	6460	ThomsonN7.Base.inner_lt_one_of_ne ThomsonN7.SphereConfig ThomsonN7.Base.neg_one_le_inner_of_unit ThomsonN7.R3
ThomsonN7.Case1Data.S2_B_l_31	def	9870	9870	
ThomsonN7.Cert.TCert	induct	14833	14861	ThomsonN7.Cert.TCert.mk
ThomsonN7.Case1Data.S1_B_D_19	def	9818	9818	
ThomsonN7.Case1Data.S1_B_D_1	def	9800	9800	
ThomsonN7.Case1.c1_stat_F2._proof_1	theorem	0	0	ThomsonN7.Case1.c1Stat ThomsonN7.Case1Data.cf ThomsonN7.Cert.Cert3.blk ThomsonN7.Case1.C1Stat ThomsonN7.Cert.Cert3.m ThomsonN7.Cert.Cert3.n ThomsonN7.Cert.fkE ThomsonN7.Case1.c1FtotK
ThomsonN7.M3.search_spec._simp_3	theorem	0	0	ThomsonN7.M3.imp_eq_true ThomsonN7.M3.imp
ThomsonN7.Case1Data.S3_B_l_4	def	9919	9919	
ThomsonN7.Case1Data.S5_B_D_2	def	10105	10105	
ThomsonN7.Reg.cross_of_enc	theorem	6924	6929	
ThomsonN7.ThreePoint.s7.eq_1	theorem	0	0	ThomsonN7.ThreePoint.instDecidableIsP ThomsonN7.ThreePoint.s7 ThomsonN7.ThreePoint.isP
ThomsonN7.Cert.rowsN._unsafe_rec	def	0	0	ThomsonN7.Cert.dotN ThomsonN7.Cert.unpackI.match_1 ThomsonN7.Cert.rowsN._unsafe_rec
ThomsonN7.Cert.tc_cap_FR5	def	15948	15951	ThomsonN7.Cert.Blk ThomsonN7.Cert.mkBlk
ThomsonN7.Reg.pb_3_4	theorem	8835	8836	ThomsonN7.Reg.gP_3_4 ThomsonN7.Reg.phi_c1_le ThomsonN7.Base.phi ThomsonN7.Reg.gP ThomsonN7.Base.c1
ThomsonN7.SlabOneD.Slab_s99_98.certHA	def	16430	16434	ThomsonN7.SlabOneD.Slab_s99_98.termHA_7 ThomsonN7.SlabOneD.Slab_s99_98.termHA_3 ThomsonN7.SlabOneD.Cert.mk ThomsonN7.SlabOneD.Term ThomsonN7.SlabOneD.Slab_s99_98.termHA_1 ThomsonN7.SlabOneD.Slab_s99_98.termHA_4 ThomsonN7.SlabOneD.Cert ThomsonN7.SlabOneD.Slab_s99_98.termHA_6 ThomsonN7.SlabOneD.Slab_s99_98.termHA_2 ThomsonN7.SlabOneD.Slab_s99_98.termHA_0 ThomsonN7.SlabOneD.Slab_s99_98.termHA_5
ThomsonN7.triCapPrism_injective._proof_6	theorem	0	0	
ThomsonN7.Case1Data.F0_D_0	def	9600	9600	
ThomsonN7.Case1.c1Stat	def	10307	10312	ThomsonN7.Case1.C1Stat ThomsonN7.Case1.c1Stat._f ThomsonN7.Kron.Ex ThomsonN7.Kron.Ex.brecOn
_private.ThomsonN7.Solution.0.ThomsonN7.SlabOneD.sumTerms.match_1.eq_2	theorem	0	0	ThomsonN7.SlabOneD.sumTerms.match_1 ThomsonN7.SlabOneD.Term
ThomsonN7.Glue.Coerce.ContactA.ya1	def	13365	13365	ThomsonN7.Glue.Coerce.ContactA
ThomsonN7.Glue.exists_cell._proof_2	theorem	0	0	
ThomsonN7.SlabOneD.Slab_s94_93.HB_le_phi	theorem	17452	17455	ThomsonN7.SlabOneD.Slab_s94_93.certHB_ok ThomsonN7.SlabOneD.Slab_s94_93.certHB ThomsonN7.SlabOneD.Cert.sound ThomsonN7.SlabOneD.peval ThomsonN7.SlabOneD.Cert.Q ThomsonN7.SlabOneD.Par.mu2 ThomsonN7.SlabOneD.Par.nu1 ThomsonN7.SlabOneD.Par.mu1 ThomsonN7.SlabOneD.Slab_s94_93.parHB ThomsonN7.SlabOneD.Cert.Lam ThomsonN7.SlabOneD.Par.nu2
_private.ThomsonN7.Solution.0.ThomsonN7.CutOneD.sqSum.match_1.splitter	def	0	0	ThomsonN7.CutOneD.sqSum.match_1
ThomsonN7.Glue.Coerce.PlainCert.Q	def	13124	13124	ThomsonN7.Glue.Coerce.PlainCert
ThomsonN7.Reg.W_2_2	theorem	4370	4370	ThomsonN7.Reg.W ThomsonN7.Reg.W_diag
ThomsonN7.SlabOneD.evalZ_sqSum	theorem	15299	15304	ThomsonN7.SlabOneD.padd ThomsonN7.SlabOneD.sqSumZ ThomsonN7.SlabOneD.evalZ_pscale ThomsonN7.SlabOneD.pmul ThomsonN7.SlabOneD.pscale ThomsonN7.SlabOneD.evalZ.eq_1 ThomsonN7.SlabOneD.evalZ ThomsonN7.SlabOneD.evalZ_pmul ThomsonN7.SlabOneD.sqSum ThomsonN7.SlabOneD.evalZ_padd
ThomsonN7.Cert.perm3.eq_2	theorem	0	0	ThomsonN7.Cert.perm3
ThomsonN7.Cert.TCert.mG	def	14858	14858	ThomsonN7.Cert.TCert
ThomsonN7.thomson_seven_unique	theorem	17888	17893	ThomsonN7.coulombEnergy ThomsonN7.Final.hcap ThomsonN7.Final.hK ThomsonN7.Glue.seven_of_specs ThomsonN7.SphereConfig ThomsonN7.Final.K ThomsonN7.Final.hslab ThomsonN7.R3 ThomsonN7.Final.a ThomsonN7.pentBipyramid
ThomsonN7.Glue.slab_of_typed	theorem	12193	12216	ThomsonN7.coulombEnergy ThomsonN7.Glue.cls3 ThomsonN7.Glue.pair_facts ThomsonN7.SphereConfig ThomsonN7.Glue.energy_eq_sum ThomsonN7.Base.phi ThomsonN7.R3 ThomsonN7.pentBipyramid
ThomsonN7.Reg.diag_of_enc	theorem	6931	6935	
ThomsonN7.Reg.W_2_0	theorem	4364	4365	ThomsonN7.Reg.g_2_0 ThomsonN7.Reg.W ThomsonN7.Reg.W_ne ThomsonN7.Base.c2 ThomsonN7.Base.phi ThomsonN7.R3 ThomsonN7.pentBipyramid
ThomsonN7.T4.pentIdx_ne_six	theorem	11839	11843	ThomsonN7.T4.pentIdx ThomsonN7.T4.pentIdx_ne_six._proof_1
ThomsonN7.SlabOneD.Slab_s98_96.parHB.eq_1	theorem	0	0	ThomsonN7.SlabOneD.Slab_s98_96.parHB ThomsonN7.SlabOneD.Par.mk ThomsonN7.SlabOneD.Par
ThomsonN7.Cert.ev_hE	theorem	2632	2635	ThomsonN7.Kron.Ex.sumRange ThomsonN7.Kron.Ex.mon ThomsonN7.Kron.Ex.ev ThomsonN7.Cert.hE ThomsonN7.Kron.Ex.add ThomsonN7.Cert.smulNZ ThomsonN7.Kron.Ex.ev_sumRange ThomsonN7.Cert.ev_smulNZ
ThomsonN7.Reg.kk_7_15	theorem	7991	7993	ThomsonN7.Reg.cross_of_enc
ThomsonN7.Case1Data.S4_B_D_1	def	10028	10028	
ThomsonN7.Cert.SBlk.z	def	2609	2609	ThomsonN7.Cert.SBlk
ThomsonN7.M6.Box6.recOn	def	11473	11479	ThomsonN7.M6.Box6.rec ThomsonN7.M6.Box6.mk ThomsonN7.M6.Box6
ThomsonN7.SlabOneD.Slab_s93_90.termHB_0	def	17761	17762	ThomsonN7.SlabOneD.Term ThomsonN7.SlabOneD.Term.mk
ThomsonN7.Glue.Coerce.Contact2R.check	def	13645	13652	ThomsonN7.Glue.Coerce.Contact2R ThomsonN7.Glue.Coerce.Contact2R.Dq ThomsonN7.Glue.Coerce.Contact2R.Q ThomsonN7.Glue.Coerce.Contact2R.q2 ThomsonN7.Glue.Coerce.Contact2R.G ThomsonN7.CutOneD.pneg ThomsonN7.CutOneD.padd ThomsonN7.Glue.Coerce.chainOK ThomsonN7.Glue.Coerce.Fpoly ThomsonN7.Glue.Coerce.lin ThomsonN7.Glue.Coerce.Contact2R.pieces ThomsonN7.CutOneD.pscale ThomsonN7.Glue.Coerce.Contact2R.g0n ThomsonN7.Glue.Coerce.Contact2R.p2 ThomsonN7.Glue.Coerce.Contact2R.piecesR ThomsonN7.Glue.Coerce.Contact2R.g0d ThomsonN7.CutOneD.pmul ThomsonN7.Glue.Coerce.Contact2R.R ThomsonN7.Glue.Coerce.Contact2R.s ThomsonN7.Glue.Coerce.Contact2R.p1 ThomsonN7.Glue.Coerce.Contact2R.q1
ThomsonN7.Reg.sq_4	theorem	8241	8241	
ThomsonN7.Case1Data.S2_B_l_26	def	9865	9865	
ThomsonN7.Case1.cf_chk._proof_1	theorem	0	0	
ThomsonN7.SlabOneD.Slab_s98_96.parHC.eq_1	theorem	0	0	ThomsonN7.SlabOneD.Slab_s98_96.parHC ThomsonN7.SlabOneD.Par.mk ThomsonN7.SlabOneD.Par
ThomsonN7.ThreePoint.bv_positivity	theorem	683	696	ThomsonN7.ThreePoint.Y3 ThomsonN7.ThreePoint.quad_Y3_nonneg ThomsonN7.ThreePoint.S3 ThomsonN7.R3 ThomsonN7.ThreePoint.exists_tangent_frame ThomsonN7.ThreePoint.sum_S3_eq_sum_Y3
ThomsonN7.Reg.kk_6_18	theorem	7970	7972	ThomsonN7.Reg.cross_of_enc
ThomsonN7.Cert.codeE.eq_1	theorem	0	0	ThomsonN7.Kron.Ex.sub ThomsonN7.Kron.Ex.U ThomsonN7.Kron.Ex.c ThomsonN7.Kron.Ex ThomsonN7.Kron.Ex.sq ThomsonN7.Cert.codeE
ThomsonN7.Glue.Coerce.abs_t_sub_node_le	theorem	13151	13157	
ThomsonN7.TwoRegime.margin_of_threePoint_cut	theorem	5988	6008	ThomsonN7.coulombEnergy ThomsonN7.ThreePoint.Rk ThomsonN7.Base.inner_lt_one_of_ne ThomsonN7.SphereConfig ThomsonN7.ThreePoint.matDot ThomsonN7.Base.phi ThomsonN7.R3 ThomsonN7.ThreePoint.GramOK ThomsonN7.Base.coulombEnergy_eq_sum_phi ThomsonN7.pentBipyramid ThomsonN7.ThreePoint.three_point_bound_cut
ThomsonN7.SlabOneD.sqEval_nonneg	theorem	15196	15201	ThomsonN7.SlabOneD.sqEval ThomsonN7.SlabOneD.peval
ThomsonN7.SphereConfig	def	23	26	ThomsonN7.R3
ThomsonN7.Cert.tc_s99_98_SB0	def	16301	16305	ThomsonN7.Cert.TBlk ThomsonN7.Cert.TBlk.mk
ThomsonN7.Glue.Coerce.yOf_sq	theorem	13046	13049	ThomsonN7.Glue.Coerce.yOf ThomsonN7.cyl._proof_1
ThomsonN7.Case1Data.S5_B_D_13	def	10116	10116	
ThomsonN7.Reg.kk_7_10	theorem	7982	7984	ThomsonN7.Reg.cross_of_enc
ThomsonN7.Reg.CP_9.eq_1	theorem	0	0	ThomsonN7.triCapPrism._proof_2 ThomsonN7.RegB.phiCos._proof_1 ThomsonN7.Reg.CP_9
ThomsonN7.Kron.Ex.one.eq_1	theorem	0	0	ThomsonN7.Kron.Ex.one ThomsonN7.Kron.Ex.c ThomsonN7.Kron.Ex
ThomsonN7.Case1Data.S2_B_l_32	def	9871	9871	
ThomsonN7.Reg.s1.eq_1	theorem	0	0	ThomsonN7.Reg.s1 ThomsonN7.cyl._proof_1 ThomsonN7.pentBipyramid._proof_1
ThomsonN7.Case1Data.S4_B_l_8	def	9999	9999	
ThomsonN7.tri_bot._proof_1	theorem	0	0	
ThomsonN7.M3.cos_eight_pi_div_five	theorem	3634	3636	ThomsonN7.M3.cos_two_pi_div_five ThomsonN7.M3.cosB
ThomsonN7.Cert.tc_s93_90_SB0	def	17617	17621	ThomsonN7.Cert.TBlk ThomsonN7.Cert.TBlk.mk
ThomsonN7.Reg.enc_29	theorem	7417	7432	ThomsonN7.Reg.mlo_10 ThomsonN7.Reg.mlo_18 ThomsonN7.Reg.mlo_16 ThomsonN7.Reg.mlo_1 ThomsonN7.triCapPrism._proof_1 ThomsonN7.Reg.mhi_18 ThomsonN7.Reg.mhi_10 ThomsonN7.Reg.mhi_1 ThomsonN7.Reg.mhi_27 ThomsonN7.Reg.mhi_16 ThomsonN7.cyl._proof_1 ThomsonN7.Reg.CP_29 ThomsonN7.Reg.mlo_27 ThomsonN7.Reg.mhi_2 ThomsonN7.Reg.InBox ThomsonN7.Reg.mlo_2
ThomsonN7.Reg.mhi_6	theorem	6983	6984	ThomsonN7.Reg.mon_hi ThomsonN7.Reg.InBox
ThomsonN7.Cert.tc_s93_90_FR5	def	17576	17579	ThomsonN7.Cert.Blk ThomsonN7.Cert.mkBlk
ThomsonN7.Cert.linF.eq_1	theorem	0	0	ThomsonN7.Kron.Ex.c ThomsonN7.Kron.Ex ThomsonN7.Cert.linF
ThomsonN7.M2.Hlist	def	3145	3155	ThomsonN7.M2.K8 ThomsonN7.M2.K8.mk
ThomsonN7.Cert.Blk.qf_ent	theorem	2370	2390	ThomsonN7.Cert.Blk.del ThomsonN7.Cert.Blk ThomsonN7.Cert.cast_ent ThomsonN7.Cert.Blk.lq ThomsonN7.Cert.Blk.dq ThomsonN7.Cert.sum3_comm ThomsonN7.Cert.Blk.ent
ThomsonN7.Case1Data.F2_D_2	def	9630	9630	
ThomsonN7.ThreePoint.three_point_identity	theorem	1096	1115	ThomsonN7.ThreePoint.Rs ThomsonN7.ThreePoint.dsum_H ThomsonN7.R3 ThomsonN7.ThreePoint.dsum_sub ThomsonN7.ThreePoint.dsum ThomsonN7.ThreePoint.dsum_Rs
ThomsonN7.TwoRegime.RegimeA	def	5665	5669	ThomsonN7.coulombEnergy ThomsonN7.SphereConfig ThomsonN7.R3 ThomsonN7.TwoRegime.sumW ThomsonN7.pentBipyramid
ThomsonN7.Case1Data.S0_B_l_15	def	9660	9660	
ThomsonN7.Reg.kk_5_20	theorem	7943	7945	ThomsonN7.Reg.cross_of_enc
ThomsonN7.Case1Data.S6_B_l_15	def	10158	10158	
ThomsonN7.Glue.cap_of_typed_tube._proof_6	theorem	0	0	
ThomsonN7.thomson_seven	theorem	17882	17886	ThomsonN7.coulombEnergy ThomsonN7.Final.hcap ThomsonN7.Final.hK ThomsonN7.Glue.seven_of_specs ThomsonN7.SphereConfig ThomsonN7.Final.K ThomsonN7.Final.hslab ThomsonN7.R3 ThomsonN7.Final.a ThomsonN7.pentBipyramid
ThomsonN7.ThreePoint.hW7	theorem	11042	11048	ThomsonN7.ThreePoint.W7 ThomsonN7.triCapPrism._proof_1 ThomsonN7.ThreePoint.gm ThomsonN7.ThreePoint.instDecidableIsP ThomsonN7.ThreePoint.s7 ThomsonN7.ThreePoint.mrg ThomsonN7.cyl._proof_1 ThomsonN7.pentBipyramid._proof_1 ThomsonN7.ThreePoint.H7 ThomsonN7.ThreePoint.mrg7 ThomsonN7.Base.c1._proof_1 ThomsonN7.ThreePoint.isP
ThomsonN7.Case1Data.S0_B_D_46	def	9748	9748	
ThomsonN7.SlabOneD.Slab_s93_90.certHB_ok	theorem	17779	17779	ThomsonN7.SlabOneD.Slab_s93_90.parHB ThomsonN7.SlabOneD.Cert.check ThomsonN7.SlabOneD.Slab_s93_90.certHB_ok._proof_1 ThomsonN7.SlabOneD.Slab_s93_90.certHB
ThomsonN7.SlabOneD.Slab_s94_93.termHB_2	def	17438	17439	ThomsonN7.SlabOneD.Term ThomsonN7.SlabOneD.Term.mk
ThomsonN7.Reg.sum_W_inner_left	theorem	6627	6637	ThomsonN7.Reg.W ThomsonN7.Reg.pent_critical ThomsonN7.R3 ThomsonN7.Reg.W_symm ThomsonN7.Reg.muP ThomsonN7.pentBipyramid
ThomsonN7.Reg.pent_critical_5	theorem	4572	4578	ThomsonN7.Reg.W_5_1 ThomsonN7.Reg.W ThomsonN7.Reg.W_5_6 ThomsonN7.Reg.W_5_5 ThomsonN7.Reg.s1 ThomsonN7.Base.c2 ThomsonN7.Reg.W_5_0 ThomsonN7.Reg.pent_2 ThomsonN7.Reg.W_5_3 ThomsonN7.Base.phi ThomsonN7.Reg.W_5_2 ThomsonN7.R3 ThomsonN7.Base.c1 ThomsonN7.Reg.pent_5' ThomsonN7.Reg.s2 ThomsonN7.Reg.pent_0 ThomsonN7.Reg.muP_5 ThomsonN7.Reg.pent_6' ThomsonN7.Reg.W_5_4 ThomsonN7.Reg.crit_5_x ThomsonN7.Reg.muP ThomsonN7.pentBipyramid ThomsonN7.Reg.pent_3 ThomsonN7.Reg.pent_4 ThomsonN7.Reg.pent_1
ThomsonN7.Reg.CP_59._proof_1	theorem	0	0	
ThomsonN7.Reg.kk_8_17	theorem	8018	8020	ThomsonN7.Reg.cross_of_enc
ThomsonN7.Reg.kk_14_14	theorem	8132	8134	ThomsonN7.Reg.diag_of_enc
ThomsonN7.Cert.tc_s93_90_B	theorem	17705	17705	ThomsonN7.Cert.tc_s93_90_B._proof_1 ThomsonN7.Cert.TCert.chkB ThomsonN7.Cert.tc_s93_90
ThomsonN7.Case1Data.S2_B_l_12	def	9851	9851	
ThomsonN7.Cert.Cert3.idE	def	2669	2674	ThomsonN7.Kron.Ex.sub ThomsonN7.Cert.Cert3 ThomsonN7.Cert.Cert3.ad ThomsonN7.Cert.Cert3.blk ThomsonN7.Cert.SBlk ThomsonN7.Cert.ftotE ThomsonN7.Cert.Cert3.m ThomsonN7.Cert.hE ThomsonN7.Cert.Cert3.eps ThomsonN7.Cert.Cert3.h ThomsonN7.Cert.Cert3.K ThomsonN7.Cert.sblkE ThomsonN7.Kron.Ex.c ThomsonN7.Kron.Ex ThomsonN7.Kron.Ex.smul ThomsonN7.Cert.Cert3.S ThomsonN7.Cert.Cert3.an ThomsonN7.Cert.Cert3.n ThomsonN7.Kron.Ex.sumE ThomsonN7.Cert.fkE
ThomsonN7.Glue.Coerce.Contact1R.g0d	def	13534	13534	ThomsonN7.Glue.Coerce.Contact1R
ThomsonN7.Case1Data.S5_B_D_8	def	10111	10111	
ThomsonN7.Case1Data.S4_B_l_14	def	10005	10005	
ThomsonN7.Reg.mlo_35	theorem	7097	7098	ThomsonN7.Reg.mon_lo ThomsonN7.Reg.InBox
ThomsonN7.Reg.kk_3_13	theorem	7868	7870	ThomsonN7.Reg.cross_of_enc
ThomsonN7.M2.P0	def	3175	3178	ThomsonN7.M2.K8 ThomsonN7.M2.K8.neg ThomsonN7.M2.Pl.pow ThomsonN7.M2.K8.one ThomsonN7.M2.Pl.mul ThomsonN7.M2.kS2 ThomsonN7.M2.K8.ofRat ThomsonN7.M2.kA ThomsonN7.M2.kB
ThomsonN7.Cert.tc_cap_SG4	def	16049	16053	ThomsonN7.Cert.TBlk ThomsonN7.Cert.TBlk.mk
ThomsonN7.Case1.c1_range4	theorem	10428	10428	
ThomsonN7.Case1Data.S2_B_l_7	def	9846	9846	
ThomsonN7.Reg.enc_10	theorem	7205	7212	ThomsonN7.triCapPrism._proof_1 ThomsonN7.Reg.mlo_9 ThomsonN7.Reg.mlo_6 ThomsonN7.Reg.mhi_6 ThomsonN7.Reg.InBox ThomsonN7.Reg.CP_10 ThomsonN7.Reg.mhi_9 ThomsonN7.Base.c1._proof_1
ThomsonN7.Kron.sumT_append	theorem	1667	1669	ThomsonN7.Kron.Ex.Term ThomsonN7.Kron.sumT
ThomsonN7.Reg.g_1_4	theorem	4222	4224	ThomsonN7.Reg.hF1 ThomsonN7.Reg.s1 ThomsonN7.Base.c2 ThomsonN7.Reg.inner_vec3 ThomsonN7.Reg.hF3 ThomsonN7.R3 ThomsonN7.Base.c1 ThomsonN7.Reg.hF4 ThomsonN7.pentBipyramid ThomsonN7.Reg.pent_4 ThomsonN7.Reg.pent_1
ThomsonN7.Reg.kk_14_18	theorem	8144	8146	ThomsonN7.Reg.cross_of_enc
ThomsonN7.Kron.Ex.dz._sunfold	def	0	0	ThomsonN7.Kron.Ex.dz ThomsonN7.Kron.Ex.ev.match_1 ThomsonN7.Kron.Ex
ThomsonN7.Cert.degK_sqF_le.match_1	def	0	0	
ThomsonN7.M2.instDecidableEqK8.decEq	def	2856	2856	ThomsonN7.M2.instDecidableEqK8.decEq._proof_3 ThomsonN7.M2.K8 ThomsonN7.M2.instDecidableEqK8.decEq._proof_7 ThomsonN7.M2.instDecidableEqK8.decEq.match_1 ThomsonN7.M2.instDecidableEqK8.decEq._proof_6 ThomsonN7.M2.instDecidableEqK8.decEq._proof_5 ThomsonN7.M2.instDecidableEqK8.decEq._proof_1 ThomsonN7.M2.instDecidableEqK8.decEq._proof_4 ThomsonN7.M2.instDecidableEqK8.decEq._proof_2 ThomsonN7.M2.instDecidableEqK8.decEq._proof_9 ThomsonN7.M2.instDecidableEqK8.decEq._proof_8 ThomsonN7.M2.K8.mk
ThomsonN7.Final.capC.eq_1	theorem	0	0	ThomsonN7.Glue.Coerce.Contact2R ThomsonN7.Glue.Coerce.BPiece.mk ThomsonN7.Final.capC ThomsonN7.Glue.Coerce.Contact2R.mk ThomsonN7.Cert.tc_cap ThomsonN7.Glue.Coerce.BPiece ThomsonN7.Cert.TCert.Lam ThomsonN7.Cert.TCert.HC
ThomsonN7.Kron.Ex.c.injEq	theorem	0	0	ThomsonN7.Kron.Ex.c.inj ThomsonN7.Kron.Ex.c ThomsonN7.Kron.Ex
ThomsonN7.TwoRegime.InWindow	def	6267	6275	ThomsonN7.cyl._proof_1 ThomsonN7.R3 ThomsonN7.pentBipyramid
ThomsonN7.RegB.phiCos	def	4957	4960	ThomsonN7.M3.firstWhere._proof_1 ThomsonN7.RegB.phiCos._proof_2 ThomsonN7.RegB.phiCos._proof_1 ThomsonN7.R3 ThomsonN7.pentBipyramid._proof_1 ThomsonN7.RegB.phiCos._proof_3 ThomsonN7.Base.c1._proof_1
ThomsonN7.Cert.TCert.dd	def	14840	14840	ThomsonN7.Cert.TCert
ThomsonN7.Interfaces.H	def	6425	6426	ThomsonN7.M2.H
ThomsonN7.SlabOneD.evalZ._sunfold	def	0	0	ThomsonN7.SlabOneD.evalZ.match_1 ThomsonN7.SlabOneD.evalZ
ThomsonN7.Case1Data.S0_B_D_28	def	9730	9730	
ThomsonN7.SlabOneD.Slab_s94_93.certHA_ok	theorem	17423	17423	ThomsonN7.SlabOneD.Slab_s94_93.certHA ThomsonN7.SlabOneD.Cert.check ThomsonN7.SlabOneD.Slab_s94_93.certHA_ok._proof_1 ThomsonN7.SlabOneD.Slab_s94_93.parHA
ThomsonN7.tri_cases._proof_1	theorem	0	0	
ThomsonN7.Case1.c1Sub	def	10325	10326	ThomsonN7.Case1.C1Stat ThomsonN7.Case1.c1Add ThomsonN7.Case1.c1Mul ThomsonN7.Case1.c1C
ThomsonN7.ThreePoint.S3_one_succ	theorem	1163	1165	ThomsonN7.ThreePoint.Y3 ThomsonN7.ThreePoint.Q3 ThomsonN7.triCapPrism._proof_2 ThomsonN7.ThreePoint.S3 ThomsonN7.ThreePoint.Q3_one_succ
ThomsonN7.Case1Data.S2_B_l_4	def	9843	9843	
ThomsonN7.Glue.Coerce.Contact1._sizeOf_1	def	0	0	ThomsonN7.Glue.Coerce.Contact1.rec ThomsonN7.Glue.Coerce.BPiece ThomsonN7.Glue.Coerce.Contact1 ThomsonN7.Glue.Coerce.BPiece._sizeOf_inst
ThomsonN7.M2.instDecidableEqK8.decEq._proof_2	theorem	0	0	ThomsonN7.M2.K8 ThomsonN7.M2.K8.mk.noConfusion ThomsonN7.M2.K8.mk
ThomsonN7.Case1Data.S3_B_l_26	def	9941	9941	
ThomsonN7.Reg.CP_23	def	6760	6760	ThomsonN7.triCapPrism._proof_2 ThomsonN7.RegB.phiCos._proof_1
ThomsonN7.Glue.localGramA_of_le	theorem	12339	12348	ThomsonN7.TwoRegime.LocalMinAt ThomsonN7.TwoRegime.LocalGram ThomsonN7.TwoRegime.localGramA_of_localGram ThomsonN7.TwoRegime.localMinAt_tiny ThomsonN7.TwoRegime.LocalGramA ThomsonN7.TwoRegime.localGram_of_localMinAt
ThomsonN7.SlabOneD.Cert.nonneg	theorem	15541	15554	ThomsonN7.SlabOneD.peval_pneg ThomsonN7.SlabOneD.peval_eq_zero_of_all ThomsonN7.SlabOneD.padd ThomsonN7.SlabOneD.peval ThomsonN7.SlabOneD.Cert.Q ThomsonN7.SlabOneD.pmul ThomsonN7.SlabOneD.Par.mu2 ThomsonN7.SlabOneD.Cert.terms ThomsonN7.SlabOneD.sumTerms ThomsonN7.SlabOneD.Cert.diff ThomsonN7.SlabOneD.Cert.check ThomsonN7.SlabOneD.pscale ThomsonN7.SlabOneD.peval_pscale ThomsonN7.SlabOneD.Par.nu1 ThomsonN7.SlabOneD.Par.mu1 ThomsonN7.SlabOneD.peval_compQ ThomsonN7.SlabOneD.Cert ThomsonN7.SlabOneD.pneg ThomsonN7.SlabOneD.peval_pmul ThomsonN7.SlabOneD.Cert.m ThomsonN7.SlabOneD.peval_padd ThomsonN7.SlabOneD.sumTerms_nonneg ThomsonN7.SlabOneD.Cert.check_spec ThomsonN7.SlabOneD.Par ThomsonN7.SlabOneD.Cert.Lam ThomsonN7.SlabOneD.compQ ThomsonN7.SlabOneD.Par.nu2
ThomsonN7.Reg.mhi_2	theorem	6967	6968	ThomsonN7.Reg.mon_hi ThomsonN7.Reg.InBox
ThomsonN7.SlabOneD.Slab_s96_94.certHB_ok	theorem	17121	17121	ThomsonN7.SlabOneD.Slab_s96_94.certHB_ok._proof_1 ThomsonN7.SlabOneD.Slab_s96_94.parHB ThomsonN7.SlabOneD.Cert.check ThomsonN7.SlabOneD.Slab_s96_94.certHB
ThomsonN7.Cert.comb2._sunfold	def	0	0	ThomsonN7.Cert.offB ThomsonN7.Cert.comb2 ThomsonN7.Cert.comb2.match_1
ThomsonN7.Case1Data.S0_B_l_42	def	9687	9687	
ThomsonN7.Case1Data.S2_B_d	def	9838	9838	
ThomsonN7.Reg.enc_7	theorem	7181	7188	ThomsonN7.Reg.mlo_22 ThomsonN7.Reg.mhi_22 ThomsonN7.Reg.mhi_20 ThomsonN7.triCapPrism._proof_2 ThomsonN7.Reg.CP_7 ThomsonN7.Reg.mlo_20 ThomsonN7.RegB.phiCos._proof_1 ThomsonN7.Reg.InBox
ThomsonN7.Case1.c1C	def	10304	10305	ThomsonN7.Case1.C1Stat
ThomsonN7.Final.a._proof_6	theorem	0	0	
ThomsonN7.Kron.Ex.dz._f	def	0	0	ThomsonN7.Kron.Ex.below ThomsonN7.Kron.Ex.mul ThomsonN7.Kron.Ex.mon ThomsonN7.Kron.Ex.add ThomsonN7.Kron.Ex.ev.match_1 ThomsonN7.Kron.Ex.c ThomsonN7.Kron.Ex
ThomsonN7.Cert.Sk_fmat	theorem	14749	14753	ThomsonN7.ThreePoint.Y3 ThomsonN7.Cert.SE ThomsonN7.Kron.Ex.sumRange ThomsonN7.ThreePoint.Sk ThomsonN7.Cert.Blk ThomsonN7.ThreePoint.matDot ThomsonN7.Kron.Ex.ev ThomsonN7.Cert.fmat ThomsonN7.Cert.matDot_fmat_Y3 ThomsonN7.Kron.Ex.ev_sumRange ThomsonN7.Cert.fkE
ThomsonN7.SlabOneD.Slab_s96_94.parHB	def	17101	17101	ThomsonN7.SlabOneD.Par.mk ThomsonN7.SlabOneD.Par
ThomsonN7.Reg.pb_2_5	theorem	8829	8830	ThomsonN7.Reg.gP_2_5 ThomsonN7.Reg.phi_zero_le ThomsonN7.Base.phi ThomsonN7.Reg.gP
ThomsonN7.Reg.CP_31	def	6768	6768	ThomsonN7.cyl._proof_1 ThomsonN7.RegB.phiCos._proof_1 ThomsonN7.Base.c1._proof_1
ThomsonN7.SlabOneD.Slab_s99_98.termHA_6	def	16424	16425	ThomsonN7.SlabOneD.Term ThomsonN7.SlabOneD.Term.mk
ThomsonN7.Cert.sqfF	def	13822	13824	ThomsonN7.Cert.Blk.Δ ThomsonN7.Cert.Blk.l ThomsonN7.Cert.Blk.d ThomsonN7.Cert.Blk ThomsonN7.Kron.Ex.add ThomsonN7.Cert.quadF ThomsonN7.Kron.Ex ThomsonN7.Cert.sqF
ThomsonN7.Glue.Coerce.chainOK._sunfold	def	0	0	ThomsonN7.Glue.Coerce.BPiece.u1 ThomsonN7.Glue.Coerce.chainOK ThomsonN7.Glue.Coerce.BPiece.w1 ThomsonN7.Glue.Coerce.BPiece.w2 ThomsonN7.Glue.Coerce.BPiece.u2 ThomsonN7.Glue.Coerce.BPiece.check ThomsonN7.Glue.Coerce.chainOK.match_1 ThomsonN7.Glue.Coerce.BPiece
ThomsonN7.Base.c1.eq_1	theorem	0	0	ThomsonN7.Base.c1 ThomsonN7.pentBipyramid._proof_1 ThomsonN7.Base.c1._proof_1
ThomsonN7.Glue.Coerce.Contact1R.rec	rec	13524	13536	ThomsonN7.Glue.Coerce.Contact1R.mk ThomsonN7.Glue.Coerce.Contact1R ThomsonN7.Glue.Coerce.BPiece
ThomsonN7.Cert.chk_sound._proof_2	theorem	0	0	ThomsonN7.Kron.Ex.dy ThomsonN7.Kron.Ex.kev ThomsonN7.Kron.Ex.dz ThomsonN7.Kron.Ex.dx ThomsonN7.Kron.Ex ThomsonN7.Kron.Ex.l1
ThomsonN7.tri_top	theorem	132	134	ThomsonN7.triCapPrism._proof_1 ThomsonN7.triCapPrism._proof_2 ThomsonN7.cyl._proof_1 ThomsonN7.R3 ThomsonN7.cyl ThomsonN7.triCapPrism
ThomsonN7.Case1Data.F0_D_2	def	9602	9602	
ThomsonN7.SlabOneD.sqSumZ	def	15294	15297	ThomsonN7.SlabOneD.sqSumZ._f
ThomsonN7.Case1Data.S1_z	def	9836	9836	
ThomsonN7.Cert.TCert.ahi.eq_1	theorem	0	0	ThomsonN7.Cert.TCert.bn ThomsonN7.Cert.TCert.bd ThomsonN7.Cert.TCert ThomsonN7.Cert.TCert.ahi
ThomsonN7.Cert.transposeSq.eq_2	theorem	0	0	ThomsonN7.Cert.transposeSq
ThomsonN7.CutOneD.Cert.Q	def	9214	9214	ThomsonN7.CutOneD.Cert
ThomsonN7.Reg.mhi_22	theorem	7047	7048	ThomsonN7.Reg.mon_hi ThomsonN7.Reg.InBox
ThomsonN7.Reg.planeRot._proof_9	theorem	0	0	
ThomsonN7.Case1Data.S1_B_D_18	def	9817	9817	
ThomsonN7.SlabOneD.Slab_s98_96.certHC_ok._proof_1	theorem	0	0	ThomsonN7.SlabOneD.Slab_s98_96.certHC ThomsonN7.SlabOneD.Slab_s98_96.parHC ThomsonN7.SlabOneD.Cert.check
ThomsonN7.Cert.linF._f	def	0	0	ThomsonN7.Cert.linF.match_1 ThomsonN7.Kron.Ex.mon ThomsonN7.Kron.Ex.add ThomsonN7.Cert.smulNZ ThomsonN7.Kron.Ex.c ThomsonN7.Kron.Ex
ThomsonN7.Reg.pc_5_2	theorem	8349	8350	ThomsonN7.R3 ThomsonN7.Reg.pent_5' ThomsonN7.pentBipyramid
ThomsonN7.SlabOneD.Par.ctorIdx	def	0	0	ThomsonN7.SlabOneD.Par
ThomsonN7.ThreePoint.s7	def	11008	11010	ThomsonN7.ThreePoint.instDecidableIsP ThomsonN7.ThreePoint.isP
ThomsonN7.Glue.Coerce.Contact1.G	def	13177	13177	ThomsonN7.Glue.Coerce.Contact1
ThomsonN7.SlabOneD.pmul._f	def	0	0	ThomsonN7.SlabOneD.padd ThomsonN7.SlabOneD.pscale ThomsonN7.CutOneD.pmul.match_1
ThomsonN7.Glue.Coerce.PlainCert	induct	13121	13125	ThomsonN7.Glue.Coerce.PlainCert.mk
ThomsonN7.Reg.kk_1_13	theorem	7811	7813	ThomsonN7.Reg.cross_of_enc
ThomsonN7.Reg.mhi_15	theorem	7019	7020	ThomsonN7.Reg.mon_hi ThomsonN7.Reg.InBox
ThomsonN7.T4.inner_P_six_ring	theorem	11852	11855	ThomsonN7.T4.pentIdx ThomsonN7.M3.inner_P ThomsonN7.M3.cP_pent_pole ThomsonN7.T4.pentIdx_lt ThomsonN7.R3 ThomsonN7.pentBipyramid ThomsonN7.M3.val ThomsonN7.M3.cP ThomsonN7.T4.pentIdx_ne_six
ThomsonN7.Glue.Coerce.ContactA.mk._flat_ctor	def	0	0	ThomsonN7.Glue.Coerce.BPiece ThomsonN7.Glue.Coerce.ContactA.mk ThomsonN7.Glue.Coerce.ContactA
ThomsonN7.Cert.comb2_spec	theorem	14617	14631	ThomsonN7.Cert.offB ThomsonN7.Cert.comb2.eq_1 ThomsonN7.Cert.comb2 ThomsonN7.Cert.comb2_spec._simp_4
ThomsonN7.Case1Data.S5_B_l_12	def	10079	10079	
ThomsonN7.Kron.Ex.mul.sizeOf_spec	theorem	0	0	ThomsonN7.Kron.Ex.mul ThomsonN7.Kron.Ex._sizeOf_inst ThomsonN7.Kron.Ex
ThomsonN7.CutOneD.Cert.noConfusion	def	9211	9218	ThomsonN7.CutOneD.Cert.casesOn ThomsonN7.CutOneD.Cert.noConfusionType ThomsonN7.CutOneD.Cert
ThomsonN7.Cert.tc_s99_98_SB2	def	16313	16317	ThomsonN7.Cert.TBlk ThomsonN7.Cert.TBlk.mk
ThomsonN7.ThreePoint.Q3_one_succ	theorem	1158	1161	ThomsonN7.ThreePoint.Q3 ThomsonN7.cyl._proof_1
ThomsonN7.Reg.enc_8	theorem	7189	7196	ThomsonN7.Reg.mhi_14 ThomsonN7.Reg.CP_8 ThomsonN7.cyl._proof_1 ThomsonN7.Reg.mhi_2 ThomsonN7.Reg.InBox ThomsonN7.Reg.mlo_14 ThomsonN7.Reg.mlo_2 ThomsonN7.Base.c1._proof_1
ThomsonN7.CutOneD.Cert.check.eq_1	theorem	0	0	ThomsonN7.CutOneD.Cert.Lam ThomsonN7.CutOneD.Cert.diff ThomsonN7.CutOneD.Cert.check ThomsonN7.CutOneD.Cert
ThomsonN7.Case1Data.S1_B_D_34	def	9833	9833	
ThomsonN7.Kron.Ex.l1.eq_4	theorem	0	0	ThomsonN7.Kron.Ex.mul ThomsonN7.Kron.Ex ThomsonN7.Kron.Ex.l1
ThomsonN7.Reg.W_ne	theorem	4182	4183	ThomsonN7.Reg.W ThomsonN7.Base.phi ThomsonN7.cyl._proof_1 ThomsonN7.R3 ThomsonN7.pentBipyramid
ThomsonN7.Cert.TBlk.mk.sizeOf_spec	theorem	0	0	ThomsonN7.Cert.TBlk ThomsonN7.Cert.TBlk._sizeOf_inst ThomsonN7.Cert.TBlk.mk
ThomsonN7.Cert.perm3.eq_4	theorem	0	0	ThomsonN7.Cert.perm3
ThomsonN7.Reg.mlo_36	theorem	7101	7102	ThomsonN7.Reg.mon_lo ThomsonN7.Reg.InBox
ThomsonN7.Cert.tgE.eq_1	theorem	0	0	ThomsonN7.Kron.Ex.sub ThomsonN7.Cert.hvE ThomsonN7.Kron.Ex ThomsonN7.Kron.Ex.smul ThomsonN7.Cert.gmE ThomsonN7.Cert.tgE
ThomsonN7.CutOneD.sqSum._sunfold	def	0	0	ThomsonN7.CutOneD.sqSum ThomsonN7.CutOneD.padd ThomsonN7.CutOneD.sqSum.match_1 ThomsonN7.CutOneD.pscale ThomsonN7.CutOneD.pmul
ThomsonN7.ThreePoint.H7_eq._proof_1	theorem	0	0	
ThomsonN7.Reg.W_2_1	theorem	4367	4368	ThomsonN7.Reg.W ThomsonN7.Reg.W_ne ThomsonN7.Reg.g_2_1 ThomsonN7.Base.phi ThomsonN7.R3 ThomsonN7.Base.c1 ThomsonN7.pentBipyramid
ThomsonN7.Reg.kk_1_1	theorem	7787	7789	ThomsonN7.Reg.diag_of_enc
ThomsonN7.M3.map_det4h	theorem	3531	3536	ThomsonN7.M3.det4h ThomsonN7.cyl._proof_1
ThomsonN7.SlabOneD.Slab_s96_94.termHA_2	def	17070	17071	ThomsonN7.SlabOneD.Term ThomsonN7.SlabOneD.Term.mk
ThomsonN7.norm_sq_cyl	theorem	58	61	ThomsonN7.R3 ThomsonN7.cyl
ThomsonN7.ThreePoint.lamB.eq_1	theorem	0	0	ThomsonN7.ThreePoint.gm ThomsonN7.cyl._proof_1 ThomsonN7.ThreePoint.lamB ThomsonN7.Base.c1._proof_1
ThomsonN7.Reg.sin_8pi5	theorem	4126	4128	ThomsonN7.Reg.s1 ThomsonN7.cyl._proof_1 ThomsonN7.pentBipyramid._proof_1
ThomsonN7.Reg.CP_22	def	6759	6759	ThomsonN7.triCapPrism._proof_1 ThomsonN7.triCapPrism._proof_2 ThomsonN7.cyl._proof_1
ThomsonN7.Interfaces.isNode_of_H_eq_phi	theorem	6432	6433	ThomsonN7.M2.node_of_H_eq_phi ThomsonN7.Base.IsNode ThomsonN7.Base.phi ThomsonN7.Interfaces.H
ThomsonN7.Cert.tc_s94_93.eq_1	theorem	0	0	ThomsonN7.Cert.tc_s94_93_SG3 ThomsonN7.Cert.tc_s94_93_FP2 ThomsonN7.Cert.tc_s94_93_SG1 ThomsonN7.Cert.tc_s94_93_SA0 ThomsonN7.Cert.tc_s94_93_FP4 ThomsonN7.Cert.tc_s94_93_SB1 ThomsonN7.Cert.tc_s94_93_FR2 ThomsonN7.Cert.tc_s94_93_FR5 ThomsonN7.Cert.tc_s94_93_SB4 ThomsonN7.Cert.tc_s94_93_FR0 ThomsonN7.Cert.tc_s94_93_SG2 ThomsonN7.Cert.tc_s94_93_SA3 ThomsonN7.Cert.tc_s94_93_SA1 ThomsonN7.Cert.Blk ThomsonN7.Cert.tc_s94_93_FP5 ThomsonN7.Cert.TBlk ThomsonN7.Cert.tc_s94_93_SG4 ThomsonN7.Cert.tc_s94_93_SB3 ThomsonN7.Cert.tc_s94_93 ThomsonN7.Cert.TCert.mk ThomsonN7.Cert.tc_s94_93_FR1 ThomsonN7.Cert.tc_s94_93_SB2 ThomsonN7.Cert.tc_s94_93_SA5 ThomsonN7.Cert.tc_s94_93_SA4 ThomsonN7.Cert.TCert ThomsonN7.Cert.tc_s94_93_FP0 ThomsonN7.Cert.tc_s94_93_SG0 ThomsonN7.Cert.tc_s94_93_FR3 ThomsonN7.Cert.tc_s94_93_FP1 ThomsonN7.Cert.tc_s94_93_SA2 ThomsonN7.Cert.tc_s94_93_FP3 ThomsonN7.Cert.tc_s94_93_SB0 ThomsonN7.Cert.tc_s94_93_FR4
ThomsonN7.T4.exists_ring	theorem	11880	11881	ThomsonN7.T4.exists_ring._proof_2 ThomsonN7.T4.exists_ring._proof_1
ThomsonN7.ThreePoint.dsum.eq_1	theorem	0	0	ThomsonN7.ThreePoint.dsum
ThomsonN7.Cert.tc_s99_98_FP3	def	16220	16223	ThomsonN7.Cert.Blk ThomsonN7.Cert.mkBlk
ThomsonN7.Case1.c1_stat_S0	theorem	10398	10400	ThomsonN7.Case1Data.S0 ThomsonN7.Case1.c1_stat_S0._proof_1 ThomsonN7.Cert.Cert3.ad ThomsonN7.Case1.c1Stat ThomsonN7.Case1Data.cf ThomsonN7.Case1.C1Stat ThomsonN7.Cert.sblkE ThomsonN7.Cert.Cert3.an
ThomsonN7.Cert.degK.eq_def	theorem	0	0	ThomsonN7.Kron.Ex.below ThomsonN7.Kron.Ex.mul ThomsonN7.Kron.Ex.mon ThomsonN7.Cert.proj ThomsonN7.Kron.Ex.brecOn.go _private.ThomsonN7.Solution.0.ThomsonN7.Kron.Ex.ev.match_1.splitter ThomsonN7.Kron.Ex.add ThomsonN7.Kron.Ex.ev.match_1 ThomsonN7.Kron.Ex.c ThomsonN7.Kron.Ex ThomsonN7.Cert.degK._f ThomsonN7.Kron.Ex.rec ThomsonN7.Kron.Ex.brecOn.eq ThomsonN7.Cert.degK ThomsonN7.Kron.Ex.brecOn
ThomsonN7.ThreePoint.card_third	theorem	844	857	ThomsonN7.ThreePoint.card_third._proof_3 ThomsonN7.ThreePoint.card_third._simp_2 ThomsonN7.ThreePoint.card_third._simp_3 ThomsonN7.ThreePoint.card_third._simp_1
ThomsonN7.Reg.mlo_12	theorem	7005	7006	ThomsonN7.Reg.mon_lo ThomsonN7.Reg.InBox
ThomsonN7.SlabOneD.Slab_s98_96.termHA_3	def	16744	16745	ThomsonN7.SlabOneD.Term ThomsonN7.SlabOneD.Term.mk
ThomsonN7.SlabOneD.l1_compQ	theorem	15399	15411	ThomsonN7.SlabOneD.cqB ThomsonN7.SlabOneD.l1.eq_1 ThomsonN7.SlabOneD.padd ThomsonN7.SlabOneD.l1_compQ._proof_4 ThomsonN7.SlabOneD.pmul ThomsonN7.SlabOneD.l1_padd ThomsonN7.SlabOneD.l1 ThomsonN7.SlabOneD.l1_pmul ThomsonN7.SlabOneD.compQ
ThomsonN7.tri_idx_inj	theorem	126	130	ThomsonN7.int_eq_zero_of_cos_eq_one ThomsonN7.pent_angle_inj._proof_3
ThomsonN7.SlabOneD.sumTermsB.eq_1	theorem	0	0	ThomsonN7.SlabOneD.Term ThomsonN7.SlabOneD.Par ThomsonN7.SlabOneD.sumTermsB
ThomsonN7.RegB.t0_15	theorem	5089	5089	ThomsonN7.RegB.t0_north ThomsonN7.RegB.t0
ThomsonN7.T4.sig7_injective._proof_5	theorem	0	0	ThomsonN7.T4.sig7._proof_3 ThomsonN7.T4.sig7._proof_4 ThomsonN7.T4.pentIdx._proof_2
ThomsonN7.CutOneD.peval_eq_zero_of_all._simp_1	theorem	0	0	
ThomsonN7.Case1Data.S0_B_l_38	def	9683	9683	
ThomsonN7.Cert.unpackI.eq_1	theorem	0	0	ThomsonN7.Cert.unpackI
ThomsonN7.GV.exists_iso_close_perm	theorem	5608	5615	ThomsonN7.GV.exists_iso_close ThomsonN7.R3 ThomsonN7.pentBipyramid
ThomsonN7.Case1Data.S4_B_D_13	def	10040	10040	
ThomsonN7.T4.inner_P_pole_pole	theorem	11829	11831	ThomsonN7.M3.cP._proof_1 ThomsonN7.M3.inner_P ThomsonN7.R3 ThomsonN7.M3.cosA ThomsonN7.M3.cosB ThomsonN7.pentBipyramid ThomsonN7.M3.val ThomsonN7.M3.cP
ThomsonN7.Glue.Coerce.PlainCert.rec	rec	13121	13125	ThomsonN7.Glue.Coerce.PlainCert.mk ThomsonN7.Glue.Coerce.PlainCert ThomsonN7.Glue.Coerce.BPiece
ThomsonN7.Cert.tc_cap_SA3	def	15971	15975	ThomsonN7.Cert.TBlk ThomsonN7.Cert.TBlk.mk
ThomsonN7.Case1Data.S5_B_l_6	def	10073	10073	
ThomsonN7.Case1Data.S7_B_l_13	def	10232	10232	
ThomsonN7.Glue.Coerce.PlainCert.check	def	13127	13129	ThomsonN7.Glue.Coerce.chainOK ThomsonN7.Glue.Coerce.Fpoly ThomsonN7.Glue.Coerce.PlainCert ThomsonN7.Glue.Coerce.PlainCert.Dq ThomsonN7.Glue.Coerce.PlainCert.pieces ThomsonN7.Glue.Coerce.PlainCert.Q
ThomsonN7.T4.no_mono_cosA	theorem	11707	11728	ThomsonN7.M6.Box6.A ThomsonN7.M6.chk4 ThomsonN7.M6.Box6.F ThomsonN7.M6.Box6.Mem ThomsonN7.T4.sqrt5_bounds ThomsonN7.T4.box_exclude ThomsonN7.M6.Box6.D ThomsonN7.M6.Box6.C ThomsonN7.M6.Box6.B ThomsonN7.M6.Box6.mk ThomsonN7.R3 ThomsonN7.M6.Imem ThomsonN7.M3.cosA ThomsonN7.T4.imem_of ThomsonN7.M6.Box6.E
ThomsonN7.Case1Data.S4_B_D_14	def	10041	10041	
ThomsonN7.Reg.CP_21	def	6758	6758	ThomsonN7.triCapPrism._proof_1 ThomsonN7.Base.c1._proof_1
ThomsonN7.ThreePoint.Y3.eq_1	theorem	0	0	ThomsonN7.ThreePoint.Y3 ThomsonN7.ThreePoint.Q3
ThomsonN7.SlabOneD.peval	def	15119	15122	ThomsonN7.SlabOneD.peval._f
ThomsonN7.Cert.TCert.alo.eq_1	theorem	0	0	ThomsonN7.Cert.TCert.ad ThomsonN7.Cert.TCert.an ThomsonN7.Cert.TCert.alo ThomsonN7.Cert.TCert
ThomsonN7.Cert.lamBE.eq_1	theorem	0	0	ThomsonN7.Kron.Ex.sub ThomsonN7.Cert.hvE ThomsonN7.Cert.sbst ThomsonN7.Kron.Ex.add ThomsonN7.Kron.Ex.c ThomsonN7.Kron.Ex ThomsonN7.Kron.Ex.smul ThomsonN7.Cert.lamBE ThomsonN7.Cert.gmE
ThomsonN7.Case1Data.S6_B_l_14	def	10157	10157	
ThomsonN7.EPBounds.coulombEnergy_pent_bounds	theorem	6589	6594	ThomsonN7.coulombEnergy ThomsonN7.EPBounds.pent_formula_bounds ThomsonN7.pentBipyramid_energy ThomsonN7.pentBipyramid
ThomsonN7.Case1Data.S5_B_D_17	def	10120	10120	
ThomsonN7.SlabOneD.Slab_s99_98.termHC_1	def	16475	16476	ThomsonN7.SlabOneD.Term ThomsonN7.SlabOneD.Term.mk
ThomsonN7.Reg.phi_zero_box	theorem	8762	8765	ThomsonN7.Reg.box_phi ThomsonN7.Base.phi_pos ThomsonN7.Base.phi ThomsonN7.Base.phi_sq_mul
ThomsonN7.M2.Hs.eq_1	theorem	0	0	ThomsonN7.M2.K8 ThomsonN7.M2.Hlist ThomsonN7.M2.K8.zero ThomsonN7.M2.Pl.comp ThomsonN7.M2.K8.one ThomsonN7.M2.K8.ofRat ThomsonN7.M2.Hs
ThomsonN7.Cert.l1_quadF_le._f	def	0	0	ThomsonN7.Cert.l1_quadF_le.match_1 ThomsonN7.Cert.quadF ThomsonN7.Kron.Ex.l1.eq_1 ThomsonN7.Cert.l1_rowF_le ThomsonN7.Kron.Ex.l1 ThomsonN7.Kron.Ex.l1.eq_3 ThomsonN7.Cert.rowF
ThomsonN7.pent_of_lt	theorem	91	93	ThomsonN7.cyl._proof_1 ThomsonN7.R3 ThomsonN7.pentBipyramid._proof_1 ThomsonN7.cyl ThomsonN7.pentBipyramid
ThomsonN7.Case1Data.S1_B_D_30	def	9829	9829	
ThomsonN7.Cert.tc_s94_93_G._proof_1	theorem	0	0	ThomsonN7.Cert.tc_s94_93 ThomsonN7.Cert.TCert.chkG
ThomsonN7.Cert.comb1	def	14591	14597	ThomsonN7.Cert.comb1._f
ThomsonN7.tri_cases	theorem	147	148	ThomsonN7.tri_cases._proof_1
ThomsonN7.Glue.Coerce.ppow._unsafe_rec	def	0	0	ThomsonN7.CutOneD.pmul ThomsonN7.Glue.Coerce.ppow._unsafe_rec ThomsonN7.M2.Pl.pow.match_1
ThomsonN7.SlabOneD.Term.mult.eq_1	theorem	0	0	ThomsonN7.SlabOneD.Term.f1 ThomsonN7.SlabOneD.Term.fy ThomsonN7.SlabOneD.pmul ThomsonN7.SlabOneD.Par.mu2 ThomsonN7.SlabOneD.Term.mult ThomsonN7.SlabOneD.Term ThomsonN7.SlabOneD.Par.nu1 ThomsonN7.SlabOneD.Par.mu1 ThomsonN7.SlabOneD.Term.f2 ThomsonN7.SlabOneD.Par ThomsonN7.SlabOneD.Par.nu2
ThomsonN7.Reg.kk_9_16	theorem	8045	8047	ThomsonN7.Reg.cross_of_enc
ThomsonN7.Glue.cap_of_typed_tube	theorem	12388	12468	ThomsonN7.coulombEnergy ThomsonN7.Glue.TubeRigid ThomsonN7.Glue.cap_of_typed_tube._proof_5 ThomsonN7.Glue.pair_facts_tube ThomsonN7.Glue.cap_of_typed_tube._proof_4 ThomsonN7.Glue.cap_of_typed_tube._proof_6 ThomsonN7.Glue.cls3 ThomsonN7.Glue.inWindow_of_close ThomsonN7.Glue.cap_of_typed_tube._proof_3 ThomsonN7.SphereConfig ThomsonN7.Base.c2 ThomsonN7.Glue.cap_of_typed_tube._proof_1 ThomsonN7.TwoRegime.local_of_windowA ThomsonN7.Glue.cap_of_typed_tube._proof_2 ThomsonN7.Glue.Concl ThomsonN7.Base.neg_one_le_inner_of_unit ThomsonN7.Glue.energy_eq_sum ThomsonN7.Base.phi ThomsonN7.cyl._proof_1 ThomsonN7.R3 ThomsonN7.Base.c1 ThomsonN7.pentBipyramid ThomsonN7.TwoRegime.LocalGramA
ThomsonN7.Glue.Coerce.Contact2R.noConfusion	def	13629	13643	ThomsonN7.Glue.Coerce.Contact2R ThomsonN7.Glue.Coerce.Contact2R.noConfusionType ThomsonN7.Glue.Coerce.BPiece ThomsonN7.Glue.Coerce.Contact2R.casesOn
_private.ThomsonN7.Solution.0.ThomsonN7.Cert.quadF.match_1.eq_2	theorem	0	0	ThomsonN7.Cert.quadF.match_1
ThomsonN7.Cert.tc_s94_93_FR3	def	17237	17240	ThomsonN7.Cert.Blk ThomsonN7.Cert.mkBlk
ThomsonN7.Glue.pair_facts._proof_1	theorem	0	0	
ThomsonN7.SlabOneD.Cert	induct	15235	15240	ThomsonN7.SlabOneD.Cert.mk
ThomsonN7.Reg.kk_5_15	theorem	7928	7930	ThomsonN7.Reg.cross_of_enc
ThomsonN7.SlabOneD.l1._f	def	0	0	ThomsonN7.CutOneD.compQ.match_1
ThomsonN7.Cert.Blk.mk.noConfusion	def	2160	2160	ThomsonN7.Cert.Blk ThomsonN7.Cert.Blk.noConfusion ThomsonN7.Cert.Blk.mk
ThomsonN7.Case1Data.F3_l_1	def	9636	9636	
ThomsonN7.M2.K8.ctorIdx	def	0	0	ThomsonN7.M2.K8
ThomsonN7.TwoRegime.seven_of_A_rigidW_localGram	theorem	5869	5877	ThomsonN7.coulombEnergy ThomsonN7.TwoRegime.seven_of_AB ThomsonN7.SphereConfig ThomsonN7.TwoRegime.GramRigidW ThomsonN7.TwoRegime.regimeB_of_rigidW_localGram ThomsonN7.TwoRegime.LocalGram ThomsonN7.R3 ThomsonN7.TwoRegime.RegimeA ThomsonN7.pentBipyramid
ThomsonN7.Reg.crit_4_y	theorem	4492	4494	ThomsonN7.Reg.hF1 ThomsonN7.Reg.s1 ThomsonN7.Base.c2 ThomsonN7.Reg.hF2 ThomsonN7.Base.c1 ThomsonN7.Reg.s2
ThomsonN7.Cert.fkE.eq_1	theorem	0	0	ThomsonN7.Kron.Ex.mul ThomsonN7.Cert.q3E ThomsonN7.Cert.Blk ThomsonN7.Kron.Ex ThomsonN7.Cert.fpE ThomsonN7.Cert.fkE
ThomsonN7.M6.Box6.casesOn	def	11473	11479	ThomsonN7.M6.Box6.rec ThomsonN7.M6.Box6.mk ThomsonN7.M6.Box6
ThomsonN7.SlabOneD.Cert.mk.injEq	theorem	0	0	ThomsonN7.SlabOneD.Cert.mk ThomsonN7.SlabOneD.Term ThomsonN7.SlabOneD.Cert ThomsonN7.SlabOneD.Cert.mk.inj
ThomsonN7.Kron.regroup	theorem	1818	1834	ThomsonN7.Kron.Ex.Term ThomsonN7.Kron.coefk ThomsonN7.Kron.code
ThomsonN7.Case1Data.S5_B_D_22	def	10125	10125	
ThomsonN7.Case1Data.S0_B_D_33	def	9735	9735	
ThomsonN7.Reg.W_5_0	theorem	4424	4425	ThomsonN7.Reg.W ThomsonN7.Reg.W_ne ThomsonN7.Reg.g_5_0 ThomsonN7.Base.phi ThomsonN7.R3 ThomsonN7.pentBipyramid
ThomsonN7.Cert.TCert.recOn	def	14833	14861	ThomsonN7.Cert.Blk ThomsonN7.Cert.TBlk ThomsonN7.Cert.TCert.mk ThomsonN7.Cert.TCert ThomsonN7.Cert.TCert.rec
ThomsonN7.Cert.TCert.cal	def	14847	14847	ThomsonN7.Cert.TCert
ThomsonN7.Cert.hybD.eq_1	theorem	0	0	ThomsonN7.Cert.idDeg ThomsonN7.Cert.TBlk ThomsonN7.Cert.hybD ThomsonN7.Kron.Ex
ThomsonN7.Glue.Coerce.Contact2.G	def	13274	13274	ThomsonN7.Glue.Coerce.Contact2
ThomsonN7.Glue.Coerce.Contact2R.q2	def	13636	13636	ThomsonN7.Glue.Coerce.Contact2R
ThomsonN7.Cert.Cert3._sizeOf_inst	def	0	0	ThomsonN7.Cert.Cert3 ThomsonN7.Cert.Cert3._sizeOf_1
ThomsonN7.SlabOneD.Slab_s96_94.termHC_1	def	17133	17134	ThomsonN7.SlabOneD.Term ThomsonN7.SlabOneD.Term.mk
ThomsonN7.M3.isometry_of_gram_fin3	theorem	3776	3802	ThomsonN7.R3
_private.ThomsonN7.Solution.0.ThomsonN7.M2.Pl.eval.match_1.eq_2	theorem	0	0	ThomsonN7.M2.K8 ThomsonN7.M2.Pl.eval.match_1
ThomsonN7.Case1Data.S0_B_l_49	def	9694	9694	
ThomsonN7.int_eq_zero_of_cos_eq_one	theorem	63	76	
ThomsonN7.Cert.sixE.eq_1	theorem	0	0	ThomsonN7.Cert.sbst ThomsonN7.Cert.sixE ThomsonN7.Kron.Ex.add ThomsonN7.Kron.Ex
ThomsonN7.Cert.TBlk	induct	14081	14093	ThomsonN7.Cert.TBlk.mk
ThomsonN7.Case1Data.S5	def	10141	10141	ThomsonN7.Case1Data.S5_z ThomsonN7.Cert.SBlk ThomsonN7.Case1Data.S5_B ThomsonN7.Cert.SBlk.mk
ThomsonN7.Cert.tc_s94_93_FP0	def	17192	17195	ThomsonN7.Cert.Blk ThomsonN7.Cert.mkBlk
ThomsonN7.Cert.TCert.mk.noConfusion	def	14839	14839	ThomsonN7.Cert.TCert.noConfusion ThomsonN7.Cert.Blk ThomsonN7.Cert.TBlk ThomsonN7.Cert.TCert.mk ThomsonN7.Cert.TCert
ThomsonN7.Case1Data.S1_B_l_10	def	9773	9773	
ThomsonN7.Cert.SBlk.rec	rec	2604	2610	ThomsonN7.Cert.SBlk ThomsonN7.Cert.Blk ThomsonN7.Cert.SBlk.mk
ThomsonN7.SlabOneD.Slab_s96_94.termHA_0	def	17064	17065	ThomsonN7.SlabOneD.Term ThomsonN7.SlabOneD.Term.mk
ThomsonN7.Reg.kk_1_9	theorem	7802	7804	ThomsonN7.Reg.cross_of_enc
ThomsonN7.Cert.unpackI_natAbs_le._simp_4	theorem	0	0	
ThomsonN7.Reg.CP_60	def	6797	6797	ThomsonN7.Reg.CP_60._proof_1
ThomsonN7.Reg.gP	def	6612	6613	ThomsonN7.cyl._proof_1 ThomsonN7.R3 ThomsonN7.pentBipyramid
ThomsonN7.Case1Data.S0_B_D_40	def	9742	9742	
ThomsonN7.Reg.gP_1_5	theorem	8303	8303	ThomsonN7.Reg.g_1_5 ThomsonN7.Reg.gP
ThomsonN7.Cert.fqCur_spec	theorem	14699	14700	ThomsonN7.Cert.fqCur ThomsonN7.Kron.Ex.kev ThomsonN7.Cert.TBlk.wf ThomsonN7.Cert.TBlk ThomsonN7.Cert.sqfF ThomsonN7.Cert.TBlk.z ThomsonN7.Cert.fqFlat_spec ThomsonN7.Cert.TBlk.B
ThomsonN7.Kron.Ex.V.eq_1	theorem	0	0	ThomsonN7.Kron.Ex.V ThomsonN7.Kron.Ex.mon ThomsonN7.Kron.Ex
ThomsonN7.SlabOneD.sumTermsZ._unsafe_rec	def	0	0	ThomsonN7.SlabOneD.sumTermsZ._unsafe_rec ThomsonN7.SlabOneD.sqSumZ ThomsonN7.SlabOneD.sumTerms.match_1 ThomsonN7.SlabOneD.Term ThomsonN7.SlabOneD.Term.sq ThomsonN7.SlabOneD.multZ ThomsonN7.SlabOneD.Par
ThomsonN7.Cert.TCert.ψCb	def	14853	14853	ThomsonN7.Cert.TCert
ThomsonN7.Reg.hasDerivAt_phi	theorem	4611	4622	ThomsonN7.Base.phi ThomsonN7.cyl._proof_1
ThomsonN7.ThreePoint.dsum_Rs._simp_8	theorem	0	0	
ThomsonN7.Reg.mhi_31	theorem	7083	7084	ThomsonN7.Reg.mon_hi ThomsonN7.Reg.InBox
ThomsonN7.Reg.kk_6_15	theorem	7964	7966	ThomsonN7.Reg.cross_of_enc
ThomsonN7.Reg.kk_13_19	theorem	8129	8131	ThomsonN7.Reg.cross_of_enc
ThomsonN7.Cert.offAbs._sunfold	def	0	0	ThomsonN7.Cert.offAbs ThomsonN7.Cert.offAbs.match_1
ThomsonN7.Cert.tc_s96_94_SB3	def	16977	16981	ThomsonN7.Cert.TBlk ThomsonN7.Cert.TBlk.mk
ThomsonN7.Cert.unpackM_natAbs_le._f	def	0	0	ThomsonN7.Cert.unpackI_natAbs_le._simp_4 ThomsonN7.Cert.unpackI_natAbs_le ThomsonN7.Cert.unpackM ThomsonN7.Cert.unpackI ThomsonN7.Cert.unpackI_natAbs_le.match_1
ThomsonN7.Reg.kk_3_3	theorem	7847	7849	ThomsonN7.Reg.diag_of_enc
ThomsonN7.Cert.natAbs_field_le._proof_2	theorem	0	0	
ThomsonN7.Reg.g_5_1	theorem	4292	4293	ThomsonN7.Reg.g_1_5 ThomsonN7.R3 ThomsonN7.pentBipyramid
ThomsonN7.Kron.Ex.kev.eq_1	theorem	0	0	ThomsonN7.Kron.Ex.kev ThomsonN7.Kron.Ex.c
ThomsonN7.Cert.tc_s96_94_SA5	def	16953	16957	ThomsonN7.Cert.TBlk ThomsonN7.Cert.TBlk.mk
ThomsonN7.Cert.hybChk.eq_1	theorem	0	0	ThomsonN7.Cert.TBlk.wf ThomsonN7.Cert.TBlk ThomsonN7.Cert.hybChk ThomsonN7.Cert.hybVal ThomsonN7.Kron.Ex
ThomsonN7.Cert.rowsN._f	def	0	0	ThomsonN7.Cert.dotN ThomsonN7.Cert.unpackI.match_1
ThomsonN7.Cert.TCert.HCf.eq_1	theorem	0	0	ThomsonN7.Cert.polyR ThomsonN7.Cert.TCert.HCf ThomsonN7.Cert.TCert ThomsonN7.Cert.TCert.Lam ThomsonN7.Cert.TCert.HC
ThomsonN7.SlabOneD.Slab_s93_90.termHA_0	def	17722	17723	ThomsonN7.SlabOneD.Term ThomsonN7.SlabOneD.Term.mk
ThomsonN7.Case1Data.S3_B_D_0	def	9951	9951	
ThomsonN7.Glue.Coerce.Contact2.G_ge	theorem	13295	13305	ThomsonN7.Glue.Coerce.Contact2.q2 ThomsonN7.CutOneD.pneg ThomsonN7.CutOneD.padd ThomsonN7.CutOneD.peval_padd ThomsonN7.Glue.Coerce.Contact2 ThomsonN7.Glue.Coerce.chainOK ThomsonN7.Glue.Coerce.Contact2.p2 ThomsonN7.Glue.Coerce.Fpoly ThomsonN7.Glue.Coerce.Contact2.pieces ThomsonN7.Glue.Coerce.Contact2.G ThomsonN7.Glue.Coerce.Contact2.q1 ThomsonN7.Glue.Coerce.Contact2.Q ThomsonN7.Glue.Coerce.lin ThomsonN7.CutOneD.peval_pscale ThomsonN7.CutOneD.pscale ThomsonN7.Glue.Coerce.Contact2.g0d ThomsonN7.Glue.Coerce.Contact2.check ThomsonN7.CutOneD.pmul ThomsonN7.Glue.Coerce.chainOK_nonneg ThomsonN7.Glue.Coerce.Contact2.g0n ThomsonN7.Glue.Coerce.Contact2.Dq ThomsonN7.Glue.Coerce.Contact2.p1 ThomsonN7.CutOneD.peval ThomsonN7.CutOneD.peval_pneg
ThomsonN7.M3.search	def	3393	3450	ThomsonN7.M3.leaf ThomsonN7.M3.imp ThomsonN7.M3.ok4 ThomsonN7.M3.all4 ThomsonN7.M3.mk21
ThomsonN7.SlabOneD.Slab_s93_90.certHC_ok	theorem	17806	17806	ThomsonN7.SlabOneD.Cert.check ThomsonN7.SlabOneD.Slab_s93_90.certHC_ok._proof_1 ThomsonN7.SlabOneD.Slab_s93_90.certHC ThomsonN7.SlabOneD.Slab_s93_90.parHC
ThomsonN7.Case1Data.S0_B_D_10	def	9712	9712	
ThomsonN7.Final.capB_check._proof_1	theorem	0	0	ThomsonN7.Glue.Coerce.Contact1R.check ThomsonN7.Final.capB
ThomsonN7.Cert.domAll._sunfold	def	0	0	ThomsonN7.Cert.domAll ThomsonN7.Cert.offAbs ThomsonN7.Cert.domAll.match_1
ThomsonN7.Reg.pb_4_5	theorem	8844	8845	ThomsonN7.Reg.gP_4_5 ThomsonN7.Reg.phi_zero_le ThomsonN7.Base.phi ThomsonN7.Reg.gP
ThomsonN7.SlabOneD.Par	induct	15210	15215	ThomsonN7.SlabOneD.Par.mk
ThomsonN7.Cert.l1_sqF_le._f	def	0	0	ThomsonN7.Cert.l1_linF_le ThomsonN7.Cert.l1_sqF_le.match_1 ThomsonN7.Kron.Ex.l1.eq_1 ThomsonN7.Kron.Ex.l1.eq_4 ThomsonN7.Cert.smulNZ ThomsonN7.Cert.linF ThomsonN7.Kron.Ex.l1 ThomsonN7.Kron.Ex.l1.eq_3 ThomsonN7.Kron.Ex.sq ThomsonN7.Cert.l1_smulNZ_le ThomsonN7.Cert.sqF
ThomsonN7.Reg.g_6_1	theorem	4309	4310	ThomsonN7.R3 ThomsonN7.Reg.g_1_6 ThomsonN7.pentBipyramid
ThomsonN7.Case1Data.S7_B_D_14	def	10254	10254	
ThomsonN7.Cert.ev_q3E._f	def	0	0	ThomsonN7.Kron.Ex.V ThomsonN7.Cert.ev_q3E.match_1 ThomsonN7.Kron.Ex.sub ThomsonN7.Kron.Ex.ev_T ThomsonN7.Kron.Ex.T ThomsonN7.Kron.Ex.mul ThomsonN7.Cert.q3E ThomsonN7.ThreePoint.Q3 ThomsonN7.Kron.Ex.ev_sq ThomsonN7.Kron.Ex.U ThomsonN7.Kron.Ex.ev_U ThomsonN7.Kron.Ex.ev ThomsonN7.Kron.Ex.ev_smul ThomsonN7.cyl._proof_1 ThomsonN7.Kron.Ex.ev_V ThomsonN7.Kron.Ex.c ThomsonN7.Kron.Ex.smul ThomsonN7.Kron.Ex.ev_sub ThomsonN7.Kron.Ex.sq
ThomsonN7.ThreePoint.dsum_Rs._simp_5	theorem	0	0	
ThomsonN7.Case1Data.S5_B_D_7	def	10110	10110	
ThomsonN7.Glue.Coerce.bernSum.eq_2	theorem	0	0	ThomsonN7.CutOneD.padd ThomsonN7.Glue.Coerce.ppow ThomsonN7.CutOneD.pscale ThomsonN7.CutOneD.pmul ThomsonN7.Glue.Coerce.bernSum
ThomsonN7.Cert.idT	def	14447	14450	ThomsonN7.Kron.Ex.sub ThomsonN7.Cert.TBlk ThomsonN7.Cert.tblkE ThomsonN7.Kron.Ex ThomsonN7.Kron.Ex.sumE
_private.ThomsonN7.Solution.0.ThomsonN7.SlabOneD.evalZ.match_1.eq_1	theorem	0	0	ThomsonN7.SlabOneD.evalZ.match_1
ThomsonN7.Case1Data.S0_B_D_20	def	9722	9722	
ThomsonN7.Cert.TBlk.xD	def	14093	14093	ThomsonN7.Cert.TBlk
ThomsonN7.Cert.TCert.FA.eq_1	theorem	0	0	ThomsonN7.Cert.TCert.SRE ThomsonN7.Cert.TCert.FA ThomsonN7.Cert.TCert.ψBa ThomsonN7.Cert.TCert.HA ThomsonN7.Cert.TCert.mA ThomsonN7.Cert.TCert.SPE ThomsonN7.Cert.lamAE ThomsonN7.Cert.TCert.cal ThomsonN7.Cert.TCert ThomsonN7.Kron.Ex ThomsonN7.Kron.Ex.smul
ThomsonN7.SlabOneD.sumTermsZ.eq_def	theorem	0	0	ThomsonN7.SlabOneD.sqSumZ ThomsonN7.SlabOneD.sumTermsZ ThomsonN7.SlabOneD.sumTerms.match_1 ThomsonN7.SlabOneD.sumTermsZ._f ThomsonN7.SlabOneD.Term ThomsonN7.SlabOneD.Term.sq ThomsonN7.SlabOneD.multZ _private.ThomsonN7.Solution.0.ThomsonN7.SlabOneD.sumTerms.match_1.splitter ThomsonN7.SlabOneD.Par
_private.ThomsonN7.Solution.0.ThomsonN7.Cert.codeE.match_1.eq_14	theorem	0	0	ThomsonN7.Cert.codeE.match_1
ThomsonN7.Case1Data.F0_l_4	def	9597	9597	
ThomsonN7.Reg.enc_11	theorem	7213	7224	ThomsonN7.Reg.mlo_18 ThomsonN7.Reg.mlo_16 ThomsonN7.Reg.mlo_1 ThomsonN7.triCapPrism._proof_1 ThomsonN7.Reg.mhi_18 ThomsonN7.Reg.mhi_1 ThomsonN7.Reg.CP_11 ThomsonN7.Reg.mhi_16 ThomsonN7.cyl._proof_1 ThomsonN7.Reg.mhi_2 ThomsonN7.Reg.InBox ThomsonN7.Reg.mlo_2
ThomsonN7.RegB.phiCos._proof_3	theorem	0	0	
ThomsonN7.RegB.t0_16	theorem	5094	5094	ThomsonN7.RegB.t0 ThomsonN7.RegB.t0_south
ThomsonN7.Kron.Ex.neg.eq_1	theorem	0	0	ThomsonN7.Kron.Ex.neg ThomsonN7.Kron.Ex.mul ThomsonN7.Kron.Ex.c ThomsonN7.Kron.Ex
ThomsonN7.Reg.sq_13	theorem	8250	8250	
ThomsonN7.Case1Data.S4_B_D_5	def	10032	10032	
ThomsonN7.Case1Data.S2_B_l_22	def	9861	9861	
ThomsonN7.Case1Data.S4_z	def	10064	10064	
ThomsonN7.Reg.g_1_0	theorem	4211	4212	ThomsonN7.Reg.g_0_1 ThomsonN7.R3 ThomsonN7.Base.c1 ThomsonN7.pentBipyramid
ThomsonN7.M3.mk21	def	3371	3372	ThomsonN7.M3.cP._proof_1
ThomsonN7.Cert.tc_s99_98_SA4	def	16289	16293	ThomsonN7.Cert.TBlk ThomsonN7.Cert.TBlk.mk
ThomsonN7.Kron.Ex.deg_le._simp_16	theorem	0	0	
ThomsonN7.M2.kA.eq_1	theorem	0	0	ThomsonN7.M2.K8 ThomsonN7.M2.kA ThomsonN7.M2.K8.mk
ThomsonN7.Reg.gP_2_3	theorem	8305	8305	ThomsonN7.Reg.gP ThomsonN7.Base.c1 ThomsonN7.Reg.g_2_3
ThomsonN7.Final.a.eq_5	theorem	0	0	ThomsonN7.Final.a._proof_2 ThomsonN7.Final.a._proof_8 ThomsonN7.Final.a
ThomsonN7.CutOneD.Cert.check	def	9226	9227	ThomsonN7.CutOneD.Cert.Lam ThomsonN7.CutOneD.Cert.diff ThomsonN7.CutOneD.Cert
ThomsonN7.Cert.tc_s96_94_FP5	def	16888	16891	ThomsonN7.Cert.Blk ThomsonN7.Cert.mkBlk
ThomsonN7.SlabOneD.sumTermsB	def	15447	15450	ThomsonN7.SlabOneD.sumTermsB._f ThomsonN7.SlabOneD.Term ThomsonN7.SlabOneD.Par
ThomsonN7.Reg.pent_critical_1	theorem	4540	4546	ThomsonN7.Reg.W ThomsonN7.Reg.W_1_5 ThomsonN7.Reg.W_1_3 ThomsonN7.Reg.W_1_4 ThomsonN7.Reg.W_1_6 ThomsonN7.Reg.s1 ThomsonN7.Reg.crit_1_y ThomsonN7.Base.c2 ThomsonN7.Reg.pent_2 ThomsonN7.Reg.W_1_0 ThomsonN7.Base.phi ThomsonN7.R3 ThomsonN7.Base.c1 ThomsonN7.Reg.crit_1_x ThomsonN7.Reg.pent_5' ThomsonN7.Reg.s2 ThomsonN7.Reg.pent_0 ThomsonN7.Reg.muP_1 ThomsonN7.Reg.pent_6' ThomsonN7.Reg.muP ThomsonN7.Reg.W_1_1 ThomsonN7.pentBipyramid ThomsonN7.Reg.pent_3 ThomsonN7.Reg.W_1_2 ThomsonN7.Reg.pent_4 ThomsonN7.Reg.pent_1
ThomsonN7.ThreePoint.EH_update	theorem	1267	1293	ThomsonN7.ThreePoint.EH_eq_half ThomsonN7.R3 ThomsonN7.ThreePoint.EH
ThomsonN7.SlabOneD.peval_pscale	theorem	15149	15154	ThomsonN7.SlabOneD.peval ThomsonN7.SlabOneD.peval.eq_2 ThomsonN7.SlabOneD.pscale ThomsonN7.SlabOneD.peval.eq_1
ThomsonN7.Case1Data.S0_B_D_41	def	9743	9743	
ThomsonN7.Case1Data.S3_B_l_19	def	9934	9934	
ThomsonN7.CutOneD.Cert._sizeOf_1	def	0	0	ThomsonN7.CutOneD.Cert.rec ThomsonN7.CutOneD.Cert
ThomsonN7.Cert.rowsN._sunfold	def	0	0	ThomsonN7.Cert.dotN ThomsonN7.Cert.rowsN ThomsonN7.Cert.unpackI.match_1
ThomsonN7.Kron.Ex.kev._sunfold	def	0	0	ThomsonN7.Kron.Ex.kev ThomsonN7.Kron.Ex.ev.match_1 ThomsonN7.Kron.Ex
ThomsonN7.Reg.mhi_14	theorem	7015	7016	ThomsonN7.Reg.mon_hi ThomsonN7.Reg.InBox
ThomsonN7.Glue.Coerce.BPiece.u1	def	12963	12963	ThomsonN7.Glue.Coerce.BPiece
ThomsonN7.M2.K8.mul	def	2894	2903	ThomsonN7.M2.K8.x4 ThomsonN7.M2.K8.x1 ThomsonN7.M2.K8 ThomsonN7.M2.K8.x3 ThomsonN7.M2.K8.x7 ThomsonN7.M2.K8.x2 ThomsonN7.M2.K8.x6 ThomsonN7.M2.K8.mk ThomsonN7.M2.K8.x5 ThomsonN7.M2.K8.x0
ThomsonN7.Reg.ss_15	theorem	8231	8231	
_private.ThomsonN7.Solution.0.ThomsonN7.Cert.q3E.match_1.splitter	def	0	0	ThomsonN7.Cert.q3E.match_1
ThomsonN7.SlabOneD.Slab_s94_93.termHC_0	def	17459	17460	ThomsonN7.SlabOneD.Term ThomsonN7.SlabOneD.Term.mk
ThomsonN7.M2.Pl.pow.eq_2	theorem	0	0	ThomsonN7.M2.K8 ThomsonN7.M2.Pl.pow ThomsonN7.M2.Pl.mul
ThomsonN7.M2.Pl.eval_add._f	def	0	0	ThomsonN7.M2.K8.toReal_add ThomsonN7.M2.K8.add ThomsonN7.M2.K8 ThomsonN7.M2.K8.toReal ThomsonN7.M2.Pl.eval_add.match_1 ThomsonN7.M2.Pl.eval.eq_2 ThomsonN7.M2.Pl.eval ThomsonN7.M2.Pl.add
ThomsonN7.Reg.W_1_0	theorem	4344	4345	ThomsonN7.Reg.W ThomsonN7.Reg.W_ne ThomsonN7.Reg.g_1_0 ThomsonN7.Base.phi ThomsonN7.R3 ThomsonN7.Base.c1 ThomsonN7.pentBipyramid
ThomsonN7.Case1Data.S6_B_l_10	def	10153	10153	
ThomsonN7.Cert.dotN._unsafe_rec	def	0	0	ThomsonN7.Cert.dotN._unsafe_rec ThomsonN7.Cert.dotN.match_1
ThomsonN7.Case1.lam_eq._proof_1	theorem	0	0	ThomsonN7.CutOneD.Cert.Lam ThomsonN7.Case1Data.cf ThomsonN7.Cert.Cert3.Lam ThomsonN7.CutOneD.cutCert
ThomsonN7.Kron.Ex.dy.eq_2	theorem	0	0	ThomsonN7.Kron.Ex.dy ThomsonN7.Kron.Ex.mon
ThomsonN7.Reg.InBox._proof_16	theorem	0	0	
ThomsonN7.Reg.W_6_1	theorem	4447	4448	ThomsonN7.Reg.g_6_1 ThomsonN7.Reg.W ThomsonN7.Reg.W_ne ThomsonN7.Base.phi ThomsonN7.R3 ThomsonN7.pentBipyramid
ThomsonN7.Glue.typed7_cls3_lo	theorem	12547	12568	ThomsonN7.Glue.cls3 ThomsonN7.ThreePoint.lamA ThomsonN7.SphereConfig ThomsonN7.ThreePoint.Sk ThomsonN7.ThreePoint.lamG ThomsonN7.Glue.sum_H7_eq_sum_cls3 ThomsonN7.ThreePoint.lamB ThomsonN7.R3 ThomsonN7.ThreePoint.GramOK ThomsonN7.ThreePoint.typed7_bound_lo ThomsonN7.ThreePoint.H7
ThomsonN7.Cert.Cert3	induct	2637	2648	ThomsonN7.Cert.Cert3.mk
ThomsonN7.ThreePoint.dsum_Rs	theorem	946	988	ThomsonN7.ThreePoint.dsum_pair12 ThomsonN7.ThreePoint.dsum_pair13 ThomsonN7.ThreePoint.Rs ThomsonN7.ThreePoint.sum_ne_eq_sub ThomsonN7.ThreePoint.sum_all_eq ThomsonN7.ThreePoint.dsum_Rs._proof_1 ThomsonN7.cyl._proof_1 ThomsonN7.ThreePoint.dsum_pair23 ThomsonN7.ThreePoint.dsum ThomsonN7.ThreePoint.dsum_const ThomsonN7.ThreePoint.dsum_add ThomsonN7.ThreePoint.dsum_mul_left
ThomsonN7.Reg.norm_sq_coord	theorem	8286	8288	ThomsonN7.R3
ThomsonN7.Cert.rowF._unsafe_rec	def	0	0	ThomsonN7.Cert.linF.match_1 ThomsonN7.Kron.Ex.mon ThomsonN7.Kron.Ex.add ThomsonN7.Cert.smulNZ ThomsonN7.Kron.Ex.c ThomsonN7.Kron.Ex ThomsonN7.Cert.rowF._unsafe_rec
ThomsonN7.Glue.Coerce.Contact2R.p1	def	13633	13633	ThomsonN7.Glue.Coerce.Contact2R
ThomsonN7.Cert.hybVal	def	14468	14474	ThomsonN7.Cert.gT ThomsonN7.Cert.TBlk.g ThomsonN7.Kron.Ex.kev ThomsonN7.Cert.TBlk ThomsonN7.Cert.hybD ThomsonN7.Kron.Ex ThomsonN7.Cert.hybW
ThomsonN7.M2.Pl.comp._unsafe_rec	def	0	0	ThomsonN7.M2.K8 ThomsonN7.M2.Pl.mul ThomsonN7.M2.Pl.comp._unsafe_rec ThomsonN7.M2.Pl.add ThomsonN7.M2.Pl.mul.match_1
ThomsonN7.SlabOneD.Slab_s96_94.termHC_2	def	17136	17137	ThomsonN7.SlabOneD.Term ThomsonN7.SlabOneD.Term.mk
ThomsonN7.Case1Data.S5_B_D_30	def	10133	10133	
ThomsonN7.CutOneD.compQ._sunfold	def	0	0	ThomsonN7.CutOneD.compQ ThomsonN7.CutOneD.padd ThomsonN7.CutOneD.pmul ThomsonN7.CutOneD.compQ.match_1
ThomsonN7.Cert.TBlk.wf.eq_1	theorem	0	0	ThomsonN7.Cert.TBlk.BD ThomsonN7.Cert.TBlk.wf ThomsonN7.Cert.TBlk ThomsonN7.Cert.TBlk.z ThomsonN7.Cert.TBlk.Bd ThomsonN7.Cert.TBlk.r ThomsonN7.Cert.TBlk.Bl
ThomsonN7.Reg.W_4_0	theorem	4404	4405	ThomsonN7.Reg.W ThomsonN7.Reg.W_ne ThomsonN7.Base.phi ThomsonN7.R3 ThomsonN7.Base.c1 ThomsonN7.pentBipyramid ThomsonN7.Reg.g_4_0
ThomsonN7.Cert.tc_s98_96.eq_1	theorem	0	0	ThomsonN7.Cert.tc_s98_96_SA5 ThomsonN7.Cert.tc_s98_96_SB4 ThomsonN7.Cert.tc_s98_96_SB3 ThomsonN7.Cert.tc_s98_96_FP3 ThomsonN7.Cert.tc_s98_96_FR0 ThomsonN7.Cert.tc_s98_96_SA0 ThomsonN7.Cert.tc_s98_96_FP0 ThomsonN7.Cert.tc_s98_96_SA4 ThomsonN7.Cert.tc_s98_96_SG4 ThomsonN7.Cert.tc_s98_96_SB1 ThomsonN7.Cert.tc_s98_96_FR4 ThomsonN7.Cert.Blk ThomsonN7.Cert.tc_s98_96_FR1 ThomsonN7.Cert.TBlk ThomsonN7.Cert.tc_s98_96_SG0 ThomsonN7.Cert.tc_s98_96_SG2 ThomsonN7.Cert.tc_s98_96_FR3 ThomsonN7.Cert.TCert.mk ThomsonN7.Cert.tc_s98_96_SA2 ThomsonN7.Cert.TCert ThomsonN7.Cert.tc_s98_96_FR5 ThomsonN7.Cert.tc_s98_96_SG3 ThomsonN7.Cert.tc_s98_96_SA3 ThomsonN7.Cert.tc_s98_96_FP2 ThomsonN7.Cert.tc_s98_96_FP5 ThomsonN7.Cert.tc_s98_96_FP1 ThomsonN7.Cert.tc_s98_96_SB2 ThomsonN7.Cert.tc_s98_96_FR2 ThomsonN7.Cert.tc_s98_96_SA1 ThomsonN7.Cert.tc_s98_96 ThomsonN7.Cert.tc_s98_96_SG1 ThomsonN7.Cert.tc_s98_96_FP4 ThomsonN7.Cert.tc_s98_96_SB0
ThomsonN7.Cert.Cert3.noConfusion	def	2637	2648	ThomsonN7.Cert.Cert3.casesOn ThomsonN7.Cert.Cert3 ThomsonN7.Cert.SBlk ThomsonN7.Cert.Blk ThomsonN7.Cert.Cert3.noConfusionType
ThomsonN7.Case1Data.S2_B_D_6	def	9881	9881	
ThomsonN7.CutOneD.compQ	def	9177	9180	ThomsonN7.CutOneD.compQ._f
ThomsonN7.Cert.Blk.casesOn	def	2159	2163	ThomsonN7.Cert.Blk.rec ThomsonN7.Cert.Blk ThomsonN7.Cert.Blk.mk
ThomsonN7.M2.Pl.add._f	def	0	0	ThomsonN7.M2.K8.add ThomsonN7.M2.K8 ThomsonN7.M2.Pl.add.match_1
ThomsonN7.Interfaces.SumHGe	def	6435	6439	ThomsonN7.coulombEnergy ThomsonN7.cyl._proof_1 ThomsonN7.R3 ThomsonN7.Interfaces.H ThomsonN7.pentBipyramid
ThomsonN7.Case1Data.F0_l_5	def	9598	9598	
ThomsonN7.GV.eq_of_inner_eq	theorem	5370	5383	ThomsonN7.R3
ThomsonN7.ThreePoint.dsum_Zw_eq_zero	theorem	1417	1476	ThomsonN7.ThreePoint.dsum_pair13 ThomsonN7.ThreePoint.sum_third_eq ThomsonN7.ThreePoint.dsum_Rs._proof_1 ThomsonN7.cyl._proof_1 ThomsonN7.ThreePoint.dsum ThomsonN7.ThreePoint.dsum_add ThomsonN7.ThreePoint.Zw
ThomsonN7.Case1Data.S0_B_l_41	def	9686	9686	
ThomsonN7.Reg.CP_31.eq_1	theorem	0	0	ThomsonN7.cyl._proof_1 ThomsonN7.RegB.phiCos._proof_1 ThomsonN7.Reg.CP_31 ThomsonN7.Base.c1._proof_1
ThomsonN7.T4.sig7._proof_1	theorem	0	0	
ThomsonN7.M3.ccOf_self	theorem	3856	3856	ThomsonN7.M3.cP._proof_1 ThomsonN7.M3.ccOf ThomsonN7.cyl._proof_1 ThomsonN7.R3 ThomsonN7.M3.colorOf
ThomsonN7.Case1Data.S0_B_l_6	def	9651	9651	
ThomsonN7.Reg.kk_11_15	theorem	8081	8083	ThomsonN7.Reg.cross_of_enc
ThomsonN7.M6.Box6._sizeOf_1	def	0	0	ThomsonN7.M6.Box6.rec ThomsonN7.M6.Box6
ThomsonN7.Case1Data.S4_B_l_3	def	9994	9994	
ThomsonN7.CutOneD.pneg	def	9141	9142	
ThomsonN7.SlabOneD.Slab_s99_98.termHC_3	def	16481	16482	ThomsonN7.SlabOneD.Term ThomsonN7.SlabOneD.Term.mk
ThomsonN7.T4.sig7_ring	theorem	11822	11824	ThomsonN7.T4.pentIdx ThomsonN7.T4.sig7 ThomsonN7.T4.sig7._proof_3 ThomsonN7.T4.sig7._proof_4
ThomsonN7.Case1Data.S1_B_D	def	9834	9834	ThomsonN7.Case1Data.S1_B_D_20 ThomsonN7.Case1Data.S1_B_D_28 ThomsonN7.Case1Data.S1_B_D_19 ThomsonN7.Case1Data.S1_B_D_11 ThomsonN7.Case1Data.S1_B_D_21 ThomsonN7.Case1Data.S1_B_D_10 ThomsonN7.Case1Data.S1_B_D_2 ThomsonN7.Case1Data.S1_B_D_23 ThomsonN7.Case1Data.S1_B_D_26 ThomsonN7.Case1Data.S1_B_D_30 ThomsonN7.Case1Data.S1_B_D_22 ThomsonN7.Case1Data.S1_B_D_13 ThomsonN7.Case1Data.S1_B_D_17 ThomsonN7.Case1Data.S1_B_D_6 ThomsonN7.Case1Data.S1_B_D_5 ThomsonN7.Case1Data.S1_B_D_34 ThomsonN7.Case1Data.S1_B_D_31 ThomsonN7.Case1Data.S1_B_D_7 ThomsonN7.Case1Data.S1_B_D_18 ThomsonN7.Case1Data.S1_B_D_24 ThomsonN7.Case1Data.S1_B_D_4 ThomsonN7.Case1Data.S1_B_D_8 ThomsonN7.Case1Data.S1_B_D_3 ThomsonN7.Case1Data.S1_B_D_0 ThomsonN7.Case1Data.S1_B_D_14 ThomsonN7.Case1Data.S1_B_D_32 ThomsonN7.Case1Data.S1_B_D_27 ThomsonN7.Case1Data.S1_B_D_29 ThomsonN7.Case1Data.S1_B_D_9 ThomsonN7.Case1Data.S1_B_D_25 ThomsonN7.Case1Data.S1_B_D_33 ThomsonN7.Case1Data.S1_B_D_15 ThomsonN7.Case1Data.S1_B_D_16 ThomsonN7.Case1Data.S1_B_D_1 ThomsonN7.Case1Data.S1_B_D_12
ThomsonN7.Case1Data.S5_B_l_2	def	10069	10069	
ThomsonN7.Reg.gP_4_6	theorem	8313	8313	ThomsonN7.Reg.g_4_6 ThomsonN7.Reg.gP
ThomsonN7.Final.slab_s96_94	theorem	17167	17179	ThomsonN7.Cert.tc_s96_94_A ThomsonN7.Cert.tc_s96_94_FR2 ThomsonN7.Cert.tc_s96_94_FP3 ThomsonN7.Cert.TCert.bn ThomsonN7.Cert.TCert.bd ThomsonN7.SlabOneD.Slab_s96_94.HB_le_phi ThomsonN7.Cert.tc_s96_94_FR4 ThomsonN7.Cert.tc_s96_94_SG2 ThomsonN7.Cert.tc_s96_94_SG0 ThomsonN7.Cert.tc_s96_94_SB4 ThomsonN7.Cert.tc_s96_94_meta ThomsonN7.SlabOneD.Slab_s96_94.HC_le_phi ThomsonN7.Cert.tc_s96_94_SA0 ThomsonN7.Cert.tc_s96_94_SB3 ThomsonN7.Cert.tc_s96_94_FR3 ThomsonN7.Cert.TCert.ad ThomsonN7.Cert.TCert.ef ThomsonN7.Cert.Blk ThomsonN7.Cert.TCert.an ThomsonN7.Cert.tc_s96_94_SB0 ThomsonN7.Glue.SlabSpec ThomsonN7.Cert.tc_s96_94_SB1 ThomsonN7.Cert.tc_s96_94_SA5 ThomsonN7.Cert.TBlk ThomsonN7.Cert.tc_s96_94_SG1 ThomsonN7.Cert.tc_s96_94_SG4 ThomsonN7.Cert.tc_s96_94_SG3 ThomsonN7.Cert.tc_s96_94_SB2 ThomsonN7.Cert.TCert.alo ThomsonN7.Glue.slabSpec_of_data ThomsonN7.Cert.tc_s96_94_FP4 ThomsonN7.Cert.tc_s96_94_FR0 ThomsonN7.Cert.TCert.mk ThomsonN7.Cert.tc_s96_94_SA3 ThomsonN7.Cert.tc_s96_94_FP1 ThomsonN7.Cert.tc_s96_94_FR1 ThomsonN7.Cert.tc_s96_94_FR5 ThomsonN7.Cert.tc_s96_94_G ThomsonN7.Cert.tc_s96_94 ThomsonN7.SlabOneD.Slab_s96_94.HA_le_phi ThomsonN7.Cert.TCert.Lam ThomsonN7.Cert.tc_s96_94_FP5 ThomsonN7.Cert.tc_s96_94_SA2 ThomsonN7.Cert.tc_s96_94_B ThomsonN7.Cert.tc_s96_94_FP0 ThomsonN7.Cert.tc_s96_94_SA1 ThomsonN7.Cert.tc_s96_94_SA4 ThomsonN7.Cert.TCert.ahi ThomsonN7.Cert.TCert.e ThomsonN7.Cert.tc_s96_94_FP2
ThomsonN7.Reg.mhi_34	theorem	7095	7096	ThomsonN7.Reg.mon_hi ThomsonN7.Reg.InBox
ThomsonN7.T4.no_mono_cosB	theorem	11685	11705	ThomsonN7.M6.Box6.A ThomsonN7.M6.chk4 ThomsonN7.M6.Box6.F ThomsonN7.M6.Box6.Mem ThomsonN7.T4.sqrt5_bounds ThomsonN7.T4.box_exclude ThomsonN7.M6.Box6.D ThomsonN7.M6.Box6.C ThomsonN7.M6.Box6.B ThomsonN7.M6.Box6.mk ThomsonN7.R3 ThomsonN7.M6.Imem ThomsonN7.T4.imem_of ThomsonN7.M6.Box6.E ThomsonN7.M3.cosB
ThomsonN7.Reg.CP_55.eq_1	theorem	0	0	ThomsonN7.triCapPrism._proof_1 ThomsonN7.Reg.CP_55 ThomsonN7.triCapPrism._proof_2
ThomsonN7.Cert.codeE_nonneg	theorem	2531	2554	_private.ThomsonN7.Solution.0.ThomsonN7.Cert.codeE.match_1.eq_4 ThomsonN7.Kron.Ex.V ThomsonN7.Kron.Ex.sub _private.ThomsonN7.Solution.0.ThomsonN7.Cert.codeE.match_1.eq_7 _private.ThomsonN7.Solution.0.ThomsonN7.Cert.codeE.match_1.eq_13 ThomsonN7.Kron.Ex.ev_T ThomsonN7.Kron.Ex.T _private.ThomsonN7.Solution.0.ThomsonN7.Cert.codeE.match_1.eq_5 ThomsonN7.Kron.Ex.mul _private.ThomsonN7.Solution.0.ThomsonN7.Cert.codeE.match_1.eq_8 ThomsonN7.Kron.Ex.ev_sq ThomsonN7.Kron.Ex.U _private.ThomsonN7.Solution.0.ThomsonN7.Cert.codeE.match_1.eq_12 ThomsonN7.Kron.Ex.ev_U _private.ThomsonN7.Solution.0.ThomsonN7.Cert.codeE.match_1.eq_14 _private.ThomsonN7.Solution.0.ThomsonN7.Cert.codeE.match_1.eq_6 _private.ThomsonN7.Solution.0.ThomsonN7.Cert.codeE.match_1.eq_11 ThomsonN7.Kron.Ex.ev ThomsonN7.Kron.Ex.ev_smul ThomsonN7.cyl._proof_1 _private.ThomsonN7.Solution.0.ThomsonN7.Cert.codeE.match_1.eq_10 ThomsonN7.Kron.Ex.ev_V ThomsonN7.Kron.Ex.add _private.ThomsonN7.Solution.0.ThomsonN7.Cert.codeE.match_1.eq_1 ThomsonN7.Cert.GramCut ThomsonN7.Kron.Ex.c ThomsonN7.Kron.Ex ThomsonN7.Kron.Ex.smul _private.ThomsonN7.Solution.0.ThomsonN7.Cert.codeE.match_1.eq_9 ThomsonN7.Cert.codeE_nonneg.match_1 ThomsonN7.ThreePoint.GramOK ThomsonN7.Kron.Ex.ev_sub _private.ThomsonN7.Solution.0.ThomsonN7.Cert.codeE.match_1.eq_2 ThomsonN7.Kron.Ex.sq ThomsonN7.Cert.codeE _private.ThomsonN7.Solution.0.ThomsonN7.Cert.codeE.match_1.eq_3
ThomsonN7.Case1Data.S4_B_l_28	def	10019	10019	
ThomsonN7.Reg.CP_43	def	6780	6780	ThomsonN7.triCapPrism._proof_1 ThomsonN7.triCapPrism._proof_2 ThomsonN7.RegB.phiCos._proof_1 ThomsonN7.Base.c1._proof_1
ThomsonN7.M3.val4.eq_1	theorem	0	0	ThomsonN7.M3.val4
ThomsonN7.ThreePoint.sum_S3_eq_sum_Y3	theorem	627	649	ThomsonN7.ThreePoint.sum_S3_eq_sum_Y3._simp_1 ThomsonN7.ThreePoint.Y3 ThomsonN7.ThreePoint.tsum_swap23 ThomsonN7.triCapPrism._proof_2 ThomsonN7.ThreePoint.S3 ThomsonN7.ThreePoint.tsum_swap12
ThomsonN7.Reg.kk_5_5	theorem	7916	7918	ThomsonN7.Reg.diag_of_enc
ThomsonN7.GV.isometry_of_gram_fin3	theorem	5385	5409	ThomsonN7.R3
ThomsonN7.Glue.Coerce.ContactA.noConfusionType	def	0	0	ThomsonN7.Glue.Coerce.ContactA.casesOn ThomsonN7.Glue.Coerce.BPiece ThomsonN7.Glue.Coerce.ContactA
ThomsonN7.SlabOneD.Slab_s93_90.certHC_ok._proof_1	theorem	0	0	ThomsonN7.SlabOneD.Cert.check ThomsonN7.SlabOneD.Slab_s93_90.certHC ThomsonN7.SlabOneD.Slab_s93_90.parHC
ThomsonN7.Interfaces.H_eq_phi_of_isNode	theorem	6430	6430	ThomsonN7.Base.IsNode ThomsonN7.Base.phi ThomsonN7.Interfaces.H ThomsonN7.M2.H_eq_phi_of_node
_private.ThomsonN7.Solution.0.ThomsonN7.M2.Pl.mul.match_1.splitter	def	0	0	ThomsonN7.M2.K8 ThomsonN7.M2.Pl.mul.match_1
ThomsonN7.SlabOneD.Slab_s98_96.parHA.eq_1	theorem	0	0	ThomsonN7.SlabOneD.Slab_s98_96.parHA ThomsonN7.SlabOneD.Par.mk ThomsonN7.SlabOneD.Par
ThomsonN7.M2.Qs_eq._proof_1	theorem	0	0	ThomsonN7.M2.Qs ThomsonN7.M2.Pl.scale ThomsonN7.M2.Pl.allZero ThomsonN7.M2.Pl.mul ThomsonN7.M2.K8.ofRat ThomsonN7.M2.qlist ThomsonN7.M2.Pl.add ThomsonN7.M2.P0
ThomsonN7.SlabOneD.Slab_s96_94.HA_le_phi	theorem	17096	17099	ThomsonN7.SlabOneD.Slab_s96_94.parHA ThomsonN7.SlabOneD.Cert.sound ThomsonN7.SlabOneD.peval ThomsonN7.SlabOneD.Cert.Q ThomsonN7.SlabOneD.Par.mu2 ThomsonN7.SlabOneD.Par.nu1 ThomsonN7.SlabOneD.Par.mu1 ThomsonN7.SlabOneD.Slab_s96_94.certHA_ok ThomsonN7.SlabOneD.Slab_s96_94.certHA ThomsonN7.SlabOneD.Cert.Lam ThomsonN7.SlabOneD.Par.nu2
ThomsonN7.M2.Hs	def	3169	3170	ThomsonN7.M2.K8 ThomsonN7.M2.Hlist ThomsonN7.M2.K8.zero ThomsonN7.M2.Pl.comp ThomsonN7.M2.K8.one ThomsonN7.M2.K8.ofRat
ThomsonN7.ThreePoint.quad_Y3_nonneg	theorem	580	615	ThomsonN7.ThreePoint.Y3 ThomsonN7.ThreePoint.quad_Y3_nonneg._simp_1 ThomsonN7.ThreePoint.Q3 ThomsonN7.ThreePoint.Q3_eq_re
ThomsonN7.SlabOneD.padd.eq_1	theorem	0	0	ThomsonN7.SlabOneD.padd
ThomsonN7.Reg.W_3_2	theorem	4390	4391	ThomsonN7.Reg.W ThomsonN7.Reg.W_ne ThomsonN7.Base.phi ThomsonN7.R3 ThomsonN7.Base.c1 ThomsonN7.pentBipyramid ThomsonN7.Reg.g_3_2
ThomsonN7.Reg.ss_19	theorem	8235	8235	
ThomsonN7.Case1Data.S3_B_D_22	def	9973	9973	
ThomsonN7.ThreePoint.isP	def	10999	11000	
ThomsonN7.Reg.kk_12_16	theorem	8108	8110	ThomsonN7.Reg.cross_of_enc
ThomsonN7.Reg.gP_lt_one	theorem	6615	6616	ThomsonN7.Base.inner_lt_one_of_ne ThomsonN7.Base.pent_norm ThomsonN7.Reg.gP ThomsonN7.R3 ThomsonN7.pentBipyramid_injective ThomsonN7.pentBipyramid
ThomsonN7.SlabOneD.Cert.diff	def	15242	15245	ThomsonN7.SlabOneD.padd ThomsonN7.SlabOneD.Cert.Q ThomsonN7.SlabOneD.pmul ThomsonN7.SlabOneD.Cert.terms ThomsonN7.SlabOneD.sumTerms ThomsonN7.SlabOneD.pscale ThomsonN7.SlabOneD.Cert ThomsonN7.SlabOneD.pneg ThomsonN7.SlabOneD.Cert.m ThomsonN7.SlabOneD.Par ThomsonN7.SlabOneD.Cert.Lam ThomsonN7.SlabOneD.compQ
ThomsonN7.SlabOneD.Slab_s93_90.parHB	def	17759	17759	ThomsonN7.SlabOneD.Par.mk ThomsonN7.SlabOneD.Par
ThomsonN7.Cert.l1_linF_le._f	def	0	0	ThomsonN7.Cert.l1_linF_le.match_1 ThomsonN7.Kron.Ex.mon ThomsonN7.Kron.Ex.l1.eq_1 ThomsonN7.Cert.smulNZ ThomsonN7.Cert.linF ThomsonN7.Kron.Ex.l1 ThomsonN7.Kron.Ex.l1.eq_3 ThomsonN7.Cert.l1_smulNZ_le
ThomsonN7.Reg.CP_19	def	6756	6756	ThomsonN7.triCapPrism._proof_1 ThomsonN7.cyl._proof_1 ThomsonN7.Base.c1._proof_1
ThomsonN7.SlabOneD.sqSumZ.eq_2	theorem	0	0	ThomsonN7.SlabOneD.sqSumZ ThomsonN7.SlabOneD.evalZ
ThomsonN7.Glue.Coerce.Contact1R.Q	def	13527	13527	ThomsonN7.Glue.Coerce.Contact1R
ThomsonN7.Glue.capSpec_of_contacts	theorem	15779	15816	ThomsonN7.Cert.TCert.HBf ThomsonN7.Glue.capSpec_of_tcert ThomsonN7.Glue.Coerce.ContactA.ya1 ThomsonN7.Glue.Coerce.Contact2.q2 ThomsonN7.Glue.Coerce.Contact1.g0d ThomsonN7.Glue.Coerce.ContactA.ya2 ThomsonN7.Glue.Coerce.ContactA.Dq ThomsonN7.Cert.polyR ThomsonN7.Cert.TCert.chkB ThomsonN7.Cert.TCert.HA ThomsonN7.Glue.Coerce.Contact2 ThomsonN7.Glue.Coerce.Contact2.p2 ThomsonN7.Glue.Coerce.Contact2.hC ThomsonN7.Glue.Coerce.ContactA.check ThomsonN7.Glue.Coerce.Contact1.Q ThomsonN7.Glue.Coerce.Contact1.hB ThomsonN7.Glue.Coerce.Contact2.q1 ThomsonN7.Cert.TCert.checkMeta ThomsonN7.Glue.Coerce.Contact1.p ThomsonN7.Cert.TCert.ef ThomsonN7.Glue.Coerce.Contact2.Q ThomsonN7.Base.c2 ThomsonN7.Glue.Coerce.Contact2.g0d ThomsonN7.Glue.Coerce.Contact2.check ThomsonN7.Cert.TCert.alo ThomsonN7.Cert.TCert.HCf ThomsonN7.Cert.TCert.HAf ThomsonN7.Base.phi ThomsonN7.Glue.Coerce.Contact1.check ThomsonN7.Cert.TCert.HB ThomsonN7.Cert.TCert.HAf.eq_1 ThomsonN7.Cert.TCert.chkA ThomsonN7.Base.c1 ThomsonN7.Glue.Coerce.Contact1 ThomsonN7.Cert.TCert ThomsonN7.Glue.Coerce.Contact2.g0n ThomsonN7.Cert.TCert.chkG ThomsonN7.Cert.TCert.Lam ThomsonN7.Glue.Coerce.Contact2.Dq ThomsonN7.Cert.TCert.HC ThomsonN7.Glue.Coerce.ContactA.hA ThomsonN7.Glue.Coerce.Contact1.q ThomsonN7.Glue.Coerce.ContactA.g0d ThomsonN7.Glue.Coerce.Contact1.g0n ThomsonN7.Glue.Coerce.Contact1.Dq ThomsonN7.Glue.Coerce.ContactA ThomsonN7.Cert.TCert.HBf.eq_1 ThomsonN7.Cert.TCert.ahi ThomsonN7.Glue.CapSpec ThomsonN7.Glue.Coerce.ContactA.g0n ThomsonN7.Glue.Coerce.ContactA.Q ThomsonN7.Glue.polyR_eq_cut ThomsonN7.Glue.Coerce.Contact2.p1 ThomsonN7.CutOneD.peval ThomsonN7.Cert.TCert.HCf.eq_1
ThomsonN7.Glue.Coerce.BPiece.mk.injEq	theorem	0	0	ThomsonN7.Glue.Coerce.BPiece.mk ThomsonN7.Glue.Coerce.BPiece.mk.inj ThomsonN7.Glue.Coerce.BPiece
ThomsonN7.Case1Data.S0_B_l_4	def	9649	9649	
ThomsonN7.pent_angle_inj._proof_3	theorem	0	0	
ThomsonN7.Cert.rowF._f	def	0	0	ThomsonN7.Cert.linF.match_1 ThomsonN7.Kron.Ex.mon ThomsonN7.Kron.Ex.add ThomsonN7.Cert.smulNZ ThomsonN7.Kron.Ex.c ThomsonN7.Kron.Ex
ThomsonN7.Cert.tc_cap_A	theorem	16081	16081	ThomsonN7.Cert.tc_cap_A._proof_1 ThomsonN7.Cert.tc_cap ThomsonN7.Cert.TCert.chkA
ThomsonN7.Glue.node_c1_of	theorem	15769	15772	ThomsonN7.Glue.Coerce.abs_node_sub_c1_le ThomsonN7.Glue.sqrt5_le_of ThomsonN7.Glue.le_sqrt5_of ThomsonN7.Base.c1
ThomsonN7.SlabOneD.pmul._unsafe_rec	def	0	0	ThomsonN7.SlabOneD.pmul._unsafe_rec ThomsonN7.SlabOneD.padd ThomsonN7.SlabOneD.pscale ThomsonN7.CutOneD.pmul.match_1
ThomsonN7.ThreePoint.Rs.eq_1	theorem	0	0	ThomsonN7.ThreePoint.Rs ThomsonN7.cyl._proof_1
ThomsonN7.Reg.CP_6.eq_1	theorem	0	0	ThomsonN7.Base.c1._proof_1 ThomsonN7.Reg.CP_6
ThomsonN7.Glue.slabSpec_of_data	theorem	15697	15722	ThomsonN7.Cert.TCert.HBf ThomsonN7.Cert.polyR ThomsonN7.Cert.TCert.chkB ThomsonN7.Cert.TCert.HA ThomsonN7.SlabOneD.peval ThomsonN7.Cert.TCert.checkMeta ThomsonN7.Cert.TCert.ef ThomsonN7.Glue.SlabSpec ThomsonN7.Cert.TCert.alo ThomsonN7.Cert.TCert.HCf ThomsonN7.Cert.TCert.HAf ThomsonN7.Base.phi ThomsonN7.Cert.TCert.HB ThomsonN7.Cert.TCert.HAf.eq_1 ThomsonN7.Cert.TCert.chkA ThomsonN7.Cert.TCert ThomsonN7.Glue.polyR_eq_peval ThomsonN7.Cert.TCert.chkG ThomsonN7.Cert.TCert.Lam ThomsonN7.Cert.TCert.HC ThomsonN7.Cert.TCert.HBf.eq_1 ThomsonN7.Cert.TCert.ahi ThomsonN7.Glue.slabSpec_of_tcert ThomsonN7.Cert.TCert.HCf.eq_1
ThomsonN7.Cert.rowsN_spec._proof_2	theorem	0	0	
ThomsonN7.Reg.CP_28.eq_1	theorem	0	0	ThomsonN7.triCapPrism._proof_1 ThomsonN7.Reg.CP_28 ThomsonN7.Base.c1._proof_1
ThomsonN7.Case1Data.S4_B_l_32	def	10023	10023	
ThomsonN7.Glue.Coerce.chainOK.eq_1	theorem	0	0	ThomsonN7.Glue.Coerce.chainOK ThomsonN7.Glue.Coerce.BPiece
ThomsonN7.ThreePoint.H7_eq._proof_3	theorem	0	0	
ThomsonN7.M2.K8.toReal_pos	theorem	3031	3034	ThomsonN7.M2.K8 ThomsonN7.M2.K8.toReal ThomsonN7.M2.K8.lb ThomsonN7.M2.K8.lb_le
ThomsonN7.Kron.Ex.kev._f	def	0	0	ThomsonN7.Kron.Ex.below ThomsonN7.Kron.Ex.mul ThomsonN7.Kron.Ex.mon ThomsonN7.Kron.Ex.add ThomsonN7.Kron.Ex.ev.match_1 ThomsonN7.Kron.Ex.c ThomsonN7.Kron.Ex
ThomsonN7.Case1Data.S4_B_l_13	def	10004	10004	
ThomsonN7.Kron.Ex.varVal.eq_3	theorem	0	0	ThomsonN7.Kron.Ex.varVal
ThomsonN7.Glue.Coerce.Contact1.g0n	def	13178	13178	ThomsonN7.Glue.Coerce.Contact1
_private.ThomsonN7.Solution.0.ThomsonN7.CutOneD.compQ.match_1.eq_1	theorem	0	0	ThomsonN7.CutOneD.compQ.match_1
ThomsonN7.Cert.tc_cap_meta	theorem	16079	16079	ThomsonN7.Cert.TCert.checkMeta ThomsonN7.Cert.tc_cap ThomsonN7.Cert.tc_cap_meta._proof_1
ThomsonN7.Reg.enc_39	theorem	7535	7548	ThomsonN7.triCapPrism._proof_1 ThomsonN7.Reg.CP_39 ThomsonN7.Reg.mhi_19 ThomsonN7.Reg.mhi_30 ThomsonN7.Reg.mhi_5 ThomsonN7.Reg.mlo_5 ThomsonN7.Reg.mlo_34 ThomsonN7.Reg.mlo_4 ThomsonN7.Reg.mhi_34 ThomsonN7.Reg.InBox ThomsonN7.RegB.phiCos._proof_3 ThomsonN7.Base.c1._proof_1 ThomsonN7.Reg.mlo_30 ThomsonN7.Reg.mhi_4 ThomsonN7.Reg.mlo_19
ThomsonN7.Cert.comb1.eq_2	theorem	0	0	ThomsonN7.Cert.offB ThomsonN7.Cert.comb1
ThomsonN7.SlabOneD.Cert.mk.inj	theorem	0	0	ThomsonN7.SlabOneD.Cert.mk ThomsonN7.SlabOneD.Term ThomsonN7.SlabOneD.Cert ThomsonN7.SlabOneD.Cert.mk.noConfusion
ThomsonN7.Reg.kk_18_20	theorem	8204	8206	ThomsonN7.Reg.cross_of_enc
ThomsonN7.Reg.W_3_4	theorem	4395	4396	ThomsonN7.Reg.W ThomsonN7.Reg.W_ne ThomsonN7.Base.phi ThomsonN7.R3 ThomsonN7.Base.c1 ThomsonN7.Reg.g_3_4 ThomsonN7.pentBipyramid
ThomsonN7.Kron.Ex.sumAbs	def	1750	1751	ThomsonN7.Kron.Ex.Term
_private.ThomsonN7.Solution.0.ThomsonN7.Kron.coefk.match_1.splitter	def	0	0	ThomsonN7.Kron.Ex.Term ThomsonN7.Kron.coefk.match_1
ThomsonN7.Reg.CP_57.eq_1	theorem	0	0	ThomsonN7.RegB.phiCos._proof_1 ThomsonN7.Reg.CP_57 ThomsonN7.Reg.CP_57._proof_1
ThomsonN7.Cert.ev_hvE	theorem	14726	14729	ThomsonN7.Cert.hvE.eq_1 ThomsonN7.Cert.ev_h1E ThomsonN7.Cert.hvE ThomsonN7.Kron.Ex.ev ThomsonN7.Cert.sbst ThomsonN7.Cert.h1E ThomsonN7.Cert.ev_sbst ThomsonN7.Kron.Ex ThomsonN7.Kron.Ex.varVal
ThomsonN7.Case1Data.S3_B_l_29	def	9944	9944	
ThomsonN7.ThreePoint.H7	def	11004	11006	ThomsonN7.ThreePoint.instDecidableIsP ThomsonN7.ThreePoint.isP
ThomsonN7.Case1Data.S0_B_D_42	def	9744	9744	
ThomsonN7.ThreePoint.Rs	def	932	935	ThomsonN7.cyl._proof_1
ThomsonN7.Kron.Ex.varVal.eq_4	theorem	0	0	_private.ThomsonN7.Solution.0.ThomsonN7.Kron.Ex.pw.match_1.eq_4 ThomsonN7.Kron.Ex.pw.match_1 ThomsonN7.Kron.Ex.varVal
ThomsonN7.Cert.ev_q3E.match_1	def	0	0	
ThomsonN7.M6.chk4._sunfold	def	0	0	ThomsonN7.M6.Box6.A ThomsonN7.M6.chk4 ThomsonN7.M6.Box6.F ThomsonN7.M6.Box6.split ThomsonN7.M6.Box6.D ThomsonN7.M6.Box6.C ThomsonN7.M6.idet4 ThomsonN7.M6.widest ThomsonN7.M6.Box6.B ThomsonN7.M6.Box6 ThomsonN7.M6.chk4.match_1 ThomsonN7.M6.idet3 ThomsonN7.M6.Box6.E
ThomsonN7.Cert.TCert.FB.eq_1	theorem	0	0	ThomsonN7.Cert.TCert.SRE ThomsonN7.Cert.TCert.FB ThomsonN7.Cert.TCert.ψBa ThomsonN7.Cert.TCert.SPE ThomsonN7.Cert.TCert.cbe ThomsonN7.Cert.TCert.ψCb ThomsonN7.Cert.TCert.mB ThomsonN7.Cert.TCert.HB ThomsonN7.Cert.TCert ThomsonN7.Kron.Ex ThomsonN7.Kron.Ex.smul ThomsonN7.Cert.lamBE
ThomsonN7.Cert.tgE	def	14776	14778	ThomsonN7.Kron.Ex.sub ThomsonN7.Cert.hvE ThomsonN7.Kron.Ex ThomsonN7.Kron.Ex.smul ThomsonN7.Cert.gmE
ThomsonN7.Reg.g_2_1	theorem	4235	4236	ThomsonN7.Reg.g_1_2 ThomsonN7.R3 ThomsonN7.Base.c1 ThomsonN7.pentBipyramid
ThomsonN7.GV.frame.eq_1	theorem	0	0	ThomsonN7.GV.L33 ThomsonN7.cyl._proof_1 ThomsonN7.R3 ThomsonN7.GV.L22 ThomsonN7.GV.L32 ThomsonN7.GV.frame
ThomsonN7.Glue.coulombEnergy_pent_enc40	theorem	12877	12886	ThomsonN7.coulombEnergy ThomsonN7.Glue.pent_formula_enc60 ThomsonN7.pentBipyramid_energy ThomsonN7.pentBipyramid
ThomsonN7.M2.K8.add.eq_1	theorem	0	0	ThomsonN7.M2.K8.add ThomsonN7.M2.K8.x4 ThomsonN7.M2.K8.x1 ThomsonN7.M2.K8 ThomsonN7.M2.K8.x3 ThomsonN7.M2.K8.x7 ThomsonN7.M2.K8.x2 ThomsonN7.M2.K8.x6 ThomsonN7.M2.K8.mk ThomsonN7.M2.K8.x5 ThomsonN7.M2.K8.x0
ThomsonN7.Cert.fqFlat	def	14637	14641	ThomsonN7.Cert.TBlk.BD ThomsonN7.Cert.TBlk.xl ThomsonN7.Cert.TBlk.xD ThomsonN7.Cert.comb1 ThomsonN7.Cert.TBlk ThomsonN7.Cert.comb2 ThomsonN7.Cert.TBlk.xd ThomsonN7.Cert.TBlk.z ThomsonN7.Cert.TBlk.Bd ThomsonN7.Cert.rowsN ThomsonN7.Cert.weights ThomsonN7.Cert.TBlk.r ThomsonN7.Cert.TBlk.Bl
ThomsonN7.Glue.Coerce.BPiece.rec	rec	12960	12968	ThomsonN7.Glue.Coerce.BPiece.mk ThomsonN7.Glue.Coerce.BPiece
ThomsonN7.Cert.tc_cap_B._proof_1	theorem	0	0	ThomsonN7.Cert.TCert.chkB ThomsonN7.Cert.tc_cap
ThomsonN7.Glue.Coerce.ContactA.casesOn	def	13357	13367	ThomsonN7.Glue.Coerce.ContactA.rec ThomsonN7.Glue.Coerce.BPiece ThomsonN7.Glue.Coerce.ContactA.mk ThomsonN7.Glue.Coerce.ContactA
ThomsonN7.Case1Data.S2_B	def	9911	9911	ThomsonN7.Cert.Blk ThomsonN7.Case1Data.S2_B_D ThomsonN7.Case1Data.S2_B_d ThomsonN7.Case1Data.S2_B_l ThomsonN7.Cert.Blk.mk
ThomsonN7.Reg.CP_54	def	6791	6791	ThomsonN7.triCapPrism._proof_1 ThomsonN7.cyl._proof_1 ThomsonN7.Base.c1._proof_1
ThomsonN7.M6.Box6._sizeOf_inst	def	0	0	ThomsonN7.M6.Box6 ThomsonN7.M6.Box6._sizeOf_1
ThomsonN7.Cert.comb2._sparseCasesOn_1	def	0	0	
ThomsonN7.Cert.TCert.mk	ctor	14839	14839	ThomsonN7.Cert.Blk ThomsonN7.Cert.TBlk ThomsonN7.Cert.TCert.mk ThomsonN7.Cert.TCert
ThomsonN7.Cert.tc_s94_93_SG4	def	17342	17346	ThomsonN7.Cert.TBlk ThomsonN7.Cert.TBlk.mk
ThomsonN7.Case1Data.S6_B_D_34	def	10213	10213	
ThomsonN7.Reg.kk_5_18	theorem	7937	7939	ThomsonN7.Reg.cross_of_enc
ThomsonN7.Cert.Cert3.hpt	theorem	2792	2801	ThomsonN7.Cert.Cert3 ThomsonN7.Cert.Cert3.ad ThomsonN7.ThreePoint.Rk ThomsonN7.Cert.Cert3.hpt_cut ThomsonN7.ThreePoint.matDot ThomsonN7.Cert.Cert3.Fm ThomsonN7.Cert.Cert3.m ThomsonN7.Cert.Cert3.Hf ThomsonN7.Cert.Cert3.eps ThomsonN7.cyl._proof_1 ThomsonN7.Cert.Cert3.Lam ThomsonN7.Cert.Cert3.K ThomsonN7.ThreePoint.GramOK ThomsonN7.Cert.Cert3.an ThomsonN7.Cert.Cert3.n ThomsonN7.Cert.Cert3.check
ThomsonN7.ThreePoint.dsum_Rs._simp_6	theorem	0	0	
ThomsonN7.Cert.tc_cap_FR4	def	15943	15946	ThomsonN7.Cert.Blk ThomsonN7.Cert.mkBlk
ThomsonN7.M6.widest	def	11489	11494	ThomsonN7.M6.Box6.A ThomsonN7.M6.Box6.F ThomsonN7.M6.Box6.D ThomsonN7.M6.Box6.C ThomsonN7.M6.Box6.B ThomsonN7.M6.Box6 ThomsonN7.M6.Box6.E
ThomsonN7.Cert.codeT	def	14053	14056	ThomsonN7.Kron.Ex.sub ThomsonN7.Kron.Ex.U ThomsonN7.Kron.Ex.c ThomsonN7.Kron.Ex ThomsonN7.Kron.Ex.smul ThomsonN7.Cert.codeE
ThomsonN7.Final.K	def	17858	17859	
ThomsonN7.Cert.Cert3.mk.injEq	theorem	0	0	ThomsonN7.Cert.Cert3 ThomsonN7.Cert.Cert3.mk ThomsonN7.Cert.SBlk ThomsonN7.Cert.Blk ThomsonN7.Cert.Cert3.mk.inj
ThomsonN7.CutOneD.Cert.diff.eq_1	theorem	0	0	ThomsonN7.CutOneD.Cert.Lam ThomsonN7.CutOneD.compQ ThomsonN7.CutOneD.sqSum ThomsonN7.CutOneD.Cert.A1 ThomsonN7.CutOneD.Cert.A2 ThomsonN7.CutOneD.pneg ThomsonN7.CutOneD.padd ThomsonN7.CutOneD.Cert.diff ThomsonN7.CutOneD.Cert.Q ThomsonN7.CutOneD.pmul ThomsonN7.CutOneD.Cert.A0 ThomsonN7.CutOneD.Cert.A3 ThomsonN7.CutOneD.Cert
ThomsonN7.Case1Data.S1_B_l_32	def	9795	9795	
ThomsonN7.M6.isq_mem	theorem	11383	11401	ThomsonN7.M6.Imem ThomsonN7.M6.isq
ThomsonN7.RegB.quadPart	def	5082	5086	ThomsonN7.RegB.poleSum ThomsonN7.RegB.lam2 ThomsonN7.RegB.lam0 ThomsonN7.cyl._proof_1 ThomsonN7.R3 ThomsonN7.pentBipyramid._proof_1 ThomsonN7.RegB.quadPart._proof_1 ThomsonN7.RegB.phiCos._proof_3 ThomsonN7.Base.c1._proof_1 ThomsonN7.RegB.phiCos ThomsonN7.RegB.phiSin ThomsonN7.RegB.ringSum
ThomsonN7.Case1Data.S5_B	def	10139	10139	ThomsonN7.Case1Data.S5_B_D ThomsonN7.Cert.Blk ThomsonN7.Case1Data.S5_B_d ThomsonN7.Case1Data.S5_B_l ThomsonN7.Cert.Blk.mk
ThomsonN7.Base.phi_bregman_cubic	theorem	4018	4040	ThomsonN7.Base.phi_pos ThomsonN7.Base.phi ThomsonN7.Base.phi_tau_eq
ThomsonN7.CutOneD.peval._sunfold	def	0	0	ThomsonN7.CutOneD.peval.match_1 ThomsonN7.CutOneD.peval
ThomsonN7.Cert.idDeg.eq_1	theorem	0	0	ThomsonN7.Cert.gT ThomsonN7.Cert.TBlk.g ThomsonN7.Cert.idDeg ThomsonN7.Cert.TBlk ThomsonN7.Cert.TBlk.z ThomsonN7.Kron.Ex ThomsonN7.Cert.mxs ThomsonN7.Cert.degK
ThomsonN7.Reg.planeRot._proof_10	theorem	0	0	ThomsonN7.R3
ThomsonN7.Cert.tblkE.eq_1	theorem	0	0	ThomsonN7.Cert.gT ThomsonN7.Cert.TBlk.g ThomsonN7.Kron.Ex.mul ThomsonN7.Cert.TBlk ThomsonN7.Cert.sqfF ThomsonN7.Cert.tblkE ThomsonN7.Cert.TBlk.z ThomsonN7.Kron.Ex ThomsonN7.Cert.TBlk.B
ThomsonN7.ThreePoint.mrg.eq_1	theorem	0	0	ThomsonN7.ThreePoint.mrg
ThomsonN7.Case1Data.S0_B_l_48	def	9693	9693	
ThomsonN7.Reg.CP_36	def	6773	6773	ThomsonN7.triCapPrism._proof_1 ThomsonN7.Base.c1._proof_1
ThomsonN7.Cert.Blk.ok_parts._simp_2	theorem	0	0	
ThomsonN7.Case1Data.S1_B_l_33	def	9796	9796	
ThomsonN7.Case1Data.S0_B_l_8	def	9653	9653	
ThomsonN7.Kron.Ex.dz.eq_1	theorem	0	0	ThomsonN7.Kron.Ex.dz ThomsonN7.Kron.Ex.c
_private.ThomsonN7.Solution.0.ThomsonN7.Kron.Ex.pw.match_1.eq_2	theorem	0	0	ThomsonN7.Kron.Ex.pw.match_1
ThomsonN7.Reg.g_4_3	theorem	4280	4281	ThomsonN7.R3 ThomsonN7.Base.c1 ThomsonN7.Reg.g_3_4 ThomsonN7.pentBipyramid
_private.ThomsonN7.Solution.0.ThomsonN7.Kron.Ex.pw.match_1.splitter	def	0	0	
ThomsonN7.Cert.TBlk.mk	ctor	14084	14084	ThomsonN7.Cert.TBlk ThomsonN7.Cert.TBlk.mk
ThomsonN7.Cert.tc_cap.eq_1	theorem	0	0	ThomsonN7.Cert.tc_cap_SA1 ThomsonN7.Cert.tc_cap_SA0 ThomsonN7.Cert.tc_cap_SB1 ThomsonN7.Cert.tc_cap_FR3 ThomsonN7.Cert.tc_cap_FR2 ThomsonN7.Cert.tc_cap_SG2 ThomsonN7.Cert.tc_cap_SB0 ThomsonN7.Cert.tc_cap_SB2 ThomsonN7.Cert.Blk ThomsonN7.Cert.TBlk ThomsonN7.Cert.tc_cap_FP2 ThomsonN7.Cert.tc_cap_FR5 ThomsonN7.Cert.tc_cap ThomsonN7.Cert.tc_cap_FP1 ThomsonN7.Cert.TCert.mk ThomsonN7.Cert.tc_cap_SA3 ThomsonN7.Cert.tc_cap_FR4 ThomsonN7.Cert.tc_cap_SG1 ThomsonN7.Cert.tc_cap_FP5 ThomsonN7.Cert.TCert ThomsonN7.Cert.tc_cap_FR1 ThomsonN7.Cert.tc_cap_SG4 ThomsonN7.Cert.tc_cap_FP0 ThomsonN7.Cert.tc_cap_FP3 ThomsonN7.Cert.tc_cap_FP4 ThomsonN7.Cert.tc_cap_SA4 ThomsonN7.Cert.tc_cap_SG3 ThomsonN7.Cert.tc_cap_SA6 ThomsonN7.Cert.tc_cap_SA5 ThomsonN7.Cert.tc_cap_SA2 ThomsonN7.Cert.tc_cap_SB4 ThomsonN7.Cert.tc_cap_SG0 ThomsonN7.Cert.tc_cap_SB3 ThomsonN7.Cert.tc_cap_FR0
ThomsonN7.Cert.tc_s94_93_B._proof_1	theorem	0	0	ThomsonN7.Cert.TCert.chkB ThomsonN7.Cert.tc_s94_93
ThomsonN7.M2.rb	def	2828	2829	ThomsonN7.cyl._proof_1 ThomsonN7.pentBipyramid._proof_1
ThomsonN7.Reg.mon_lo	theorem	6943	6948	ThomsonN7.Reg.InBox._proof_16 ThomsonN7.Reg.InBox._proof_7 ThomsonN7.Reg.InBox._proof_9 ThomsonN7.Reg.InBox._proof_2 ThomsonN7.Reg.InBox._proof_5 ThomsonN7.Reg.InBox._proof_8 ThomsonN7.Reg.InBox._proof_15 ThomsonN7.Reg.InBox._proof_13 ThomsonN7.Reg.InBox._proof_6 ThomsonN7.Reg.InBox._proof_11 ThomsonN7.Reg.InBox ThomsonN7.Reg.InBox._proof_4 ThomsonN7.Reg.InBox._proof_10 ThomsonN7.Reg.InBox._proof_12 ThomsonN7.Reg.InBox._proof_3 ThomsonN7.Reg.InBox._proof_1 ThomsonN7.Reg.InBox._proof_14
_private.ThomsonN7.Solution.0.ThomsonN7.Cert.perm3.match_1.eq_2	theorem	0	0	ThomsonN7.Cert.perm3.match_1
ThomsonN7.Cert.tc_s99_98_SG4	def	16355	16359	ThomsonN7.Cert.TBlk ThomsonN7.Cert.TBlk.mk
ThomsonN7.Glue.le_sqrt5_of	theorem	15761	15763	
ThomsonN7.Kron.Ex.add.sizeOf_spec	theorem	0	0	ThomsonN7.Kron.Ex._sizeOf_inst ThomsonN7.Kron.Ex.add ThomsonN7.Kron.Ex
_private.ThomsonN7.Solution.0.ThomsonN7.M2.Pl.mul.match_1.eq_1	theorem	0	0	ThomsonN7.M2.K8 ThomsonN7.M2.Pl.mul.match_1
ThomsonN7.SlabOneD.Cert.diff.eq_1	theorem	0	0	ThomsonN7.SlabOneD.padd ThomsonN7.SlabOneD.Cert.Q ThomsonN7.SlabOneD.pmul ThomsonN7.SlabOneD.Cert.terms ThomsonN7.SlabOneD.sumTerms ThomsonN7.SlabOneD.Cert.diff ThomsonN7.SlabOneD.pscale ThomsonN7.SlabOneD.Cert ThomsonN7.SlabOneD.pneg ThomsonN7.SlabOneD.Cert.m ThomsonN7.SlabOneD.Par ThomsonN7.SlabOneD.Cert.Lam ThomsonN7.SlabOneD.compQ
ThomsonN7.Glue.Coerce.chainOK.eq_def	theorem	0	0	ThomsonN7.Glue.Coerce.BPiece.u1 ThomsonN7.Glue.Coerce.chainOK ThomsonN7.Glue.Coerce.BPiece.w1 ThomsonN7.Glue.Coerce.BPiece.w2 ThomsonN7.Glue.Coerce.chainOK._f _private.ThomsonN7.Solution.0.ThomsonN7.Glue.Coerce.chainOK.match_1.splitter ThomsonN7.Glue.Coerce.BPiece.u2 ThomsonN7.Glue.Coerce.BPiece.check ThomsonN7.Glue.Coerce.chainOK.match_1 ThomsonN7.Glue.Coerce.BPiece
ThomsonN7.Kron.Ex.kev_eq	theorem	1743	1748	ThomsonN7.Kron.Ex.evalW ThomsonN7.Kron.Ex.Wk ThomsonN7.Kron.Ex.mul ThomsonN7.Kron.Ex.kev ThomsonN7.Kron.Ex.mon ThomsonN7.Kron.Ex.add ThomsonN7.Kron.Ex.c ThomsonN7.Kron.Ex ThomsonN7.Kron.Ex.rec
ThomsonN7.Kron.sumT_scale	theorem	1671	1682	ThomsonN7.Kron.Ex.Term ThomsonN7.Kron.sumT
ThomsonN7.Reg.mhi_10	theorem	6999	7000	ThomsonN7.Reg.mon_hi ThomsonN7.Reg.InBox
ThomsonN7.Reg.kk_15_19	theorem	8165	8167	ThomsonN7.Reg.cross_of_enc
ThomsonN7.Glue.Coerce.Contact1.casesOn	def	13170	13180	ThomsonN7.Glue.Coerce.Contact1.rec ThomsonN7.Glue.Coerce.BPiece ThomsonN7.Glue.Coerce.Contact1.mk ThomsonN7.Glue.Coerce.Contact1
ThomsonN7.Case1Data.S3_B_D_23	def	9974	9974	
ThomsonN7.Case1Data.S5_B_l_34	def	10101	10101	
ThomsonN7.Kron.Ex.ev_V	theorem	1995	1995	ThomsonN7.Kron.Ex.V ThomsonN7.Kron.Ex.ev
ThomsonN7.M2.Pl.eval_eq_zero_of_allZero._f	def	0	0	ThomsonN7.M2.K8 ThomsonN7.M2.K8.toReal ThomsonN7.M2.Pl.allZero ThomsonN7.M2.K8.zero ThomsonN7.M2.K8.toReal_zero ThomsonN7.M2.instDecidableEqK8 ThomsonN7.M2.Pl.eval ThomsonN7.M2.Pl.eval_eq_zero_of_allZero.match_1
ThomsonN7.Reg.g_5_6	theorem	4304	4304	ThomsonN7.Base.pent_inner_poles ThomsonN7.R3 ThomsonN7.pentBipyramid
ThomsonN7.CutOneD.peval_eq_zero_of_all	theorem	9229	9234	ThomsonN7.CutOneD.peval_eq_zero_of_all._simp_1 ThomsonN7.CutOneD.peval
ThomsonN7.Reg.pb_5_6	theorem	8850	8851	ThomsonN7.Reg.phi_neg_one_le ThomsonN7.Base.phi ThomsonN7.Reg.gP ThomsonN7.Reg.gP_5_6
ThomsonN7.Case1.c1Stat_sumE.match_1	def	0	0	ThomsonN7.Kron.Ex
_private.ThomsonN7.Solution.0.ThomsonN7.Cert.domAll.match_1.splitter	def	0	0	ThomsonN7.Cert.domAll.match_1
ThomsonN7.Cert.tc_cap_SG1	def	16031	16035	ThomsonN7.Cert.TBlk ThomsonN7.Cert.TBlk.mk
ThomsonN7.SlabOneD.peval_sqSum	theorem	15188	15194	ThomsonN7.SlabOneD.padd ThomsonN7.SlabOneD.sqEval ThomsonN7.SlabOneD.peval ThomsonN7.SlabOneD.pmul ThomsonN7.SlabOneD.pscale ThomsonN7.SlabOneD.peval_pscale ThomsonN7.SlabOneD.sqSum ThomsonN7.SlabOneD.peval.eq_1 ThomsonN7.SlabOneD.peval_pmul ThomsonN7.SlabOneD.peval_padd
ThomsonN7.Reg.enc_49	theorem	7667	7674	ThomsonN7.Reg.mlo_21 ThomsonN7.Reg.mhi_21 ThomsonN7.Reg.mhi_20 ThomsonN7.triCapPrism._proof_2 ThomsonN7.Reg.mlo_20 ThomsonN7.RegB.phiCos._proof_1 ThomsonN7.Reg.InBox ThomsonN7.Reg.CP_49
ThomsonN7.SlabOneD.Cert.bound	def	15460	15461	ThomsonN7.SlabOneD.cqB ThomsonN7.SlabOneD.Cert.Q ThomsonN7.SlabOneD.Cert.terms ThomsonN7.SlabOneD.Cert ThomsonN7.SlabOneD.Cert.m ThomsonN7.SlabOneD.Par ThomsonN7.SlabOneD.Cert.Lam ThomsonN7.SlabOneD.sumTermsB
ThomsonN7.ThreePoint.Q3._f	def	0	0	ThomsonN7.ThreePoint.Q3.match_1
ThomsonN7.SlabOneD.cqB._sunfold	def	0	0	ThomsonN7.SlabOneD.cqB ThomsonN7.CutOneD.compQ.match_1
ThomsonN7.Case1Data.S4_B_D_4	def	10031	10031	
ThomsonN7.Base.pent_inner_pent	theorem	458	470	ThomsonN7.Base.c2 ThomsonN7.Base.cos_fifth ThomsonN7.Base.pent_inner_pent._proof_1 ThomsonN7.R3 ThomsonN7.Base.c1 ThomsonN7.cyl ThomsonN7.pent_of_lt ThomsonN7.pentBipyramid ThomsonN7.Base.inner_cyl
ThomsonN7.SlabOneD.padd._unsafe_rec	def	0	0	ThomsonN7.CutOneD.padd.match_1 ThomsonN7.SlabOneD.padd._unsafe_rec
ThomsonN7.Kron.Ex.noConfusion	def	1599	1604	ThomsonN7.Kron.Ex.casesOn ThomsonN7.Kron.Ex ThomsonN7.Kron.Ex.noConfusionType
ThomsonN7.ThreePoint.dsum_Rs._simp_2	theorem	0	0	
ThomsonN7.Case1.c1_stat_S2	theorem	10404	10406	ThomsonN7.Cert.Cert3.ad ThomsonN7.Case1.c1Stat ThomsonN7.Case1Data.cf ThomsonN7.Case1Data.S2 ThomsonN7.Case1.C1Stat ThomsonN7.Case1.c1_stat_S2._proof_1 ThomsonN7.Cert.sblkE ThomsonN7.Cert.Cert3.an
ThomsonN7.Glue.Coerce.abs_t_sub_le	theorem	13159	13168	ThomsonN7.Glue.Coerce.abs_t_sub_node_le
ThomsonN7.Reg.pb_0_6	theorem	8805	8806	ThomsonN7.Reg.phi_zero_le ThomsonN7.Base.phi ThomsonN7.Reg.gP ThomsonN7.Reg.gP_0_6
ThomsonN7.ThreePoint.exists_tangent_frame	theorem	651	681	ThomsonN7.ThreePoint.exists_tangent_frame._simp_1 ThomsonN7.R3
ThomsonN7.Case1Data.S2_B_D_9	def	9884	9884	
ThomsonN7.Cert.TCert.mk.sizeOf_spec	theorem	0	0	ThomsonN7.Cert.TCert._sizeOf_inst ThomsonN7.Cert.Blk ThomsonN7.Cert.TBlk ThomsonN7.Cert.TBlk._sizeOf_inst ThomsonN7.Cert.TCert.mk ThomsonN7.Cert.TCert ThomsonN7.Cert.Blk._sizeOf_inst
ThomsonN7.Case1.cf_blocks._proof_1	theorem	0	0	ThomsonN7.Cert.Blk.ok ThomsonN7.Case1Data.cf ThomsonN7.Cert.Cert3.blk ThomsonN7.Cert.Cert3.m ThomsonN7.Cert.Cert3.K
ThomsonN7.Case1Data.S1_B_l_16	def	9779	9779	
ThomsonN7.Glue.Coerce.Contact2R.noConfusionType	def	0	0	ThomsonN7.Glue.Coerce.Contact2R ThomsonN7.Glue.Coerce.BPiece ThomsonN7.Glue.Coerce.Contact2R.casesOn
ThomsonN7.Reg.InBox._proof_6	theorem	0	0	
ThomsonN7.Reg.kk_1_10	theorem	7805	7807	ThomsonN7.Reg.cross_of_enc
ThomsonN7.Reg.sum_Dpair_lower	theorem	8949	8980	ThomsonN7.Reg.pb_2_6 ThomsonN7.Reg.Dpair_lower ThomsonN7.Reg.pb_2_3 ThomsonN7.Reg.pb_5_6 ThomsonN7.Reg.pb_0_1 ThomsonN7.Reg.pb_0_6 ThomsonN7.Reg.pb_0_3 ThomsonN7.Reg.pb_1_5 ThomsonN7.Reg.pb_3_4 ThomsonN7.Reg.pb_1_3 ThomsonN7.Reg.pb_2_4 ThomsonN7.Reg.pb_4_6 ThomsonN7.Reg.sum_Ioi_seven ThomsonN7.Reg.pb_4_5 ThomsonN7.Reg.pb_1_4 ThomsonN7.R3 ThomsonN7.Reg.pb_1_6 ThomsonN7.Reg.pb_1_2 ThomsonN7.Reg.pb_2_5 ThomsonN7.Reg.Dpair ThomsonN7.Reg.pb_0_2 ThomsonN7.Reg.pb_3_5 ThomsonN7.pentBipyramid ThomsonN7.Reg.pb_3_6 ThomsonN7.Reg.pb_0_5 ThomsonN7.Reg.pb_0_4
ThomsonN7.Case1Data.S5_B_l_28	def	10095	10095	
ThomsonN7.Cert.tc_s93_90_SA3	def	17599	17603	ThomsonN7.Cert.TBlk ThomsonN7.Cert.TBlk.mk
ThomsonN7.Case1Data.S1_B_D_23	def	9822	9822	
ThomsonN7.CutOneD.peval_padd	theorem	9149	9155	ThomsonN7.CutOneD.padd ThomsonN7.CutOneD.peval.eq_2 ThomsonN7.CutOneD.peval
ThomsonN7.SlabOneD.Slab_s98_96.parHB	def	16772	16772	ThomsonN7.SlabOneD.Par.mk ThomsonN7.SlabOneD.Par
ThomsonN7.Reg.pc_1_2	theorem	8325	8326	ThomsonN7.Reg.s1 ThomsonN7.R3 ThomsonN7.Base.c1 ThomsonN7.pentBipyramid ThomsonN7.Reg.pent_1
ThomsonN7.Glue.Coerce.Contact2.mk.inj	theorem	0	0	ThomsonN7.Glue.Coerce.Contact2.mk ThomsonN7.Glue.Coerce.Contact2 ThomsonN7.Glue.Coerce.Contact2.mk.noConfusion ThomsonN7.Glue.Coerce.BPiece
ThomsonN7.Case1Data.S1_B_D_33	def	9832	9832	
ThomsonN7.Cert.ev_sqfE	theorem	2491	2500	ThomsonN7.Cert.Blk.del ThomsonN7.Kron.Ex.sumRange ThomsonN7.Kron.Ex.ev_sq ThomsonN7.Kron.Ex.mon ThomsonN7.Cert.Blk ThomsonN7.Kron.Ex.ev ThomsonN7.Cert.Blk.lq ThomsonN7.Cert.Blk.dq ThomsonN7.Cert.smulNZ ThomsonN7.Cert.zt ThomsonN7.Kron.Ex.ev_sumRange ThomsonN7.Kron.Ex.sq ThomsonN7.Cert.sqfE ThomsonN7.Cert.ev_smulNZ ThomsonN7.Cert.zval
ThomsonN7.Cert.Cert3.Fm	def	2661	2663	ThomsonN7.Cert.Cert3 ThomsonN7.Cert.Cert3.blk ThomsonN7.Cert.Cert3.m ThomsonN7.Cert.Cert3.Lam ThomsonN7.Cert.fmat
ThomsonN7.Cert.tc_s93_90_SB1	def	17623	17627	ThomsonN7.Cert.TBlk ThomsonN7.Cert.TBlk.mk
ThomsonN7.Cert.tc_s99_98_FR3	def	16250	16253	ThomsonN7.Cert.Blk ThomsonN7.Cert.mkBlk
ThomsonN7.Glue.Coerce.phi_sub_H	theorem	13087	13093	ThomsonN7.Glue.Coerce.one_sub_two_yOf_sq ThomsonN7.Glue.Coerce.Fpoly ThomsonN7.Glue.Coerce.phi_eq_yOf ThomsonN7.Glue.Coerce.yOf ThomsonN7.Glue.Coerce.peval_Fpoly ThomsonN7.Base.phi ThomsonN7.Glue.Coerce.yOf_pos ThomsonN7.CutOneD.peval
ThomsonN7.Case1Data.S2_B_D_18	def	9893	9893	
ThomsonN7.Case1Data.S6_B_D_29	def	10208	10208	
ThomsonN7.Cert.SBlk.mk.noConfusion	def	2606	2606	ThomsonN7.Cert.SBlk.noConfusion ThomsonN7.Cert.SBlk ThomsonN7.Cert.Blk ThomsonN7.Cert.SBlk.mk
ThomsonN7.Cert.tc_s99_98_SA2	def	16277	16281	ThomsonN7.Cert.TBlk ThomsonN7.Cert.TBlk.mk
ThomsonN7.SlabOneD.Slab_s96_94.certHA	def	17088	17092	ThomsonN7.SlabOneD.Slab_s96_94.termHA_6 ThomsonN7.SlabOneD.Slab_s96_94.termHA_1 ThomsonN7.SlabOneD.Slab_s96_94.termHA_2 ThomsonN7.SlabOneD.Cert.mk ThomsonN7.SlabOneD.Term ThomsonN7.SlabOneD.Slab_s96_94.termHA_3 ThomsonN7.SlabOneD.Cert ThomsonN7.SlabOneD.Slab_s96_94.termHA_5 ThomsonN7.SlabOneD.Slab_s96_94.termHA_7 ThomsonN7.SlabOneD.Slab_s96_94.termHA_0 ThomsonN7.SlabOneD.Slab_s96_94.termHA_4
ThomsonN7.Cert.tc_s93_90_A	theorem	17703	17703	ThomsonN7.Cert.TCert.chkA ThomsonN7.Cert.tc_s93_90 ThomsonN7.Cert.tc_s93_90_A._proof_1
ThomsonN7.Case1Data.S3_B_l_17	def	9932	9932	
ThomsonN7.Reg.crit_6_x	theorem	4500	4502	ThomsonN7.Reg.hF1 ThomsonN7.Base.c2 ThomsonN7.Base.c1
ThomsonN7.SlabOneD.Slab_s93_90.parHC	def	17786	17786	ThomsonN7.SlabOneD.Par.mk ThomsonN7.SlabOneD.Par
ThomsonN7.SlabOneD.pmul.eq_2	theorem	0	0	ThomsonN7.SlabOneD.padd ThomsonN7.SlabOneD.pmul ThomsonN7.SlabOneD.pscale
ThomsonN7.Case1Data.S3_B_D_9	def	9960	9960	
ThomsonN7.Cert.l1_sqfF_le	theorem	14271	14278	ThomsonN7.Cert.Blk.Δ ThomsonN7.Cert.l1_sqF_le ThomsonN7.Cert.Blk.l ThomsonN7.Cert.Blk.d ThomsonN7.Cert.Blk ThomsonN7.Cert.l1_sqfF_le._proof_1 ThomsonN7.Cert.sqfF ThomsonN7.Cert.quadF ThomsonN7.Kron.Ex.l1 ThomsonN7.Kron.Ex.l1.eq_3 ThomsonN7.Cert.l1_quadF_le ThomsonN7.Cert.sqF
ThomsonN7.Case1Data.S7_B_l_12	def	10231	10231	
ThomsonN7.SlabOneD.Slab_s96_94.parHB.eq_1	theorem	0	0	ThomsonN7.SlabOneD.Slab_s96_94.parHB ThomsonN7.SlabOneD.Par.mk ThomsonN7.SlabOneD.Par
ThomsonN7.SlabOneD.Cert.terms	def	15240	15240	ThomsonN7.SlabOneD.Term ThomsonN7.SlabOneD.Cert
ThomsonN7.TwoRegime.exact_counts._proof_1	theorem	0	0	ThomsonN7.R3 ThomsonN7.TwoRegime.cnt
_private.ThomsonN7.Solution.0.ThomsonN7.CutOneD.padd.match_1.splitter	def	0	0	ThomsonN7.CutOneD.padd.match_1
ThomsonN7.Reg.mlo_30	theorem	7077	7078	ThomsonN7.Reg.mon_lo ThomsonN7.Reg.InBox
ThomsonN7.Reg.kk_5_8	theorem	7919	7921	ThomsonN7.Reg.cross_of_enc
ThomsonN7.Cert.Cert3.hpt_gramCut._proof_2	theorem	0	0	ThomsonN7.Cert.Cert3 ThomsonN7.Cert.Cert3.ad ThomsonN7.Cert.Cert3.Lam ThomsonN7.Cert.Cert3.n
ThomsonN7.CutOneD.Cert.Lam	def	9213	9213	ThomsonN7.CutOneD.Cert
ThomsonN7.Cert.degK._f	def	0	0	ThomsonN7.Kron.Ex.below ThomsonN7.Kron.Ex.mul ThomsonN7.Kron.Ex.mon ThomsonN7.Cert.proj ThomsonN7.Kron.Ex.add ThomsonN7.Kron.Ex.ev.match_1 ThomsonN7.Kron.Ex.c ThomsonN7.Kron.Ex
ThomsonN7.Cert.tc_s96_94_SA2	def	16935	16939	ThomsonN7.Cert.TBlk ThomsonN7.Cert.TBlk.mk
ThomsonN7.M3.search_eq._proof_1	theorem	0	0	ThomsonN7.M3.search
ThomsonN7.SlabOneD.evalZ_compQ	theorem	15288	15292	ThomsonN7.SlabOneD.padd ThomsonN7.SlabOneD.pmul ThomsonN7.SlabOneD.evalZ.eq_1 ThomsonN7.SlabOneD.evalZ ThomsonN7.SlabOneD.evalZ_pmul ThomsonN7.SlabOneD.evalZ_padd ThomsonN7.SlabOneD.compQ
ThomsonN7.Cert.TCert.FRm	def	14951	14953	ThomsonN7.Cert.TCert.m ThomsonN7.Cert.TCert.blkR ThomsonN7.Cert.TCert ThomsonN7.Cert.fmat ThomsonN7.Cert.TCert.Lam
ThomsonN7.Cert.tc_s93_90_FR1	def	17556	17559	ThomsonN7.Cert.Blk ThomsonN7.Cert.mkBlk
ThomsonN7.Cert.linF.match_1	def	0	0	
ThomsonN7.SlabOneD.sumTerms._f	def	0	0	ThomsonN7.SlabOneD.padd ThomsonN7.SlabOneD.sumTerms.match_1 ThomsonN7.SlabOneD.pmul ThomsonN7.SlabOneD.Term.mult ThomsonN7.SlabOneD.Term ThomsonN7.SlabOneD.Term.sq ThomsonN7.SlabOneD.sqSum ThomsonN7.SlabOneD.Par
ThomsonN7.Cert.final_ineq	theorem	2717	2736	
ThomsonN7.Cert.TCert.idA.eq_1	theorem	0	0	ThomsonN7.Cert.TCert.SA ThomsonN7.Cert.TCert.bn ThomsonN7.Cert.TCert.FA ThomsonN7.Cert.TCert.bd ThomsonN7.Cert.TCert.idA ThomsonN7.Cert.idT ThomsonN7.Cert.TCert.ad ThomsonN7.Cert.TCert.an ThomsonN7.Cert.TCert ThomsonN7.Kron.Ex
ThomsonN7.Kron.Ex.varVal	def	2035	2040	ThomsonN7.Kron.Ex.pw.match_1
ThomsonN7.Cert.Cert3.ctorIdx	def	0	0	ThomsonN7.Cert.Cert3
ThomsonN7.Reg.CP_50.eq_1	theorem	0	0	ThomsonN7.triCapPrism._proof_1 ThomsonN7.cyl._proof_1 ThomsonN7.Reg.CP_50 ThomsonN7.Base.c1._proof_1
ThomsonN7.Reg.mlo_6	theorem	6981	6982	ThomsonN7.Reg.mon_lo ThomsonN7.Reg.InBox
ThomsonN7.ThreePoint.dsum_pair23	theorem	878	881	ThomsonN7.ThreePoint.dsum_pair12 ThomsonN7.ThreePoint.dsum_cyc ThomsonN7.ThreePoint.dsum
_private.ThomsonN7.Solution.0.ThomsonN7.Kron.Ex.ev.match_1.eq_3	theorem	0	0	ThomsonN7.Kron.Ex.mul ThomsonN7.Kron.Ex.mon ThomsonN7.Kron.Ex.add ThomsonN7.Kron.Ex.ev.match_1 ThomsonN7.Kron.Ex.c ThomsonN7.Kron.Ex
ThomsonN7.Cert.domAll_spec	theorem	13991	14003	ThomsonN7.Cert.domAll_spec._proof_4 ThomsonN7.Cert.domAll ThomsonN7.Cert.offAbs ThomsonN7.Cert.offAbs.eq_1
ThomsonN7.Reg.kk_11_20	theorem	8096	8098	ThomsonN7.Reg.cross_of_enc
ThomsonN7.Kron.Ex.dx.eq_4	theorem	0	0	ThomsonN7.Kron.Ex.mul ThomsonN7.Kron.Ex.dx ThomsonN7.Kron.Ex
ThomsonN7.Case1Data.S4_B_D_12	def	10039	10039	
ThomsonN7.SlabOneD.Slab_s98_96.termHC_3	def	16810	16811	ThomsonN7.SlabOneD.Term ThomsonN7.SlabOneD.Term.mk
ThomsonN7.Reg.W_3_0	theorem	4384	4385	ThomsonN7.Reg.W ThomsonN7.Reg.W_ne ThomsonN7.Base.c2 ThomsonN7.Reg.g_3_0 ThomsonN7.Base.phi ThomsonN7.R3 ThomsonN7.pentBipyramid
_private.ThomsonN7.Solution.0.ThomsonN7.Cert.transposeSq.match_1.splitter	def	0	0	ThomsonN7.Cert.transposeSq.match_1
ThomsonN7.Cert.sqF.match_1	def	0	0	
ThomsonN7.Case1Data.S0_B_D_24	def	9726	9726	
ThomsonN7.M2.rb_sq	theorem	2833	2838	ThomsonN7.cyl._proof_1 ThomsonN7.pentBipyramid._proof_1 ThomsonN7.M2.rb
ThomsonN7.Kron.Ex.ev.eq_4	theorem	0	0	ThomsonN7.Kron.Ex.mul ThomsonN7.Kron.Ex.ev ThomsonN7.Kron.Ex
ThomsonN7.Glue.Coerce.PlainCert.le_phi	theorem	13131	13147	ThomsonN7.Glue.Coerce.PlainCert.check ThomsonN7.Glue.Coerce.chainOK ThomsonN7.Glue.Coerce.Fpoly ThomsonN7.Glue.Coerce.PlainCert ThomsonN7.Glue.Coerce.PlainCert.Dq ThomsonN7.Glue.Coerce.H_le_phi_of_F ThomsonN7.Glue.Coerce.PlainCert.pieces ThomsonN7.Glue.Coerce.yOf ThomsonN7.Glue.Coerce.le_yOf_of_hi ThomsonN7.Base.phi ThomsonN7.Glue.Coerce.chainOK_nonneg ThomsonN7.Glue.Coerce.PlainCert.Q ThomsonN7.Glue.Coerce.yOf_le_of_lo ThomsonN7.CutOneD.peval
ThomsonN7.Reg.sq_17	theorem	8254	8254	
ThomsonN7.SlabOneD.cqB.eq_def	theorem	0	0	ThomsonN7.SlabOneD.cqB ThomsonN7.SlabOneD.cqB._f _private.ThomsonN7.Solution.0.ThomsonN7.CutOneD.compQ.match_1.splitter ThomsonN7.CutOneD.compQ.match_1
ThomsonN7.Cert.zval.eq_1	theorem	0	0	ThomsonN7.Cert.zt ThomsonN7.Cert.zval
ThomsonN7.Glue.peval_eq_sum	theorem	15679	15690	ThomsonN7.SlabOneD.peval ThomsonN7.SlabOneD.peval.eq_2
ThomsonN7.Case1Data.S2_B_l_29	def	9868	9868	
ThomsonN7.Cert.TCert.blkR	def	14876	14877	ThomsonN7.Cert.TCert.FR ThomsonN7.Cert.Blk.empty ThomsonN7.Cert.Blk ThomsonN7.Cert.TCert
ThomsonN7.Cert.perm3.eq_5	theorem	0	0	ThomsonN7.Cert.perm3
ThomsonN7.Case1Data.S3_B_l_1	def	9916	9916	
ThomsonN7.Case1Data.S2_B_D_2	def	9877	9877	
ThomsonN7.M2.Pl.eval_scale.match_1	def	0	0	ThomsonN7.M2.K8
ThomsonN7.Cert.tc_s98_96_FR3	def	16579	16582	ThomsonN7.Cert.Blk ThomsonN7.Cert.mkBlk
_private.ThomsonN7.Solution.0.ThomsonN7.Cert.comb2.match_1.eq_2	theorem	0	0	ThomsonN7.Cert.comb2._sparseCasesOn_1.else_eq ThomsonN7.Cert.comb2._sparseCasesOn_1 ThomsonN7.Cert.comb2.match_1
ThomsonN7.Kron.Ex.subst.eq_4	theorem	0	0	ThomsonN7.Kron.Ex.mul ThomsonN7.Kron.Ex.subst ThomsonN7.Kron.Ex
ThomsonN7.Case1Data.S0_B_D_55	def	9757	9757	
ThomsonN7.Reg.mlo_17	theorem	7025	7026	ThomsonN7.Reg.mon_lo ThomsonN7.Reg.InBox
ThomsonN7.M2.Pl.add._unsafe_rec	def	0	0	ThomsonN7.M2.K8.add ThomsonN7.M2.K8 ThomsonN7.M2.Pl.add._unsafe_rec ThomsonN7.M2.Pl.add.match_1
ThomsonN7.Reg.CP_32.eq_1	theorem	0	0	ThomsonN7.Reg.CP_32 ThomsonN7.Base.c1._proof_1
_private.ThomsonN7.Solution.0.ThomsonN7.Cert.q3E.match_1.eq_2	theorem	0	0	ThomsonN7.Cert.q3E.match_1
ThomsonN7.SlabOneD.padd.eq_3	theorem	0	0	ThomsonN7.SlabOneD.padd
ThomsonN7.Cert.tc_s96_94_SG2	def	17001	17005	ThomsonN7.Cert.TBlk ThomsonN7.Cert.TBlk.mk
ThomsonN7.Kron.Ex.evalW.eq_4	theorem	0	0	ThomsonN7.Kron.Ex.evalW ThomsonN7.Kron.Ex.mul ThomsonN7.Kron.Ex
ThomsonN7.Cert.fqFlat_spec._proof_1	theorem	0	0	ThomsonN7.Cert.TBlk.BD ThomsonN7.Cert.TBlk.xl ThomsonN7.Cert.TBlk.xD ThomsonN7.Cert.TBlk ThomsonN7.Cert.TBlk.z ThomsonN7.Cert.TBlk.Bd ThomsonN7.Cert.rowsN ThomsonN7.Cert.weights ThomsonN7.Cert.TBlk.r ThomsonN7.Cert.TBlk.Bl
ThomsonN7.SlabOneD.Cert.check	def	15496	15499	ThomsonN7.SlabOneD.Cert.bound ThomsonN7.SlabOneD.Cert ThomsonN7.SlabOneD.Cert.m ThomsonN7.SlabOneD.Par ThomsonN7.SlabOneD.Cert.diffZ ThomsonN7.SlabOneD.Cert.Lam
ThomsonN7.Case1Data.S3_B_l_5	def	9920	9920	
ThomsonN7.M2.Pl.eval.eq_1	theorem	0	0	ThomsonN7.M2.K8 ThomsonN7.M2.Pl.eval
ThomsonN7.ThreePoint.inner_coords	theorem	1019	1020	ThomsonN7.R3
ThomsonN7.Kron.digit_unique	theorem	1846	1879	ThomsonN7.Kron.digit_unique._proof_2 ThomsonN7.Kron.digit_unique._proof_1 ThomsonN7.Kron.digit_unique._proof_4 ThomsonN7.Kron.digit_unique._proof_3
ThomsonN7.Reg.mlo_2	theorem	6965	6966	ThomsonN7.Reg.mon_lo ThomsonN7.Reg.InBox
ThomsonN7.Reg.CP_56	def	6793	6793	ThomsonN7.triCapPrism._proof_1 ThomsonN7.triCapPrism._proof_2 ThomsonN7.RegB.phiCos._proof_3 ThomsonN7.Reg.CP_56._proof_1 ThomsonN7.Base.c1._proof_1 ThomsonN7.Reg.CP_56._proof_2
ThomsonN7.M3.cP.eq_1	theorem	0	0	ThomsonN7.M3.cP._proof_1 ThomsonN7.M3.cP
ThomsonN7.Case1Data.S5_B_D_14	def	10117	10117	
ThomsonN7.Cert.rowsN_spec	theorem	14572	14589	ThomsonN7.Cert.offB ThomsonN7.Cert.rowsN_spec._proof_1 ThomsonN7.Cert.dotN ThomsonN7.Cert.rowsN ThomsonN7.Cert.rowsN_spec._proof_2 ThomsonN7.Cert.dotN_spec ThomsonN7.Cert.unpackM ThomsonN7.Cert.unpackI
ThomsonN7.Reg.g_2_0	theorem	4232	4233	ThomsonN7.Base.c2 ThomsonN7.Reg.g_0_2 ThomsonN7.R3 ThomsonN7.pentBipyramid
ThomsonN7.Reg.kk_1_6	theorem	7796	7798	ThomsonN7.Reg.cross_of_enc
ThomsonN7.Reg.InBox._proof_11	theorem	0	0	
ThomsonN7.Case1Data.F3_d	def	9634	9634	
ThomsonN7.Reg.W_1_2	theorem	4349	4350	ThomsonN7.Reg.W ThomsonN7.Reg.W_ne ThomsonN7.Reg.g_1_2 ThomsonN7.Base.phi ThomsonN7.R3 ThomsonN7.Base.c1 ThomsonN7.pentBipyramid
ThomsonN7.CutOneD.Cert._sizeOf_inst	def	0	0	ThomsonN7.CutOneD.Cert._sizeOf_1 ThomsonN7.CutOneD.Cert
ThomsonN7.Cert.TBlk.Bl	def	14089	14089	ThomsonN7.Cert.TBlk
ThomsonN7.SlabOneD.l1._sunfold	def	0	0	ThomsonN7.SlabOneD.l1 ThomsonN7.CutOneD.compQ.match_1
ThomsonN7.Cert.tc_s98_96_SA2	def	16606	16610	ThomsonN7.Cert.TBlk ThomsonN7.Cert.TBlk.mk
ThomsonN7.Kron.Ex.add.inj	theorem	0	0	ThomsonN7.Kron.Ex.add ThomsonN7.Kron.Ex.add.noConfusion ThomsonN7.Kron.Ex
ThomsonN7.Case1Data.S3_B_l_34	def	9949	9949	
ThomsonN7.Case1Data.S0_B_D_23	def	9725	9725	
ThomsonN7.Case1Data.S5_B_D_24	def	10127	10127	
ThomsonN7.SlabOneD.sqSumZ._sunfold	def	0	0	ThomsonN7.SlabOneD.sqSumZ ThomsonN7.CutOneD.sqSum.match_1 ThomsonN7.SlabOneD.evalZ
_private.ThomsonN7.Solution.0.ThomsonN7.CutOneD.pmul.match_1.splitter	def	0	0	ThomsonN7.CutOneD.pmul.match_1
ThomsonN7.Reg.exists_gauge	theorem	4835	4875	ThomsonN7.Reg.isoOfMem ThomsonN7.Reg.max_score_stationary ThomsonN7.cyl._proof_1 ThomsonN7.R3 ThomsonN7.Reg.procScore ThomsonN7.Reg.IsoSet ThomsonN7.Reg.exists_max_score ThomsonN7.Reg.id_mem_isoSet
ThomsonN7.Reg.enc_45	theorem	7615	7626	ThomsonN7.triCapPrism._proof_1 ThomsonN7.Reg.mlo_22 ThomsonN7.Reg.mhi_22 ThomsonN7.Reg.mlo_6 ThomsonN7.Reg.mhi_20 ThomsonN7.cyl._proof_1 ThomsonN7.Reg.mlo_20 ThomsonN7.Reg.mhi_6 ThomsonN7.Reg.InBox ThomsonN7.Reg.mhi_8 ThomsonN7.Reg.mlo_8 ThomsonN7.Base.c1._proof_1 ThomsonN7.Reg.CP_45
ThomsonN7.SlabOneD.pneg	def	15133	15134	
ThomsonN7.Reg.pc_0_1	theorem	8317	8318	ThomsonN7.R3 ThomsonN7.Reg.pent_0 ThomsonN7.pentBipyramid
ThomsonN7.Glue.Coerce.BPiece	induct	12960	12968	ThomsonN7.Glue.Coerce.BPiece.mk
ThomsonN7.Glue.Coerce.Contact1.pieces	def	13180	13180	ThomsonN7.Glue.Coerce.BPiece ThomsonN7.Glue.Coerce.Contact1
ThomsonN7.Reg.Dpair_lower	theorem	8914	8947	ThomsonN7.Reg.tau ThomsonN7.Reg.tau_expand ThomsonN7.triCapPrism._proof_1 ThomsonN7.Base.phi_pos ThomsonN7.Base.pent_norm ThomsonN7.Base.phi ThomsonN7.Reg.gP ThomsonN7.cyl._proof_1 ThomsonN7.R3 ThomsonN7.pentBipyramid._proof_1 ThomsonN7.Reg.pair_rem ThomsonN7.Reg.Dpair ThomsonN7.pentBipyramid ThomsonN7.Reg.gP_lt_one
ThomsonN7.SlabOneD.Slab_s96_94.certHA_ok._proof_1	theorem	0	0	ThomsonN7.SlabOneD.Slab_s96_94.parHA ThomsonN7.SlabOneD.Cert.check ThomsonN7.SlabOneD.Slab_s96_94.certHA
ThomsonN7.CutOneD.compQ.eq_1	theorem	0	0	ThomsonN7.CutOneD.compQ
ThomsonN7.T4.sig7_injective._proof_3	theorem	0	0	ThomsonN7.T4.sig7._proof_3 ThomsonN7.T4.sig7._proof_4 ThomsonN7.T4.pentIdx._proof_2
ThomsonN7.SlabOneD.Slab_s93_90.certHB	def	17773	17777	ThomsonN7.SlabOneD.Cert.mk ThomsonN7.SlabOneD.Term ThomsonN7.SlabOneD.Slab_s93_90.termHB_3 ThomsonN7.SlabOneD.Cert ThomsonN7.SlabOneD.Slab_s93_90.termHB_2 ThomsonN7.SlabOneD.Slab_s93_90.termHB_1 ThomsonN7.SlabOneD.Slab_s93_90.termHB_0
ThomsonN7.Case1Data.S6_B_D_21	def	10200	10200	
ThomsonN7.Case1Data.S6_B_D_30	def	10209	10209	
ThomsonN7.Reg.g_1_6	theorem	4229	4230	ThomsonN7.Base.pent_inner_south ThomsonN7.R3 ThomsonN7.pentBipyramid
ThomsonN7.Cert.TCert.bd	def	14845	14845	ThomsonN7.Cert.TCert
ThomsonN7.Case1Data.S4_B_D_20	def	10047	10047	
ThomsonN7.Case1.pole_count._proof_1	theorem	0	0	ThomsonN7.R3 ThomsonN7.TwoRegime.cnt
ThomsonN7.Cert.mxs.eq_1	theorem	0	0	ThomsonN7.Cert.proj ThomsonN7.Cert.mxs
ThomsonN7.Reg.kk_8_19	theorem	8024	8026	ThomsonN7.Reg.cross_of_enc
ThomsonN7.M3.cP	def	3347	3353	ThomsonN7.M3.cP._proof_1
ThomsonN7.Glue.Coerce.Contact1R.factor	theorem	13546	13552	ThomsonN7.Glue.Coerce.Contact1R.pieces ThomsonN7.Glue.Coerce.Contact1R.check ThomsonN7.Glue.Coerce.Contact1R.R ThomsonN7.Glue.Coerce.Contact1R.q ThomsonN7.CutOneD.pneg ThomsonN7.CutOneD.padd ThomsonN7.CutOneD.peval_padd ThomsonN7.Glue.Coerce.Contact1R.g0n ThomsonN7.Glue.Coerce.chainOK ThomsonN7.Glue.Coerce.Fpoly ThomsonN7.Glue.Coerce.Contact1R.p ThomsonN7.Glue.Coerce.Contact1R.s ThomsonN7.Glue.Coerce.Contact1R.piecesR ThomsonN7.Glue.Coerce.Contact1R.G ThomsonN7.Glue.Coerce.lin ThomsonN7.CutOneD.peval_pscale ThomsonN7.CutOneD.pscale ThomsonN7.Glue.Coerce.Contact1R.Dq ThomsonN7.Glue.Coerce.Contact1R ThomsonN7.CutOneD.peval_eq_zero_of_all ThomsonN7.CutOneD.pmul ThomsonN7.Glue.Coerce.peval_lin ThomsonN7.Glue.Coerce.Contact1R.g0d ThomsonN7.CutOneD.peval_pmul ThomsonN7.CutOneD.peval ThomsonN7.Glue.Coerce.Contact1R.Q ThomsonN7.CutOneD.peval_pneg
ThomsonN7.SlabOneD.Slab_s96_94.termHC_0	def	17130	17131	ThomsonN7.SlabOneD.Term ThomsonN7.SlabOneD.Term.mk
ThomsonN7.M2.instDecidableEqK8.decEq._proof_5	theorem	0	0	ThomsonN7.M2.K8 ThomsonN7.M2.K8.mk.noConfusion ThomsonN7.M2.K8.mk
ThomsonN7.triCapPrism_injective._proof_4	theorem	0	0	
ThomsonN7.Cert.kw	def	14132	14134	ThomsonN7.Cert.zt
ThomsonN7.Glue.polyR_eq_cut	theorem	15756	15759	ThomsonN7.Cert.polyR ThomsonN7.SlabOneD.peval ThomsonN7.Glue.polyR_eq_peval ThomsonN7.CutOneD.peval ThomsonN7.Glue.slab_peval_eq_cut
ThomsonN7.Reg.InBox._proof_7	theorem	0	0	
ThomsonN7.M2.kA	def	3127	3128	ThomsonN7.M2.K8 ThomsonN7.M2.K8.mk
ThomsonN7.Case1Data.S1_B_D_0	def	9799	9799	
ThomsonN7.Reg.enc_14	theorem	7237	7262	ThomsonN7.Reg.mlo_10 ThomsonN7.Reg.mlo_18 ThomsonN7.Reg.mlo_16 ThomsonN7.Reg.mhi_3 ThomsonN7.triCapPrism._proof_1 ThomsonN7.Reg.mhi_29 ThomsonN7.Reg.mhi_19 ThomsonN7.Reg.mlo_17 ThomsonN7.Reg.mhi_30 ThomsonN7.Reg.mhi_18 ThomsonN7.Reg.mhi_10 ThomsonN7.Reg.mlo_3 ThomsonN7.Reg.mhi_5 ThomsonN7.Reg.mhi_27 ThomsonN7.Reg.mhi_17 ThomsonN7.Reg.mlo_5 ThomsonN7.Reg.CP_14 ThomsonN7.Reg.mhi_16 ThomsonN7.cyl._proof_1 ThomsonN7.RegB.phiCos._proof_1 ThomsonN7.Reg.mlo_27 ThomsonN7.Reg.mhi_2 ThomsonN7.Reg.InBox ThomsonN7.Reg.mlo_2 ThomsonN7.Reg.mlo_29 ThomsonN7.Reg.mlo_30 ThomsonN7.Reg.mlo_19 ThomsonN7.Reg.CP_14._proof_1
ThomsonN7.Reg.kk_13_16	theorem	8123	8125	ThomsonN7.Reg.cross_of_enc
ThomsonN7.SlabOneD.peval._f	def	0	0	ThomsonN7.CutOneD.peval.match_1
ThomsonN7.Reg.pb_1_6	theorem	8820	8821	ThomsonN7.Reg.phi_zero_le ThomsonN7.Base.phi ThomsonN7.Reg.gP ThomsonN7.Reg.gP_1_6
ThomsonN7.Kron.Ex.kev.eq_4	theorem	0	0	ThomsonN7.Kron.Ex.mul ThomsonN7.Kron.Ex.kev ThomsonN7.Kron.Ex
ThomsonN7.Cert.SBlk.mk.sizeOf_spec	theorem	0	0	ThomsonN7.Cert.SBlk ThomsonN7.Cert.Blk ThomsonN7.Cert.SBlk._sizeOf_inst ThomsonN7.Cert.SBlk.mk ThomsonN7.Cert.Blk._sizeOf_inst
ThomsonN7.RegB.sum_pairs_seven	theorem	4896	4910	
ThomsonN7.SlabOneD.sumTermsB.eq_def	theorem	0	0	ThomsonN7.SlabOneD.sumTermsB._f ThomsonN7.SlabOneD.sumTerms.match_1 ThomsonN7.SlabOneD.Term ThomsonN7.SlabOneD.Term.sq ThomsonN7.SlabOneD.multB ThomsonN7.SlabOneD.sqSumB _private.ThomsonN7.Solution.0.ThomsonN7.SlabOneD.sumTerms.match_1.splitter ThomsonN7.SlabOneD.Par ThomsonN7.SlabOneD.sumTermsB
ThomsonN7.Case1Data.S2_B_l_10	def	9849	9849	
ThomsonN7.Case1Data.S6_B_D_10	def	10189	10189	
ThomsonN7.CutOneD.pmul._sunfold	def	0	0	ThomsonN7.CutOneD.padd ThomsonN7.CutOneD.pscale ThomsonN7.CutOneD.pmul.match_1 ThomsonN7.CutOneD.pmul
ThomsonN7.CutOneD.padd._unsafe_rec	def	0	0	ThomsonN7.CutOneD.padd._unsafe_rec ThomsonN7.CutOneD.padd.match_1
ThomsonN7.Cert.TCert._sizeOf_1	def	0	0	ThomsonN7.Cert.Blk ThomsonN7.Cert.TBlk ThomsonN7.Cert.TBlk._sizeOf_inst ThomsonN7.Cert.TCert ThomsonN7.Cert.TCert.rec ThomsonN7.Cert.Blk._sizeOf_inst
ThomsonN7.SlabOneD.Slab_s99_98.parHA.eq_1	theorem	0	0	ThomsonN7.SlabOneD.Slab_s99_98.parHA ThomsonN7.SlabOneD.Par.mk ThomsonN7.SlabOneD.Par
ThomsonN7.Cert.Cert3.recOn	def	2637	2648	ThomsonN7.Cert.Cert3 ThomsonN7.Cert.Cert3.mk ThomsonN7.Cert.SBlk ThomsonN7.Cert.Blk ThomsonN7.Cert.Cert3.rec
ThomsonN7.ThreePoint.H7_eq._proof_4	theorem	0	0	
ThomsonN7.SlabOneD.cqB.eq_1	theorem	0	0	ThomsonN7.SlabOneD.cqB
ThomsonN7.Reg.kk_6_16	theorem	7967	7969	ThomsonN7.Reg.cross_of_enc
ThomsonN7.Case1Data.S0_B_D_47	def	9749	9749	
ThomsonN7.tri_bot	theorem	136	139	ThomsonN7.triCapPrism._proof_1 ThomsonN7.tri_bot._proof_1 ThomsonN7.triCapPrism._proof_2 ThomsonN7.cyl._proof_1 ThomsonN7.R3 ThomsonN7.cyl ThomsonN7.triCapPrism
ThomsonN7.Cert.perm3.eq_1	theorem	0	0	ThomsonN7.Cert.perm3
ThomsonN7.Case1Data.F0_d	def	9592	9592	
ThomsonN7.Reg.enc_18	theorem	7297	7308	ThomsonN7.triCapPrism._proof_1 ThomsonN7.Reg.mhi_29 ThomsonN7.Reg.mlo_17 ThomsonN7.Reg.mlo_24 ThomsonN7.Reg.mhi_17 ThomsonN7.cyl._proof_1 ThomsonN7.RegB.phiCos._proof_1 ThomsonN7.Reg.mhi_2 ThomsonN7.Reg.InBox ThomsonN7.Reg.mlo_2 ThomsonN7.Reg.mlo_29 ThomsonN7.Reg.CP_18 ThomsonN7.Reg.mhi_24
ThomsonN7.SlabOneD.Slab_s94_93.certHC_ok._proof_1	theorem	0	0	ThomsonN7.SlabOneD.Slab_s94_93.certHC ThomsonN7.SlabOneD.Cert.check ThomsonN7.SlabOneD.Slab_s94_93.parHC
ThomsonN7.Cert.sqfE_nonneg	theorem	2502	2505	ThomsonN7.Cert.Blk.del ThomsonN7.Cert.Blk.qf_nonneg ThomsonN7.Cert.Blk.ok ThomsonN7.Cert.Blk ThomsonN7.Cert.ev_sqfE ThomsonN7.Kron.Ex.ev ThomsonN7.Cert.Blk.lq ThomsonN7.Cert.Blk.dq ThomsonN7.Cert.sqfE ThomsonN7.Cert.zval
ThomsonN7.Case1Data.S5_B_l_1	def	10068	10068	
ThomsonN7.Cert.tc_s96_94_meta	theorem	17043	17043	ThomsonN7.Cert.tc_s96_94_meta._proof_1 ThomsonN7.Cert.TCert.checkMeta ThomsonN7.Cert.tc_s96_94
ThomsonN7.Reg.g_6_3	theorem	4315	4316	ThomsonN7.R3 ThomsonN7.Reg.g_3_6 ThomsonN7.pentBipyramid
ThomsonN7.SlabOneD.Slab_s99_98.HB_le_phi	theorem	16465	16468	ThomsonN7.SlabOneD.Cert.sound ThomsonN7.SlabOneD.Slab_s99_98.parHB ThomsonN7.SlabOneD.peval ThomsonN7.SlabOneD.Cert.Q ThomsonN7.SlabOneD.Par.mu2 ThomsonN7.SlabOneD.Par.nu1 ThomsonN7.SlabOneD.Par.mu1 ThomsonN7.SlabOneD.Slab_s99_98.certHB ThomsonN7.SlabOneD.Slab_s99_98.certHB_ok ThomsonN7.SlabOneD.Cert.Lam ThomsonN7.SlabOneD.Par.nu2
ThomsonN7.M3.det4h.eq_1	theorem	0	0	ThomsonN7.M3.det4h ThomsonN7.cyl._proof_1
ThomsonN7.Glue.Coerce.chainOK_nonneg	theorem	13003	13034	ThomsonN7.Glue.Coerce.BPiece.Lam ThomsonN7.Glue.Coerce.BPiece.u1 ThomsonN7.Glue.Coerce.chainOK ThomsonN7.Glue.Coerce.BPiece.nonneg ThomsonN7.Glue.Coerce.BPiece.w1 ThomsonN7.Glue.Coerce.BPiece.w2 ThomsonN7.Glue.Coerce.BPiece.diff ThomsonN7.Glue.Coerce.BPiece.u2 ThomsonN7.Glue.Coerce.BPiece.check ThomsonN7.Glue.Coerce.BPiece ThomsonN7.CutOneD.peval
ThomsonN7.Case1Data.S2_B_D_3	def	9878	9878	
ThomsonN7.Reg.planeRot._proof_5	theorem	0	0	ThomsonN7.R3
ThomsonN7.Reg.CP_59	def	6796	6796	ThomsonN7.Reg.CP_59._proof_1 ThomsonN7.Reg.CP_59._proof_2
ThomsonN7.SlabOneD.Term.rec	rec	15217	15223	ThomsonN7.SlabOneD.Term ThomsonN7.SlabOneD.Term.mk
ThomsonN7.Case1Data.S2_B_D_13	def	9888	9888	
ThomsonN7.Cert.sblkE_nonneg	theorem	2616	2619	ThomsonN7.Cert.SBlk.g ThomsonN7.Cert.perm3 ThomsonN7.Kron.Ex.mul ThomsonN7.Cert.Blk.ok ThomsonN7.Cert.SBlk.σ ThomsonN7.Cert.SBlk ThomsonN7.Cert.sqfE_nonneg ThomsonN7.Kron.Ex.ev_mul ThomsonN7.Kron.Ex.ev ThomsonN7.Cert.SBlk.z ThomsonN7.Cert.sbst ThomsonN7.Cert.ev_sbst ThomsonN7.Cert.GramCut ThomsonN7.Cert.gE ThomsonN7.Cert.sblkE ThomsonN7.Kron.Ex ThomsonN7.Cert.gE_nonneg ThomsonN7.Kron.Ex.varVal ThomsonN7.Cert.sblkE.eq_1 ThomsonN7.Cert.SBlk.B ThomsonN7.Cert.sqfE ThomsonN7.Cert.gramCut_perm3
ThomsonN7.Glue.Coerce.BPiece._sizeOf_inst	def	0	0	ThomsonN7.Glue.Coerce.BPiece._sizeOf_1 ThomsonN7.Glue.Coerce.BPiece
ThomsonN7.M2.Pl.eval.match_1	def	0	0	ThomsonN7.M2.K8
ThomsonN7.Cert.tc_cap_SA4	def	15977	15981	ThomsonN7.Cert.TBlk ThomsonN7.Cert.TBlk.mk
ThomsonN7.Cert.TCert.FG	def	14891	14892	ThomsonN7.Cert.TCert.SRE ThomsonN7.Cert.TCert.SPE ThomsonN7.Cert.lamGE ThomsonN7.Cert.TCert.cbe ThomsonN7.Cert.TCert.ψCb ThomsonN7.Cert.TCert.mG ThomsonN7.Cert.TCert.cal ThomsonN7.Cert.TCert ThomsonN7.Kron.Ex ThomsonN7.Kron.Ex.smul ThomsonN7.Cert.TCert.HC ThomsonN7.Cert.TCert.e
ThomsonN7.Reg.pb_0_3	theorem	8796	8797	ThomsonN7.Reg.phi_c2_le ThomsonN7.Base.c2 ThomsonN7.Base.phi ThomsonN7.Reg.gP ThomsonN7.Reg.gP_0_3
ThomsonN7.pentBipyramid.eq_1	theorem	0	0	ThomsonN7.cyl._proof_1 ThomsonN7.R3 ThomsonN7.pentBipyramid._proof_1 ThomsonN7.cyl ThomsonN7.pentBipyramid
ThomsonN7.M2.H_eq_phi_of_factor	theorem	3268	3277	ThomsonN7.M2.H ThomsonN7.M2.phi_sub_H ThomsonN7.M2.ra ThomsonN7.M2.rs2 ThomsonN7.M2.rb ThomsonN7.M2.Pl.eval ThomsonN7.M2.qlist
ThomsonN7.Glue.Coerce.lin	def	13182	13183	
ThomsonN7.T4.col	def	11762	11765	ThomsonN7.cyl._proof_1 ThomsonN7.R3 ThomsonN7.M3.cosB
ThomsonN7.Case1Data.F0_l_0	def	9593	9593	
ThomsonN7.Case1Data.S6_B_D_19	def	10198	10198	
ThomsonN7.ThreePoint.dsum_nonneg	theorem	1011	1017	ThomsonN7.ThreePoint.dsum
ThomsonN7.M2.H_eq_phi_of_node	theorem	3279	3295	ThomsonN7.M2.H ThomsonN7.M2.rs2_sq ThomsonN7.M2.rb_pos ThomsonN7.M2.ra ThomsonN7.M2.rs2 ThomsonN7.M2.rb_sq ThomsonN7.cyl._proof_1 ThomsonN7.M2.H_eq_phi_of_factor ThomsonN7.M2.rb ThomsonN7.M2.rs2_pos
ThomsonN7.Kron.Ex.Wk.eq_1	theorem	0	0	ThomsonN7.Kron.Ex.Wk
ThomsonN7.Reg.enc_32	theorem	7457	7466	ThomsonN7.Reg.mlo_10 ThomsonN7.Reg.mhi_10 ThomsonN7.Reg.CP_32 ThomsonN7.Reg.mhi_27 ThomsonN7.Reg.mlo_27 ThomsonN7.Reg.mhi_2 ThomsonN7.Reg.InBox ThomsonN7.Reg.mlo_2 ThomsonN7.Base.c1._proof_1
ThomsonN7.Kron.Ex.c.inj	theorem	0	0	ThomsonN7.Kron.Ex.c ThomsonN7.Kron.Ex ThomsonN7.Kron.Ex.c.noConfusion
ThomsonN7.ThreePoint.first_variation'	theorem	1353	1375	ThomsonN7.ThreePoint.first_variation ThomsonN7.R3 ThomsonN7.ThreePoint.EH
ThomsonN7.Case1Data.F0_l_1	def	9594	9594	
ThomsonN7.Case1Data.S4_B_l_29	def	10020	10020	
ThomsonN7.Reg.kk_0_6	theorem	7772	7774	ThomsonN7.Reg.cross_of_enc
ThomsonN7.Reg.enc_52	theorem	7693	7702	ThomsonN7.Reg.CP_52 ThomsonN7.triCapPrism._proof_1 ThomsonN7.Reg.mhi_33 ThomsonN7.Reg.mlo_22 ThomsonN7.Reg.mhi_23 ThomsonN7.Reg.mhi_22 ThomsonN7.Reg.mlo_33 ThomsonN7.Reg.mlo_23 ThomsonN7.triCapPrism._proof_2 ThomsonN7.Reg.InBox
ThomsonN7.Cert.Blk.qf_ent_nonneg	theorem	2392	2395	ThomsonN7.Cert.Blk.qf_ent ThomsonN7.Cert.Blk.del ThomsonN7.Cert.Blk.qf_nonneg ThomsonN7.Cert.Blk.ok ThomsonN7.Cert.Blk ThomsonN7.Cert.Blk.lq ThomsonN7.Cert.Blk.dq ThomsonN7.Cert.Blk.ent
ThomsonN7.Reg.kk_17_20	theorem	8195	8197	ThomsonN7.Reg.cross_of_enc
ThomsonN7.Cert.getD_tail_succ'	theorem	13829	13830	
ThomsonN7.Reg.kk_15_16	theorem	8156	8158	ThomsonN7.Reg.cross_of_enc
ThomsonN7.Glue.sqrt5_enc60	theorem	12832	12835	
ThomsonN7.Reg.planeRot._proof_3	theorem	0	0	ThomsonN7.R3
ThomsonN7.T4.pidx.eq_1	theorem	0	0	ThomsonN7.T4.pidx
ThomsonN7.Reg.mlo_32	theorem	7085	7086	ThomsonN7.Reg.mon_lo ThomsonN7.Reg.InBox
ThomsonN7.Case1Data.S0_B_D_34	def	9736	9736	
ThomsonN7.Case1Data.S0_B_l_39	def	9684	9684	
ThomsonN7.Reg.W_3_6	theorem	4401	4402	ThomsonN7.Reg.W ThomsonN7.Reg.W_ne ThomsonN7.Base.phi ThomsonN7.R3 ThomsonN7.Reg.g_3_6 ThomsonN7.pentBipyramid
ThomsonN7.Cert.tc_s98_96_SB2	def	16642	16646	ThomsonN7.Cert.TBlk ThomsonN7.Cert.TBlk.mk
ThomsonN7.Kron.Ex.Wk_add	theorem	1727	1732	ThomsonN7.Kron.Ex.Wk
ThomsonN7.Reg.inner_coord	theorem	8290	8292	ThomsonN7.R3
ThomsonN7.Glue.Coerce.Fpoly.eq_1	theorem	0	0	ThomsonN7.CutOneD.compQ ThomsonN7.CutOneD.pneg ThomsonN7.CutOneD.padd ThomsonN7.Glue.Coerce.Fpoly ThomsonN7.CutOneD.pmul
ThomsonN7.ThreePoint.Q3._sunfold	def	0	0	ThomsonN7.ThreePoint.Q3 ThomsonN7.cyl._proof_1 ThomsonN7.ThreePoint.Q3.match_1
ThomsonN7.M3.eq_of_inner_eq	theorem	3761	3774	ThomsonN7.R3
ThomsonN7.RegB.t0_lt_one	theorem	5163	5164	ThomsonN7.Base.inner_lt_one_of_ne ThomsonN7.Base.pent_norm ThomsonN7.R3 ThomsonN7.RegB.t0 ThomsonN7.pentBipyramid_injective ThomsonN7.pentBipyramid
ThomsonN7.SlabOneD.sqSumB.eq_def	theorem	0	0	ThomsonN7.CutOneD.sqSum.match_1 ThomsonN7.SlabOneD.sqSumB._f ThomsonN7.SlabOneD.sqSumB ThomsonN7.SlabOneD.l1 _private.ThomsonN7.Solution.0.ThomsonN7.CutOneD.sqSum.match_1.splitter
ThomsonN7.Cert.degK_sumE_map._proof_1	theorem	0	0	ThomsonN7.Kron.Ex ThomsonN7.Kron.Ex.sumE ThomsonN7.Cert.degK
ThomsonN7.Reg.kk_2_14	theorem	7832	7834	ThomsonN7.Reg.cross_of_enc
ThomsonN7.Cert.Blk.Δ	def	2163	2163	ThomsonN7.Cert.Blk
ThomsonN7.Glue.cap_of_typed_tube._proof_5	theorem	0	0	
ThomsonN7.SlabOneD.Slab_s94_93.termHA_1	def	17396	17397	ThomsonN7.SlabOneD.Term ThomsonN7.SlabOneD.Term.mk
ThomsonN7.Glue.Coerce.Contact1R.mk._flat_ctor	def	0	0	ThomsonN7.Glue.Coerce.Contact1R.mk ThomsonN7.Glue.Coerce.Contact1R ThomsonN7.Glue.Coerce.BPiece
ThomsonN7.TwoRegime.seven_of_menu	theorem	6369	6393	ThomsonN7.coulombEnergy ThomsonN7.SphereConfig ThomsonN7.TwoRegime.local_of_windowA ThomsonN7.R3 ThomsonN7.pentBipyramid ThomsonN7.TwoRegime.LocalGramA ThomsonN7.TwoRegime.cnt ThomsonN7.TwoRegime.InWindow
ThomsonN7.T4.sig7._proof_2	theorem	0	0	
ThomsonN7.Reg.InBox._proof_2	theorem	0	0	
ThomsonN7.SlabOneD.Par.mk.inj	theorem	0	0	ThomsonN7.SlabOneD.Par.mk.noConfusion ThomsonN7.SlabOneD.Par.mk ThomsonN7.SlabOneD.Par
ThomsonN7.Cert.tc_cap_meta._proof_1	theorem	0	0	ThomsonN7.Cert.TCert.checkMeta ThomsonN7.Cert.tc_cap
ThomsonN7.Cert.mxs	def	14320	14321	ThomsonN7.Cert.proj
ThomsonN7.Cert.TCert.Lam	def	14841	14841	ThomsonN7.Cert.TCert
ThomsonN7.Reg.enc_1	theorem	7127	7134	ThomsonN7.triCapPrism._proof_1 ThomsonN7.Reg.mhi_19 ThomsonN7.Reg.mlo_4 ThomsonN7.Reg.InBox ThomsonN7.Reg.CP_1 ThomsonN7.Reg.mhi_4 ThomsonN7.Reg.mlo_19
ThomsonN7.Case1Data.S2_B_l_20	def	9859	9859	
_private.ThomsonN7.Solution.0.ThomsonN7.M2.Pl.pow.match_1.eq_2	theorem	0	0	ThomsonN7.M2.Pl.pow.match_1
ThomsonN7.Kron.Ex.Wk	def	1724	1725	
ThomsonN7.Reg.crit_2_x	theorem	4472	4474	ThomsonN7.Reg.hF1 ThomsonN7.Base.c2 ThomsonN7.Base.c1 ThomsonN7.Reg.hF4
ThomsonN7.Glue.Coerce.Contact1.p	def	13175	13175	ThomsonN7.Glue.Coerce.Contact1
ThomsonN7.Reg.pc_4_2	theorem	8343	8344	ThomsonN7.Reg.s1 ThomsonN7.R3 ThomsonN7.Base.c1 ThomsonN7.pentBipyramid ThomsonN7.Reg.pent_4
ThomsonN7.Cert.codeT_nonneg	theorem	14058	14066	ThomsonN7.Kron.Ex.sub ThomsonN7.Kron.Ex.U ThomsonN7.Kron.Ex.ev_U ThomsonN7.Cert.codeT ThomsonN7.Kron.Ex.ev ThomsonN7.Kron.Ex.ev_smul ThomsonN7.Cert.GramCut ThomsonN7.Kron.Ex.c ThomsonN7.Kron.Ex ThomsonN7.Kron.Ex.smul ThomsonN7.Kron.Ex.ev_sub ThomsonN7.Cert.codeE ThomsonN7.Cert.codeE_nonneg
ThomsonN7.RegB.t0_13	theorem	4934	4935	ThomsonN7.RegB.t0_ring_lt ThomsonN7.Base.cos_4pi5 ThomsonN7.Base.c2 ThomsonN7.RegB.t0
_private.ThomsonN7.Solution.0.ThomsonN7.Cert.codeE.match_1.eq_8	theorem	0	0	ThomsonN7.Cert.codeE.match_1
ThomsonN7.SlabOneD.sumTermsB.eq_2	theorem	0	0	ThomsonN7.SlabOneD.Term ThomsonN7.SlabOneD.Term.sq ThomsonN7.SlabOneD.multB ThomsonN7.SlabOneD.sqSumB ThomsonN7.SlabOneD.Par ThomsonN7.SlabOneD.sumTermsB
ThomsonN7.Reg.gP_0_2	theorem	8295	8295	ThomsonN7.Base.c2 ThomsonN7.Reg.g_0_2 ThomsonN7.Reg.gP
ThomsonN7.Case1Data.S7_B_l_8	def	10227	10227	
ThomsonN7.Reg.kk_18_18	theorem	8198	8200	ThomsonN7.Reg.diag_of_enc
ThomsonN7.Reg.planeRot._proof_1	theorem	0	0	ThomsonN7.R3
ThomsonN7.Cert.comb2._sparseCasesOn_1.else_eq	theorem	0	0	ThomsonN7.Cert.comb2._sparseCasesOn_1
ThomsonN7.Cert.tc_s93_90_FP5	def	17546	17549	ThomsonN7.Cert.Blk ThomsonN7.Cert.mkBlk
ThomsonN7.Reg.pent_critical_4	theorem	4564	4570	ThomsonN7.Reg.W ThomsonN7.Reg.W_4_2 ThomsonN7.Reg.s1 ThomsonN7.Reg.W_4_0 ThomsonN7.Base.c2 ThomsonN7.Reg.pent_2 ThomsonN7.Reg.W_4_4 ThomsonN7.Reg.W_4_3 ThomsonN7.Base.phi ThomsonN7.Reg.W_4_5 ThomsonN7.Reg.W_4_6 ThomsonN7.R3 ThomsonN7.Base.c1 ThomsonN7.Reg.pent_5' ThomsonN7.Reg.s2 ThomsonN7.Reg.pent_0 ThomsonN7.Reg.W_4_1 ThomsonN7.Reg.crit_4_y ThomsonN7.Reg.pent_6' ThomsonN7.Reg.muP ThomsonN7.pentBipyramid ThomsonN7.Reg.pent_3 ThomsonN7.Reg.pent_4 ThomsonN7.Reg.pent_1 ThomsonN7.Reg.muP_4 ThomsonN7.Reg.crit_4_x
_private.ThomsonN7.Solution.0.ThomsonN7.M2.Pl.add.match_1.eq_1	theorem	0	0	ThomsonN7.M2.K8 ThomsonN7.M2.Pl.add.match_1
ThomsonN7.Cert.Cert3.mk.noConfusion	def	2640	2640	ThomsonN7.Cert.Cert3 ThomsonN7.Cert.Cert3.noConfusion ThomsonN7.Cert.Cert3.mk ThomsonN7.Cert.SBlk ThomsonN7.Cert.Blk
ThomsonN7.SlabOneD.sqSum._f	def	0	0	ThomsonN7.SlabOneD.padd ThomsonN7.CutOneD.sqSum.match_1 ThomsonN7.SlabOneD.pmul ThomsonN7.SlabOneD.pscale
ThomsonN7.Reg.enc_34	theorem	7475	7482	ThomsonN7.Reg.mlo_7 ThomsonN7.triCapPrism._proof_1 ThomsonN7.Reg.CP_34 ThomsonN7.Reg.mlo_6 ThomsonN7.Reg.mhi_6 ThomsonN7.Reg.InBox ThomsonN7.Reg.mhi_7 ThomsonN7.Base.c1._proof_1
ThomsonN7.M2.K8._sizeOf_inst	def	0	0	ThomsonN7.M2.K8 ThomsonN7.M2.K8._sizeOf_1
ThomsonN7.Reg.sq_1	theorem	8238	8238	
_private.ThomsonN7.Solution.0.ThomsonN7.Cert.sqF.match_1.eq_2	theorem	0	0	ThomsonN7.Cert.sqF.match_1
ThomsonN7.Reg.CP_20	def	6757	6757	ThomsonN7.triCapPrism._proof_1 ThomsonN7.Base.c1._proof_1
ThomsonN7.Cert.hybChk_sound	theorem	14481	14527	ThomsonN7.Cert.TBlk.l1B ThomsonN7.Cert.hybChk_sound._proof_6 ThomsonN7.Kron.Ex.sub ThomsonN7.Cert.hybChk_sound._proof_7 ThomsonN7.Cert.gT ThomsonN7.Cert.idL ThomsonN7.Kron.Ex.dy ThomsonN7.Kron.Ex.ev_eq_zero_of_kev ThomsonN7.Cert.l1_sumE_map ThomsonN7.Cert.TBlk.g ThomsonN7.Kron.Ex.mul ThomsonN7.Kron.Ex.kev ThomsonN7.Kron.Ex.dz ThomsonN7.Cert.idT ThomsonN7.Cert.TBlk.wf ThomsonN7.Cert.degK_sumE_map ThomsonN7.Kron.Ex.dx ThomsonN7.Cert.idDeg.eq_1 ThomsonN7.Cert.idDeg ThomsonN7.Cert.degK_zero ThomsonN7.Cert.TBlk ThomsonN7.Kron.Ex.ev ThomsonN7.Cert.idL.eq_1 ThomsonN7.Cert.hybChk ThomsonN7.Cert.kev_sub ThomsonN7.Cert.hybVal ThomsonN7.Cert.l1_sub ThomsonN7.Cert.degK_one ThomsonN7.Cert.hybChk_sound._proof_5 ThomsonN7.Cert.hybChk_sound._proof_8 ThomsonN7.Cert.sqfF ThomsonN7.Cert.tblkE ThomsonN7.Cert.TBlk.z ThomsonN7.Cert.hybD ThomsonN7.Cert.kev_sumE_map ThomsonN7.Cert.tblkE.eq_1 ThomsonN7.Kron.Ex ThomsonN7.Cert.idT.eq_1 ThomsonN7.Kron.Ex.l1 ThomsonN7.Cert.degK_two ThomsonN7.Cert.hybW ThomsonN7.Cert.degK_tblkE_le ThomsonN7.Kron.Ex.kev.eq_4 ThomsonN7.Cert.mxs ThomsonN7.Cert.l1_tblkE_le ThomsonN7.Cert.TBlk.B ThomsonN7.Kron.Ex.sumE ThomsonN7.Cert.degK_sub ThomsonN7.Cert.degK
ThomsonN7.Glue.seven_unique	theorem	6470	6504	ThomsonN7.coulombEnergy ThomsonN7.Interfaces.congruent_of_nodes ThomsonN7.Interfaces.H_le_phi ThomsonN7.SphereConfig ThomsonN7.Base.IsNode ThomsonN7.Base.phi ThomsonN7.cyl._proof_1 ThomsonN7.R3 ThomsonN7.Interfaces.H ThomsonN7.Interfaces.SumHGe ThomsonN7.Base.coulombEnergy_eq_sum_phi ThomsonN7.pentBipyramid ThomsonN7.Interfaces.isNode_of_H_eq_phi ThomsonN7.Glue.pair_bounds
ThomsonN7.Cert.tc_s99_98_SA1	def	16271	16275	ThomsonN7.Cert.TBlk ThomsonN7.Cert.TBlk.mk
ThomsonN7.Glue.typed7_cls3	theorem	12526	12545	ThomsonN7.ThreePoint.typed7_bound ThomsonN7.Glue.cls3 ThomsonN7.ThreePoint.lamA ThomsonN7.SphereConfig ThomsonN7.ThreePoint.Sk ThomsonN7.ThreePoint.lamG ThomsonN7.Glue.sum_H7_eq_sum_cls3 ThomsonN7.ThreePoint.lamB ThomsonN7.R3 ThomsonN7.ThreePoint.GramOK ThomsonN7.ThreePoint.H7
ThomsonN7.M3.cos_pent._proof_8	theorem	0	0	
ThomsonN7.SlabOneD.Slab_s98_96.termHA_6	def	16753	16754	ThomsonN7.SlabOneD.Term ThomsonN7.SlabOneD.Term.mk
ThomsonN7.Glue.Coerce.ContactA.pieces	def	13367	13367	ThomsonN7.Glue.Coerce.BPiece ThomsonN7.Glue.Coerce.ContactA
ThomsonN7.Reg.CP_26.eq_1	theorem	0	0	ThomsonN7.triCapPrism._proof_2 ThomsonN7.cyl._proof_1 ThomsonN7.Reg.CP_26 ThomsonN7.Base.c1._proof_1
ThomsonN7.TwoRegime.cnt	def	6071	6073	ThomsonN7.cyl._proof_1 ThomsonN7.R3
ThomsonN7.Case1Data.S0_B_l_5	def	9650	9650	
ThomsonN7.Glue.Coerce.Contact1R.pieces	def	13535	13535	ThomsonN7.Glue.Coerce.Contact1R ThomsonN7.Glue.Coerce.BPiece
ThomsonN7.Cert.tc_s99_98_SG1	def	16337	16341	ThomsonN7.Cert.TBlk ThomsonN7.Cert.TBlk.mk
ThomsonN7.Cert.TCert.idG.eq_1	theorem	0	0	ThomsonN7.Cert.TCert.idG ThomsonN7.Cert.TCert.SG ThomsonN7.Cert.idT ThomsonN7.Cert.TCert.ad ThomsonN7.Cert.TCert.an ThomsonN7.Cert.TCert ThomsonN7.Kron.Ex ThomsonN7.Cert.TCert.FG
ThomsonN7.Cert.Blk.ctorIdx	def	0	0	ThomsonN7.Cert.Blk
ThomsonN7.Case1Data.S5_B_l_10	def	10077	10077	
ThomsonN7.Case1Data.S7_z	def	10262	10262	
ThomsonN7.Case1.c1Stat.eq_2	theorem	0	0	ThomsonN7.Case1.c1Stat ThomsonN7.Kron.Ex.mon ThomsonN7.Case1.C1Stat
ThomsonN7.Cert.tblkE	def	14098	14100	ThomsonN7.Cert.gT ThomsonN7.Cert.TBlk.g ThomsonN7.Kron.Ex.mul ThomsonN7.Cert.TBlk ThomsonN7.Cert.sqfF ThomsonN7.Cert.TBlk.z ThomsonN7.Kron.Ex ThomsonN7.Cert.TBlk.B
ThomsonN7.Kron.Ex.Wr_zero	theorem	1722	1722	ThomsonN7.Kron.Ex.Wr
ThomsonN7.Cert.tc_s94_93_SA5	def	17282	17286	ThomsonN7.Cert.TBlk ThomsonN7.Cert.TBlk.mk
ThomsonN7.Case1.c1Add.eq_1	theorem	0	0	ThomsonN7.Case1.C1Stat ThomsonN7.Case1.c1Add
ThomsonN7.SlabOneD.cqB._unsafe_rec	def	0	0	ThomsonN7.SlabOneD.cqB._unsafe_rec ThomsonN7.CutOneD.compQ.match_1
ThomsonN7.Case1Data.S6_B_D_15	def	10194	10194	
ThomsonN7.Glue.Coerce.Contact1.check	def	13188	13192	ThomsonN7.Glue.Coerce.Contact1.g0d ThomsonN7.CutOneD.pneg ThomsonN7.CutOneD.padd ThomsonN7.Glue.Coerce.chainOK ThomsonN7.Glue.Coerce.Contact1.Q ThomsonN7.Glue.Coerce.Fpoly ThomsonN7.Glue.Coerce.Contact1.pieces ThomsonN7.Glue.Coerce.Contact1.p ThomsonN7.Glue.Coerce.lin ThomsonN7.CutOneD.pscale ThomsonN7.CutOneD.pmul ThomsonN7.Glue.Coerce.Contact1 ThomsonN7.Glue.Coerce.Contact1.q ThomsonN7.Glue.Coerce.Contact1.g0n ThomsonN7.Glue.Coerce.Contact1.Dq ThomsonN7.Glue.Coerce.Contact1.G
ThomsonN7.Kron.Ex.ev_pw	theorem	2042	2047	_private.ThomsonN7.Solution.0.ThomsonN7.Kron.Ex.pw.match_1.eq_2 ThomsonN7.Kron.Ex.mon ThomsonN7.Kron.Ex.pw ThomsonN7.Kron.Ex.ev ThomsonN7.Kron.Ex.ev_pw.match_1 _private.ThomsonN7.Solution.0.ThomsonN7.Kron.Ex.pw.match_1.eq_4 ThomsonN7.Kron.Ex.c ThomsonN7.Kron.Ex _private.ThomsonN7.Solution.0.ThomsonN7.Kron.Ex.pw.match_1.eq_3 ThomsonN7.Kron.Ex.varVal _private.ThomsonN7.Solution.0.ThomsonN7.Kron.Ex.pw.match_1.eq_1
ThomsonN7.SlabOneD.evalZ_diff	theorem	15332	15335	ThomsonN7.SlabOneD.padd ThomsonN7.SlabOneD.sumTermsZ ThomsonN7.SlabOneD.evalZ_sumTerms ThomsonN7.SlabOneD.Cert.Q ThomsonN7.SlabOneD.evalZ_pscale ThomsonN7.SlabOneD.pmul ThomsonN7.SlabOneD.Cert.terms ThomsonN7.SlabOneD.evalZ_pneg ThomsonN7.SlabOneD.evalZ_compQ ThomsonN7.SlabOneD.sumTerms ThomsonN7.SlabOneD.Cert.diff ThomsonN7.SlabOneD.pscale ThomsonN7.SlabOneD.Cert ThomsonN7.SlabOneD.evalZ ThomsonN7.SlabOneD.evalZ_pmul ThomsonN7.SlabOneD.pneg ThomsonN7.SlabOneD.Cert.m ThomsonN7.SlabOneD.evalZ_padd ThomsonN7.SlabOneD.Par ThomsonN7.SlabOneD.Cert.diffZ ThomsonN7.SlabOneD.Cert.Lam ThomsonN7.SlabOneD.compQ
ThomsonN7.Cert.tc_s98_96_FP3	def	16549	16552	ThomsonN7.Cert.Blk ThomsonN7.Cert.mkBlk
ThomsonN7.Cert.unpackI	def	13778	13782	ThomsonN7.Cert.unpackI._f
ThomsonN7.Reg.mlo_28	theorem	7069	7070	ThomsonN7.Reg.mon_lo ThomsonN7.Reg.InBox
ThomsonN7.ThreePoint.typed7_bound	theorem	11250	11271	ThomsonN7.ThreePoint.lamA ThomsonN7.ThreePoint.Sk ThomsonN7.ThreePoint.lamG ThomsonN7.ThreePoint.lamB ThomsonN7.R3 ThomsonN7.ThreePoint.GramOK ThomsonN7.ThreePoint.typed7_bound_lo ThomsonN7.ThreePoint.H7
ThomsonN7.ThreePoint.kap.eq_1	theorem	0	0	ThomsonN7.ThreePoint.kap
ThomsonN7.SlabOneD.evalZ._unsafe_rec	def	0	0	ThomsonN7.SlabOneD.evalZ.match_1 ThomsonN7.SlabOneD.evalZ._unsafe_rec
ThomsonN7.Cert.gT	def	14068	14070	ThomsonN7.Kron.Ex.mul ThomsonN7.Cert.codeT ThomsonN7.Kron.Ex.c ThomsonN7.Kron.Ex
ThomsonN7.Cert.ev_rowF	theorem	13846	13859	ThomsonN7.Cert.getD_tail_succ ThomsonN7.Kron.Ex.mon ThomsonN7.Kron.Ex.ev ThomsonN7.Kron.Ex.add ThomsonN7.Cert.smulNZ ThomsonN7.Kron.Ex ThomsonN7.Cert.mv ThomsonN7.Kron.Ex.ev_add ThomsonN7.Cert.ev_smulNZ ThomsonN7.Cert.rowF ThomsonN7.Cert.rowF.eq_2
ThomsonN7.Case1Data.S2_B_D_22	def	9897	9897	
ThomsonN7.Kron.Ex.subst._sunfold	def	0	0	ThomsonN7.Kron.Ex.mul ThomsonN7.Kron.Ex.pw ThomsonN7.Kron.Ex.subst ThomsonN7.Kron.Ex.add ThomsonN7.Kron.Ex.ev.match_1 ThomsonN7.Kron.Ex.c ThomsonN7.Kron.Ex
ThomsonN7.SlabOneD.Slab_s99_98.parHC	def	16470	16470	ThomsonN7.SlabOneD.Par.mk ThomsonN7.SlabOneD.Par
ThomsonN7.Glue.seven	theorem	6462	6468	ThomsonN7.coulombEnergy ThomsonN7.Interfaces.H_le_phi ThomsonN7.SphereConfig ThomsonN7.Base.phi ThomsonN7.cyl._proof_1 ThomsonN7.R3 ThomsonN7.Interfaces.H ThomsonN7.Interfaces.SumHGe ThomsonN7.Base.coulombEnergy_eq_sum_phi ThomsonN7.pentBipyramid ThomsonN7.Glue.pair_bounds
ThomsonN7.Case1Data.S4	def	10065	10065	ThomsonN7.Case1Data.S4_B ThomsonN7.Cert.SBlk ThomsonN7.Cert.SBlk.mk ThomsonN7.Case1Data.S4_z
ThomsonN7.SlabOneD.Slab_s99_98.termHA_0	def	16406	16407	ThomsonN7.SlabOneD.Term ThomsonN7.SlabOneD.Term.mk
ThomsonN7.M3.tau	def	3357	3365	ThomsonN7.M3.cP._proof_1 ThomsonN7.M3.firstWhere
ThomsonN7.Cert.okF	def	13928	13932	ThomsonN7.Cert.domAll ThomsonN7.Cert.Blk.Δ ThomsonN7.Cert.Blk.d ThomsonN7.Cert.Blk ThomsonN7.Cert.transposeSq
ThomsonN7.M3.emb_apply	theorem	3581	3582	ThomsonN7.M3.emb ThomsonN7.pentBipyramid._proof_1 ThomsonN7.M3.sqrt5'._proof_1
ThomsonN7.Glue.Coerce.Contact1.q	def	13176	13176	ThomsonN7.Glue.Coerce.Contact1
ThomsonN7.Kron.Ex.kev.eq_def	theorem	0	0	ThomsonN7.Kron.Ex.kev._f ThomsonN7.Kron.Ex.below ThomsonN7.Kron.Ex.mul ThomsonN7.Kron.Ex.kev ThomsonN7.Kron.Ex.mon ThomsonN7.Kron.Ex.brecOn.go _private.ThomsonN7.Solution.0.ThomsonN7.Kron.Ex.ev.match_1.splitter ThomsonN7.Kron.Ex.add ThomsonN7.Kron.Ex.ev.match_1 ThomsonN7.Kron.Ex.c ThomsonN7.Kron.Ex ThomsonN7.Kron.Ex.rec ThomsonN7.Kron.Ex.brecOn.eq ThomsonN7.Kron.Ex.brecOn
ThomsonN7.Cert.tc_s98_96_B	theorem	16718	16718	ThomsonN7.Cert.tc_s98_96_B._proof_1 ThomsonN7.Cert.TCert.chkB ThomsonN7.Cert.tc_s98_96
ThomsonN7.M2.Pl.mul.match_1	def	0	0	ThomsonN7.M2.K8
ThomsonN7.Case1Data.S4_B_l_18	def	10009	10009	
ThomsonN7.M2.K8.toReal_neg	theorem	2891	2892	ThomsonN7.M2.K8.x4 ThomsonN7.M2.K8.x1 ThomsonN7.M2.K8 ThomsonN7.M2.K8.toReal ThomsonN7.M2.ra ThomsonN7.M2.K8.neg ThomsonN7.M2.K8.x3 ThomsonN7.M2.K8.x7 ThomsonN7.M2.rb ThomsonN7.M2.K8.x2 ThomsonN7.M2.K8.x6 ThomsonN7.M2.K8.x5 ThomsonN7.M2.K8.x0
ThomsonN7.Case1Data.S3_B_D_16	def	9967	9967	
ThomsonN7.Reg.CP_55	def	6792	6792	ThomsonN7.triCapPrism._proof_1 ThomsonN7.triCapPrism._proof_2
ThomsonN7.Case1Data.S4_B_D_34	def	10061	10061	
ThomsonN7.Case1Data.S6_B_D_9	def	10188	10188	
ThomsonN7.SlabOneD.Term.sq	def	15223	15223	ThomsonN7.SlabOneD.Term
ThomsonN7.Reg.pc_5_1	theorem	8347	8348	ThomsonN7.R3 ThomsonN7.Reg.pent_5' ThomsonN7.pentBipyramid
ThomsonN7.Case1Data.F2_D_3	def	9631	9631	
ThomsonN7.SlabOneD.peval.eq_1	theorem	0	0	ThomsonN7.SlabOneD.peval
ThomsonN7.pent_cases	theorem	98	99	
ThomsonN7.Case1Data.cf	def	10264	10267	ThomsonN7.Case1Data.F3 ThomsonN7.Case1Data.S0 ThomsonN7.Case1Data.S1 ThomsonN7.Cert.Cert3 ThomsonN7.Case1Data.S6 ThomsonN7.Case1Data.S5 ThomsonN7.Cert.Cert3.mk ThomsonN7.Case1Data.S2 ThomsonN7.Cert.SBlk ThomsonN7.Cert.Blk ThomsonN7.Case1Data.F1 ThomsonN7.Case1Data.S3 ThomsonN7.Case1Data.S7 ThomsonN7.Case1Data.h_ ThomsonN7.Case1Data.F2 ThomsonN7.Case1Data.S4 ThomsonN7.Case1Data.F0
ThomsonN7.SlabOneD.Slab_s98_96.termHC_1	def	16804	16805	ThomsonN7.SlabOneD.Term ThomsonN7.SlabOneD.Term.mk
ThomsonN7.Reg.pent_hasDerivAt_energy	theorem	4662	4696	ThomsonN7.coulombEnergy ThomsonN7.Reg.W ThomsonN7.Reg.W_ne ThomsonN7.Reg.pent_dE_zero ThomsonN7.Reg.hasDerivAt_phi ThomsonN7.Base.inner_lt_one_of_ne ThomsonN7.Base.pent_norm ThomsonN7.Base.phi ThomsonN7.R3 ThomsonN7.pentBipyramid_injective ThomsonN7.Base.coulombEnergy_eq_sum_phi ThomsonN7.pentBipyramid
ThomsonN7.Reg.gP_3_6	theorem	8311	8311	ThomsonN7.Reg.gP ThomsonN7.Reg.g_3_6
ThomsonN7.Kron.Ex._sizeOf_inst	def	0	0	ThomsonN7.Kron.Ex._sizeOf_1 ThomsonN7.Kron.Ex
ThomsonN7.Cert.TCert.FP	def	14854	14854	ThomsonN7.Cert.Blk ThomsonN7.Cert.TCert
_private.ThomsonN7.Solution.0.ThomsonN7.Cert.codeE.match_1.eq_3	theorem	0	0	ThomsonN7.Cert.codeE.match_1
ThomsonN7.Case1.c1Stat_eq	theorem	10314	10323	ThomsonN7.Kron.Ex.dy ThomsonN7.Kron.Ex.mul ThomsonN7.Kron.Ex.kev ThomsonN7.Case1.c1Stat ThomsonN7.Kron.Ex.dz ThomsonN7.Kron.Ex.dx ThomsonN7.Kron.Ex.mon ThomsonN7.Case1.C1Stat ThomsonN7.Kron.Ex.add ThomsonN7.Kron.Ex.c ThomsonN7.Kron.Ex ThomsonN7.Kron.Ex.l1 ThomsonN7.Kron.Ex.rec
ThomsonN7.Final.K.eq_1	theorem	0	0	ThomsonN7.Final.K
_private.ThomsonN7.Solution.0.ThomsonN7.Glue.Coerce.chainOK.match_1.eq_1	theorem	0	0	ThomsonN7.Glue.Coerce.chainOK.match_1 ThomsonN7.Glue.Coerce.BPiece
ThomsonN7.Reg.enc_55	theorem	7723	7732	ThomsonN7.triCapPrism._proof_1 ThomsonN7.Reg.mhi_33 ThomsonN7.Reg.mhi_23 ThomsonN7.Reg.mhi_32 ThomsonN7.Reg.mlo_32 ThomsonN7.Reg.mlo_33 ThomsonN7.Reg.mlo_23 ThomsonN7.Reg.CP_55 ThomsonN7.triCapPrism._proof_2 ThomsonN7.Reg.InBox
ThomsonN7.Reg.kk_6_7	theorem	7949	7951	ThomsonN7.Reg.cross_of_enc
ThomsonN7.Cert.transposeSq.match_1	def	0	0	
ThomsonN7.Reg.pb_2_3	theorem	8823	8824	ThomsonN7.Reg.phi_c1_le ThomsonN7.Reg.gP_2_3 ThomsonN7.Base.phi ThomsonN7.Reg.gP ThomsonN7.Base.c1
ThomsonN7.Case1Data.S4_B_D_31	def	10058	10058	
ThomsonN7.ThreePoint.isP.eq_1	theorem	0	0	ThomsonN7.ThreePoint.isP
ThomsonN7.TwoRegime.RegimeB	def	5671	5677	ThomsonN7.coulombEnergy ThomsonN7.SphereConfig ThomsonN7.R3 ThomsonN7.TwoRegime.sumW ThomsonN7.pentBipyramid
ThomsonN7.ThreePoint.critical_of_min	theorem	1377	1391	ThomsonN7.R3 ThomsonN7.ThreePoint.EH ThomsonN7.ThreePoint.first_variation'
ThomsonN7.Glue.Coerce.Contact2R.Q	def	13632	13632	ThomsonN7.Glue.Coerce.Contact2R
ThomsonN7.Case1Data.S1_B_D_10	def	9809	9809	
ThomsonN7.Cert.ev_h1E	theorem	14719	14721	ThomsonN7.Kron.Ex.sumRange ThomsonN7.Kron.Ex.mon ThomsonN7.Kron.Ex.ev ThomsonN7.Cert.h1E ThomsonN7.Cert.smulNZ ThomsonN7.Kron.Ex.ev_sumRange ThomsonN7.Cert.ev_smulNZ
ThomsonN7.Glue.cap_of_typed_tube7_final	theorem	12688	12710	ThomsonN7.coulombEnergy ThomsonN7.Glue.localGramA_of_le ThomsonN7.ThreePoint.lamA ThomsonN7.SphereConfig ThomsonN7.Glue.cap_of_typed_tube7 ThomsonN7.ThreePoint.Sk ThomsonN7.Base.c2 ThomsonN7.Glue.tubeRigid_of_le ThomsonN7.Glue.Concl ThomsonN7.ThreePoint.lamG ThomsonN7.Base.phi ThomsonN7.ThreePoint.lamB ThomsonN7.R3 ThomsonN7.Base.c1 ThomsonN7.ThreePoint.GramOK ThomsonN7.pentBipyramid
ThomsonN7.Glue.Coerce.Contact1.g0d	def	13179	13179	ThomsonN7.Glue.Coerce.Contact1
ThomsonN7.Glue.Coerce.Contact2R.check.eq_1	theorem	0	0	ThomsonN7.Glue.Coerce.Contact2R ThomsonN7.Glue.Coerce.Contact2R.Dq ThomsonN7.Glue.Coerce.Contact2R.Q ThomsonN7.Glue.Coerce.Contact2R.q2 ThomsonN7.Glue.Coerce.Contact2R.G ThomsonN7.CutOneD.pneg ThomsonN7.CutOneD.padd ThomsonN7.Glue.Coerce.chainOK ThomsonN7.Glue.Coerce.Fpoly ThomsonN7.Glue.Coerce.lin ThomsonN7.Glue.Coerce.Contact2R.pieces ThomsonN7.CutOneD.pscale ThomsonN7.Glue.Coerce.Contact2R.g0n ThomsonN7.Glue.Coerce.Contact2R.p2 ThomsonN7.Glue.Coerce.Contact2R.piecesR ThomsonN7.Glue.Coerce.Contact2R.g0d ThomsonN7.CutOneD.pmul ThomsonN7.Glue.Coerce.Contact2R.R ThomsonN7.Glue.Coerce.Contact2R.s ThomsonN7.Glue.Coerce.Contact2R.p1 ThomsonN7.Glue.Coerce.Contact2R.check ThomsonN7.Glue.Coerce.Contact2R.q1
ThomsonN7.M6.Box6.B	def	11475	11475	ThomsonN7.M6.Box6
ThomsonN7.Cert.tc_s93_90_SA4	def	17605	17609	ThomsonN7.Cert.TBlk ThomsonN7.Cert.TBlk.mk
ThomsonN7.Cert.proj_add	theorem	14313	14316	ThomsonN7.Cert.proj
ThomsonN7.Kron.Ex.toList._unsafe_rec	def	0	0	ThomsonN7.Kron.Ex.Term ThomsonN7.Kron.Ex.toList._unsafe_rec ThomsonN7.Kron.Ex.ev.match_1 ThomsonN7.Kron.Ex
ThomsonN7.Cert.Blk.qf_nonneg	theorem	2206	2221	ThomsonN7.Cert.Blk.del ThomsonN7.Cert.Blk.ok ThomsonN7.Cert.Blk ThomsonN7.Cert.Blk.lq ThomsonN7.Cert.Blk.dq ThomsonN7.Cert.Blk.ok_parts ThomsonN7.Cert.qform_dd_nonneg
ThomsonN7.Reg.kk_12_15	theorem	8105	8107	ThomsonN7.Reg.cross_of_enc
ThomsonN7.ThreePoint.dsum_swap23	theorem	816	826	ThomsonN7.ThreePoint.dsum
ThomsonN7.Cert.TCert.idB	def	14897	14898	ThomsonN7.Cert.TCert.FB ThomsonN7.Cert.TCert.SB ThomsonN7.Cert.idT ThomsonN7.Cert.TCert.ad ThomsonN7.Cert.TCert.an ThomsonN7.Cert.TCert ThomsonN7.Kron.Ex
ThomsonN7.Cert.ev_sqF	theorem	13878	13894	ThomsonN7.Cert.ev_linF ThomsonN7.Cert.sqF.eq_2 ThomsonN7.Cert.getD_tail_succ ThomsonN7.Kron.Ex.ev_sq ThomsonN7.Kron.Ex.ev ThomsonN7.Kron.Ex.add ThomsonN7.Cert.smulNZ ThomsonN7.Kron.Ex ThomsonN7.Cert.linF ThomsonN7.Cert.mv ThomsonN7.Kron.Ex.ev_add ThomsonN7.Kron.Ex.sq ThomsonN7.Cert.getD_tail_succ' ThomsonN7.Cert.ev_smulNZ ThomsonN7.Cert.sqF
ThomsonN7.Cert.domAll_spec._proof_4	theorem	0	0	ThomsonN7.Cert.offAbs
ThomsonN7.Case1Data.S4_B_l_25	def	10016	10016	
ThomsonN7.ThreePoint.hc7	theorem	11050	11053	ThomsonN7.ThreePoint.instDecidableIsP ThomsonN7.ThreePoint.c7 ThomsonN7.ThreePoint.s7 ThomsonN7.cyl._proof_1 ThomsonN7.pentBipyramid._proof_1 ThomsonN7.ThreePoint.c7._proof_1 ThomsonN7.RegB.quadPart._proof_1 ThomsonN7.ThreePoint.dsum ThomsonN7.ThreePoint.isP
ThomsonN7.M2.K8.x6	def	2854	2854	ThomsonN7.M2.K8
ThomsonN7.Base.two_mul_sum_Ioi	theorem	359	375	
ThomsonN7.Cert.getD_weights	theorem	14646	14650	ThomsonN7.Cert.weights ThomsonN7.Cert.kw
ThomsonN7.Case1Data.S5_B_l_18	def	10085	10085	
ThomsonN7.Cert.TCert.K	def	14867	14868	ThomsonN7.Cert.TCert.dd ThomsonN7.Cert.TCert
ThomsonN7.M3.emb_injective._proof_7	theorem	0	0	
ThomsonN7.Cert.tc_s94_93_SB2	def	17300	17304	ThomsonN7.Cert.TBlk ThomsonN7.Cert.TBlk.mk
ThomsonN7.Reg.mhi_21	theorem	7043	7044	ThomsonN7.Reg.mon_hi ThomsonN7.Reg.InBox
ThomsonN7.M3.det4h_scale	theorem	3526	3529	ThomsonN7.M3.det4h ThomsonN7.cyl._proof_1
ThomsonN7.Kron.Ex.l1._f	def	0	0	ThomsonN7.Kron.Ex.below ThomsonN7.Kron.Ex.mul ThomsonN7.Kron.Ex.mon ThomsonN7.Kron.Ex.add ThomsonN7.Kron.Ex.ev.match_1 ThomsonN7.Kron.Ex.c ThomsonN7.Kron.Ex
ThomsonN7.Base.pent_sum_eq	theorem	503	509	ThomsonN7.coulombEnergy ThomsonN7.Base.pent_inner_isNode ThomsonN7.Base.pent_norm ThomsonN7.Base.IsNode ThomsonN7.Base.phi ThomsonN7.R3 ThomsonN7.Base.coulombEnergy_eq_sum_phi ThomsonN7.pentBipyramid
ThomsonN7.M6.chk3.eq_2	theorem	0	0	ThomsonN7.M6.Box6.A ThomsonN7.M6.chk3 ThomsonN7.M6.Box6.split ThomsonN7.M6.Box6.C ThomsonN7.M6.widest ThomsonN7.M6.Box6.B ThomsonN7.M6.Box6 ThomsonN7.M6.idet3
ThomsonN7.Reg.kk_8_14	theorem	8009	8011	ThomsonN7.Reg.cross_of_enc
ThomsonN7.Cert.weights	def	14633	14635	
ThomsonN7.Cert.dotN.eq_def	theorem	0	0	ThomsonN7.Cert.dotN.match_1 ThomsonN7.Cert.dotN ThomsonN7.Cert.dotN._f _private.ThomsonN7.Solution.0.ThomsonN7.Cert.dotN.match_1.splitter
ThomsonN7.Case1Data.S0_B_D_9	def	9711	9711	
ThomsonN7.Cert.l1_tblkE_le	theorem	14394	14397	ThomsonN7.Cert.TBlk.l1B ThomsonN7.Cert.gT ThomsonN7.Cert.TBlk.g ThomsonN7.Kron.Ex.mul ThomsonN7.Cert.TBlk.wf ThomsonN7.Cert.TBlk ThomsonN7.Cert.sqfF ThomsonN7.Cert.TBlk.l1_le ThomsonN7.Cert.tblkE ThomsonN7.Cert.TBlk.z ThomsonN7.Kron.Ex.l1.eq_4 ThomsonN7.Cert.tblkE.eq_1 ThomsonN7.Kron.Ex ThomsonN7.Kron.Ex.l1 ThomsonN7.Cert.TBlk.B
ThomsonN7.Reg.pc_4_1	theorem	8341	8342	ThomsonN7.Reg.s1 ThomsonN7.R3 ThomsonN7.Base.c1 ThomsonN7.pentBipyramid ThomsonN7.Reg.pent_4
ThomsonN7.ThreePoint.H7.eq_1	theorem	0	0	ThomsonN7.ThreePoint.instDecidableIsP ThomsonN7.ThreePoint.H7 ThomsonN7.ThreePoint.isP
ThomsonN7.M3.contact_rigidity	theorem	3883	3985	ThomsonN7.M3.val_ccOf ThomsonN7.M3.inner_P ThomsonN7.M3.exists_isometry_of_gram ThomsonN7.M3.ccOf_comm ThomsonN7.M3.leaf ThomsonN7.M3.ccOf ThomsonN7.M3.ok4 ThomsonN7.M3.search_spec ThomsonN7.R3 ThomsonN7.M3.tau ThomsonN7.M3.ok4_ccOf ThomsonN7.pentBipyramid ThomsonN7.M3.val ThomsonN7.M3.P_indep ThomsonN7.M3.cP ThomsonN7.M3.mk21
ThomsonN7.Reg.mhi_1	theorem	6963	6964	ThomsonN7.Reg.mon_hi ThomsonN7.Reg.InBox
ThomsonN7.Reg.inner_P_h	theorem	6618	6625	ThomsonN7.Base.pent_norm ThomsonN7.R3 ThomsonN7.pentBipyramid
ThomsonN7.Cert.comb2_spec._simp_4	theorem	0	0	
ThomsonN7.Glue.pair_facts	theorem	12142	12167	ThomsonN7.Glue.pair_facts._proof_1 ThomsonN7.Glue.pair_facts._proof_2 ThomsonN7.Glue.cls3 ThomsonN7.Base.inner_lt_one_of_ne ThomsonN7.SphereConfig ThomsonN7.Base.phi ThomsonN7.R3
ThomsonN7.Cert.tsum_nonneg	theorem	14108	14115	ThomsonN7.Kron.Ex.deg_le._simp_17 ThomsonN7.Cert.TBlk ThomsonN7.Kron.Ex.ev ThomsonN7.Cert.tblkE ThomsonN7.Cert.TBlk.z ThomsonN7.Cert.GramCut ThomsonN7.Kron.Ex ThomsonN7.Cert.TBlk.B ThomsonN7.Cert.okF ThomsonN7.Cert.tblkE_nonneg
_private.ThomsonN7.Solution.0.ThomsonN7.CutOneD.sqSum.match_1.eq_2	theorem	0	0	ThomsonN7.CutOneD.sqSum.match_1
ThomsonN7.Kron.Ex.ev_eq_zero_of_kev._proof_3	theorem	0	0	ThomsonN7.Kron.Ex.Term ThomsonN7.Kron.Ex.dy ThomsonN7.Kron.Ex.kev ThomsonN7.Kron.Ex.dz ThomsonN7.Kron.Ex.dx ThomsonN7.Kron.Ex ThomsonN7.Kron.Ex.l1
ThomsonN7.Reg.CP_12	def	6749	6749	ThomsonN7.triCapPrism._proof_1 ThomsonN7.Base.c1._proof_1
ThomsonN7.Reg.kk_15_17	theorem	8159	8161	ThomsonN7.Reg.cross_of_enc
ThomsonN7.CutOneD.cutH_le_phi	theorem	9577	9581	ThomsonN7.CutOneD.Cert.Lam ThomsonN7.CutOneD.Cert.Q ThomsonN7.CutOneD.cutCert_ok ThomsonN7.CutOneD.Cert.sound ThomsonN7.CutOneD.cutCert ThomsonN7.CutOneD.peval
ThomsonN7.Cert.tc_s99_98.eq_1	theorem	0	0	ThomsonN7.Cert.tc_s99_98_FP0 ThomsonN7.Cert.tc_s99_98_FR0 ThomsonN7.Cert.tc_s99_98_SB2 ThomsonN7.Cert.tc_s99_98_SG2 ThomsonN7.Cert.tc_s99_98_FP3 ThomsonN7.Cert.tc_s99_98_SA4 ThomsonN7.Cert.tc_s99_98_FP1 ThomsonN7.Cert.tc_s99_98_SG0 ThomsonN7.Cert.tc_s99_98_SA2 ThomsonN7.Cert.tc_s99_98_SB3 ThomsonN7.Cert.Blk ThomsonN7.Cert.tc_s99_98_SG4 ThomsonN7.Cert.TBlk ThomsonN7.Cert.tc_s99_98_FP2 ThomsonN7.Cert.tc_s99_98 ThomsonN7.Cert.tc_s99_98_FR4 ThomsonN7.Cert.tc_s99_98_SB4 ThomsonN7.Cert.tc_s99_98_SG3 ThomsonN7.Cert.TCert.mk ThomsonN7.Cert.tc_s99_98_SA1 ThomsonN7.Cert.tc_s99_98_FP5 ThomsonN7.Cert.tc_s99_98_FR2 ThomsonN7.Cert.tc_s99_98_SB1 ThomsonN7.Cert.TCert ThomsonN7.Cert.tc_s99_98_FR5 ThomsonN7.Cert.tc_s99_98_SB0 ThomsonN7.Cert.tc_s99_98_SA5 ThomsonN7.Cert.tc_s99_98_FP4 ThomsonN7.Cert.tc_s99_98_SG1 ThomsonN7.Cert.tc_s99_98_SA3 ThomsonN7.Cert.tc_s99_98_SA0 ThomsonN7.Cert.tc_s99_98_FR1 ThomsonN7.Cert.tc_s99_98_FR3
ThomsonN7.Reg.W_6_0	theorem	4444	4445	ThomsonN7.Reg.W ThomsonN7.Reg.W_ne ThomsonN7.Base.phi ThomsonN7.R3 ThomsonN7.Reg.g_6_0 ThomsonN7.pentBipyramid
ThomsonN7.SlabOneD.Term.fy	def	15220	15220	ThomsonN7.SlabOneD.Term
ThomsonN7.CutOneD.sqEval	def	9193	9194	ThomsonN7.CutOneD.peval
ThomsonN7.Cert.tc_s93_90_FP0	def	17521	17524	ThomsonN7.Cert.Blk ThomsonN7.Cert.mkBlk
ThomsonN7.Kron.Ex.dz.eq_4	theorem	0	0	ThomsonN7.Kron.Ex.mul ThomsonN7.Kron.Ex.dz ThomsonN7.Kron.Ex
ThomsonN7.SlabOneD.Slab_s99_98.termHB_1	def	16448	16449	ThomsonN7.SlabOneD.Term ThomsonN7.SlabOneD.Term.mk
ThomsonN7.Case1Data.S5_B_l_21	def	10088	10088	
ThomsonN7.pent_dist_poles	theorem	253	256	ThomsonN7.pent_five ThomsonN7.norm_eq_of_sq_eq ThomsonN7.R3 ThomsonN7.cyl ThomsonN7.norm_sq_cyl_sub ThomsonN7.pent_six ThomsonN7.pentBipyramid
ThomsonN7.Reg.eq_zero_of_mul_le_sq_mul	theorem	4779	4791	
ThomsonN7.Cert.TCert.SPE.eq_1	theorem	0	0	ThomsonN7.Cert.TCert.SPE ThomsonN7.Cert.SE ThomsonN7.Cert.TCert.m ThomsonN7.Cert.TCert.blkP ThomsonN7.Cert.TCert ThomsonN7.Kron.Ex ThomsonN7.Cert.TCert.K
ThomsonN7.Reg.enc_0	theorem	7109	7126	ThomsonN7.Reg.mlo_18 ThomsonN7.Reg.mlo_16 ThomsonN7.Reg.mhi_3 ThomsonN7.triCapPrism._proof_1 ThomsonN7.Reg.mhi_29 ThomsonN7.Reg.mlo_17 ThomsonN7.Reg.mhi_30 ThomsonN7.Reg.mhi_18 ThomsonN7.Reg.mlo_3 ThomsonN7.Reg.mhi_17 ThomsonN7.Reg.CP_0 ThomsonN7.Reg.mhi_16 ThomsonN7.cyl._proof_1 ThomsonN7.Reg.mhi_2 ThomsonN7.Reg.InBox ThomsonN7.Reg.mlo_2 ThomsonN7.Reg.mlo_29 ThomsonN7.Base.c1._proof_1 ThomsonN7.Reg.mlo_30
ThomsonN7.TwoRegime.gramRigidW_of_gramRigid	theorem	5841	5846	ThomsonN7.SphereConfig ThomsonN7.TwoRegime.GramRigidW ThomsonN7.cyl._proof_1 ThomsonN7.TwoRegime.GramRigid ThomsonN7.R3 ThomsonN7.TwoRegime.sumW ThomsonN7.pentBipyramid
ThomsonN7.Glue.Coerce.Contact2R.p2	def	13635	13635	ThomsonN7.Glue.Coerce.Contact2R
ThomsonN7.CutOneD.Cert.ctorIdx	def	0	0	ThomsonN7.CutOneD.Cert
ThomsonN7.M3.exists_isometry_of_gram	theorem	3804	3834	ThomsonN7.M3.eq_of_inner_eq ThomsonN7.M3.isometry_of_gram_fin3 ThomsonN7.R3
ThomsonN7.Case1Data.S2_B_l_33	def	9872	9872	
ThomsonN7.Case1Data.S0_B_l_30	def	9675	9675	
ThomsonN7.Reg.tau	def	6647	6648	ThomsonN7.Reg.gP ThomsonN7.cyl._proof_1 ThomsonN7.R3
ThomsonN7.Cert.tc_s96_94_SB4	def	16983	16987	ThomsonN7.Cert.TBlk ThomsonN7.Cert.TBlk.mk
ThomsonN7.SlabOneD.sqSum.eq_2	theorem	0	0	ThomsonN7.SlabOneD.padd ThomsonN7.SlabOneD.pmul ThomsonN7.SlabOneD.pscale ThomsonN7.SlabOneD.sqSum
ThomsonN7.Reg.W_4_2	theorem	4410	4411	ThomsonN7.Reg.W ThomsonN7.Reg.W_ne ThomsonN7.Base.c2 ThomsonN7.Reg.g_4_2 ThomsonN7.Base.phi ThomsonN7.R3 ThomsonN7.pentBipyramid
ThomsonN7.Cert.tc_s98_96_FR5	def	16589	16592	ThomsonN7.Cert.Blk ThomsonN7.Cert.mkBlk
ThomsonN7.Case1Data.S5_B_D_33	def	10136	10136	
ThomsonN7.ThreePoint.Sk_root_nonneg	theorem	11194	11208	ThomsonN7.ThreePoint.Y3 ThomsonN7.ThreePoint.Sk ThomsonN7.ThreePoint.matDot ThomsonN7.R3 ThomsonN7.ThreePoint.matDot_root_nonneg
ThomsonN7.Cert.SE	def	14746	14747	ThomsonN7.Kron.Ex.sumRange ThomsonN7.Cert.Blk ThomsonN7.Kron.Ex ThomsonN7.Cert.fkE
ThomsonN7.Case1Data.S5_B_D_5	def	10108	10108	
ThomsonN7.ThreePoint.dsum_Zsym_eq_zero	theorem	1544	1554	ThomsonN7.ThreePoint.dsum_perm_tvu ThomsonN7.ThreePoint.dsum_perm_utv ThomsonN7.ThreePoint.dsum_perm_tuv ThomsonN7.ThreePoint.Zsym ThomsonN7.triCapPrism._proof_2 ThomsonN7.ThreePoint.dsum ThomsonN7.ThreePoint.dsum_Zw_eq_zero ThomsonN7.ThreePoint.dsum_perm_vut ThomsonN7.ThreePoint.dsum_perm_vtu ThomsonN7.ThreePoint.dsum_add ThomsonN7.ThreePoint.dsum_mul_left ThomsonN7.ThreePoint.Zw
ThomsonN7.Cert.gmE	def	14731	14732	ThomsonN7.Cert.sbst ThomsonN7.Kron.Ex.add ThomsonN7.Kron.Ex
ThomsonN7.Kron.Ex.ev_smul	theorem	2004	2004	ThomsonN7.Kron.Ex.ev ThomsonN7.Kron.Ex ThomsonN7.Kron.Ex.smul
ThomsonN7.Case1Data.S0_B_l_27	def	9672	9672	
ThomsonN7.Reg.W_symm	theorem	4624	4627	ThomsonN7.Reg.W ThomsonN7.Reg.W_ne ThomsonN7.Base.phi ThomsonN7.R3 ThomsonN7.pentBipyramid
ThomsonN7.Case1Data.F2_d	def	9622	9622	
ThomsonN7.Reg.CP_5.eq_1	theorem	0	0	ThomsonN7.triCapPrism._proof_1 ThomsonN7.Reg.CP_5 ThomsonN7.Base.c1._proof_1
ThomsonN7.Cert.degK_sqfF_le._proof_1	theorem	0	0	ThomsonN7.Cert.Blk.Δ ThomsonN7.Cert.Blk.l ThomsonN7.Cert.Blk.d ThomsonN7.Cert.Blk ThomsonN7.Cert.quadF ThomsonN7.Cert.mxs ThomsonN7.Cert.degK ThomsonN7.Cert.sqF
ThomsonN7.GV.pent1	theorem	5213	5214	ThomsonN7.cyl._proof_1 ThomsonN7.R3 ThomsonN7.pentBipyramid._proof_1 ThomsonN7.cyl ThomsonN7.pentBipyramid
ThomsonN7.ThreePoint.quad_Y3_nonneg._simp_1	theorem	0	0	
ThomsonN7.Reg.pb_0_4	theorem	8799	8800	ThomsonN7.Reg.phi_c1_le ThomsonN7.Reg.gP_0_4 ThomsonN7.Base.phi ThomsonN7.Reg.gP ThomsonN7.Base.c1
ThomsonN7.TwoRegime.localGram_of_localMinAt	theorem	5812	5839	ThomsonN7.coulombEnergy ThomsonN7.Base.coulombEnergy_comp_isometry ThomsonN7.SphereConfig ThomsonN7.Base.pent_norm ThomsonN7.TwoRegime.LocalMinAt ThomsonN7.TwoRegime.LocalGram ThomsonN7.cyl._proof_1 ThomsonN7.GV.exists_iso_close ThomsonN7.R3 ThomsonN7.Base.sphereConfig_comp ThomsonN7.Base.coulombEnergy_comp_perm ThomsonN7.pentBipyramid
ThomsonN7.Kron.coefk.eq_2	theorem	0	0	ThomsonN7.Kron.Ex.Term ThomsonN7.Kron.coefk ThomsonN7.Kron.code
ThomsonN7.Case1Data.F1_d	def	9608	9608	
ThomsonN7.Glue.Coerce.H_le_phi_of_F	theorem	13095	13102	ThomsonN7.Glue.Coerce.Fpoly ThomsonN7.Glue.Coerce.yOf ThomsonN7.Glue.Coerce.phi_sub_H ThomsonN7.Base.phi ThomsonN7.Glue.Coerce.yOf_pos ThomsonN7.CutOneD.peval
ThomsonN7.Glue.Coerce.ContactA.tube	theorem	13394	13426	ThomsonN7.Glue.Coerce.ContactA.ya1 ThomsonN7.Glue.Coerce.ContactA.ya2 ThomsonN7.Glue.Coerce.ContactA.Dq ThomsonN7.Glue.Coerce.ContactA.G_ge ThomsonN7.CutOneD.pneg ThomsonN7.CutOneD.padd ThomsonN7.Glue.Coerce.chainOK ThomsonN7.Glue.Coerce.F_le_of_slack ThomsonN7.Glue.Coerce.ContactA.check ThomsonN7.Glue.Coerce.Fpoly ThomsonN7.Glue.Coerce.yOf_le_one ThomsonN7.Glue.Coerce.H_le_phi_of_F ThomsonN7.Glue.Coerce.yOf ThomsonN7.CutOneD.pscale ThomsonN7.Glue.Coerce.le_yOf_of_hi ThomsonN7.Base.phi ThomsonN7.CutOneD.pmul ThomsonN7.Glue.Coerce.ContactA.factor ThomsonN7.Glue.Coerce.ContactA.pieces ThomsonN7.Glue.Coerce.ContactA.G ThomsonN7.Glue.Coerce.ContactA.g0d ThomsonN7.Glue.Coerce.ContactA ThomsonN7.Glue.Coerce.yOf_pos ThomsonN7.Glue.Coerce.ContactA.g0n ThomsonN7.Glue.Coerce.ContactA.Q ThomsonN7.CutOneD.peval ThomsonN7.Glue.Coerce.yOf_sq
ThomsonN7.ThreePoint.lamG.eq_1	theorem	0	0	ThomsonN7.triCapPrism._proof_1 ThomsonN7.ThreePoint.gm ThomsonN7.ThreePoint.lamG ThomsonN7.cyl._proof_1
ThomsonN7.TwoRegime.exact_counts	theorem	6084	6128	ThomsonN7.ThreePoint.card_third._simp_2 ThomsonN7.TwoRegime.exact_counts._proof_1 ThomsonN7.cyl._proof_1 ThomsonN7.ThreePoint.card_third._simp_1 ThomsonN7.R3 ThomsonN7.TwoRegime.exact_counts._proof_2 ThomsonN7.TwoRegime.cnt
_private.ThomsonN7.Solution.0.ThomsonN7.Cert.transposeSq.match_1.eq_1	theorem	0	0	ThomsonN7.Cert.transposeSq.match_1
ThomsonN7.Reg.pb_4_6	theorem	8847	8848	ThomsonN7.Reg.gP_4_6 ThomsonN7.Reg.phi_zero_le ThomsonN7.Base.phi ThomsonN7.Reg.gP
ThomsonN7.GV.L33_bounds	theorem	5247	5258	
ThomsonN7.M6.Box6.C	def	11476	11476	ThomsonN7.M6.Box6
ThomsonN7.Case1Data.S2_B_l_9	def	9848	9848	
ThomsonN7.Case1Data.S1_B_l_12	def	9775	9775	
ThomsonN7.SlabOneD.Par.noConfusion	def	15210	15215	ThomsonN7.SlabOneD.Par.noConfusionType ThomsonN7.SlabOneD.Par.casesOn ThomsonN7.SlabOneD.Par
ThomsonN7.Case1Data.S6_B_D_6	def	10185	10185	
ThomsonN7.SlabOneD.Slab_s98_96.certHB_ok	theorem	16792	16792	ThomsonN7.SlabOneD.Slab_s98_96.parHB ThomsonN7.SlabOneD.Cert.check ThomsonN7.SlabOneD.Slab_s98_96.certHB_ok._proof_1 ThomsonN7.SlabOneD.Slab_s98_96.certHB
ThomsonN7.M2.K8.mul_core	theorem	2906	2909	ThomsonN7.M2.rb_rel ThomsonN7.M2.ra ThomsonN7.M2.ra_sq ThomsonN7.M2.rb
ThomsonN7.Case1Data.S5_B_l_33	def	10100	10100	
ThomsonN7.Cert.TCert.SG	def	14861	14861	ThomsonN7.Cert.TBlk ThomsonN7.Cert.TCert
ThomsonN7.Reg.mhi_19	theorem	7035	7036	ThomsonN7.Reg.mon_hi ThomsonN7.Reg.InBox
ThomsonN7.TwoRegime.sumW	def	5661	5663	ThomsonN7.cyl._proof_1 ThomsonN7.R3
ThomsonN7.pent_angle_inj	theorem	85	89	ThomsonN7.pent_angle_inj._proof_2 ThomsonN7.int_eq_zero_of_cos_eq_one ThomsonN7.pent_angle_inj._proof_3 ThomsonN7.pent_angle_inj._proof_1
ThomsonN7.M2.Pl.eval_comp	theorem	3093	3096	ThomsonN7.M2.K8 ThomsonN7.M2.Pl.comp ThomsonN7.M2.Pl.eval_comp._f ThomsonN7.M2.Pl.eval
ThomsonN7.Cert.TCert.SPE	def	14879	14880	ThomsonN7.Cert.SE ThomsonN7.Cert.TCert.m ThomsonN7.Cert.TCert.blkP ThomsonN7.Cert.TCert ThomsonN7.Kron.Ex ThomsonN7.Cert.TCert.K
ThomsonN7.Case1Data.S0_B_l_13	def	9658	9658	
ThomsonN7.SlabOneD.Term.mk._flat_ctor	def	0	0	ThomsonN7.SlabOneD.Term ThomsonN7.SlabOneD.Term.mk
ThomsonN7.Cert.tc_s96_94_SA3	def	16941	16945	ThomsonN7.Cert.TBlk ThomsonN7.Cert.TBlk.mk
ThomsonN7.Base.coulombEnergy_comp_perm	theorem	377	395	ThomsonN7.coulombEnergy ThomsonN7.R3 ThomsonN7.Base.two_mul_sum_Ioi
ThomsonN7.Case1Data.S7_B_D_4	def	10244	10244	
ThomsonN7.Kron.Ex.kev	def	1615	1620	ThomsonN7.Kron.Ex.kev._f ThomsonN7.Kron.Ex ThomsonN7.Kron.Ex.brecOn
ThomsonN7.Cert.mkBlk.eq_1	theorem	0	0	ThomsonN7.Cert.Blk ThomsonN7.Cert.mkBlk ThomsonN7.Cert.unpackM ThomsonN7.Cert.Blk.mk ThomsonN7.Cert.unpackI
ThomsonN7.Reg.enc_5	theorem	7165	7172	ThomsonN7.triCapPrism._proof_1 ThomsonN7.Reg.CP_5 ThomsonN7.Reg.mlo_9 ThomsonN7.Reg.mlo_6 ThomsonN7.Reg.mhi_6 ThomsonN7.Reg.InBox ThomsonN7.Reg.mhi_9 ThomsonN7.Base.c1._proof_1
ThomsonN7.M6.chk3._f	def	0	0	ThomsonN7.M6.Box6.A ThomsonN7.M6.Box6.split ThomsonN7.M6.Box6.C ThomsonN7.M6.widest ThomsonN7.M6.Box6.B ThomsonN7.M6.Box6 ThomsonN7.M6.chk4.match_1 ThomsonN7.M6.idet3
ThomsonN7.Case1Data.S0_B_D_7	def	9709	9709	
ThomsonN7.Reg.mhi_24	theorem	7055	7056	ThomsonN7.Reg.mon_hi ThomsonN7.Reg.InBox
ThomsonN7.Cert.degK_sub	theorem	14442	14443	ThomsonN7.Kron.Ex.sub ThomsonN7.Kron.Ex.mul ThomsonN7.Cert.degK.eq_3 ThomsonN7.Kron.Ex.add ThomsonN7.Kron.Ex.c ThomsonN7.Kron.Ex ThomsonN7.Cert.degK
ThomsonN7.triCapPrism_mem	theorem	176	187	ThomsonN7.tri_bot ThomsonN7.tri_top ThomsonN7.tri_cases ThomsonN7.SphereConfig ThomsonN7.norm_sq_cyl ThomsonN7.R3 ThomsonN7.cyl ThomsonN7.triCapPrism_injective ThomsonN7.triCapPrism ThomsonN7.tri_cap
ThomsonN7.Reg.CP_45.eq_1	theorem	0	0	ThomsonN7.triCapPrism._proof_1 ThomsonN7.cyl._proof_1 ThomsonN7.Base.c1._proof_1 ThomsonN7.Reg.CP_45
ThomsonN7.T4.ring_rigid._proof_1	theorem	0	0	
ThomsonN7.SlabOneD.Slab_s93_90.parHA.eq_1	theorem	0	0	ThomsonN7.SlabOneD.Par.mk ThomsonN7.SlabOneD.Slab_s93_90.parHA ThomsonN7.SlabOneD.Par
ThomsonN7.Glue.H7_eq_cls3._proof_1	theorem	0	0	
ThomsonN7.Cert.Cert3.mk.sizeOf_spec	theorem	0	0	ThomsonN7.Cert.Cert3 ThomsonN7.Cert.Cert3.mk ThomsonN7.Cert.SBlk ThomsonN7.Cert.Blk ThomsonN7.Cert.Cert3._sizeOf_inst ThomsonN7.Cert.SBlk._sizeOf_inst ThomsonN7.Cert.Blk._sizeOf_inst
_private.ThomsonN7.Solution.0.ThomsonN7.Kron.Ex.ev.match_1.splitter	def	0	0	ThomsonN7.Kron.Ex.mul ThomsonN7.Kron.Ex.mon ThomsonN7.Kron.Ex.add ThomsonN7.Kron.Ex.ev.match_1 ThomsonN7.Kron.Ex.c ThomsonN7.Kron.Ex
ThomsonN7.Kron.Ex.ev	def	1608	1613	ThomsonN7.Kron.Ex ThomsonN7.Kron.Ex.ev._f ThomsonN7.Kron.Ex.brecOn
ThomsonN7.Case1Data.S2_B_l_13	def	9852	9852	
ThomsonN7.CutOneD.sqSum.eq_1	theorem	0	0	ThomsonN7.CutOneD.sqSum
ThomsonN7.Cert.degK.eq_4	theorem	0	0	ThomsonN7.Kron.Ex.mul ThomsonN7.Kron.Ex ThomsonN7.Cert.degK
ThomsonN7.CutOneD.padd.eq_1	theorem	0	0	ThomsonN7.CutOneD.padd
ThomsonN7.Cert.tc_cap_SA0	def	15953	15957	ThomsonN7.Cert.TBlk ThomsonN7.Cert.TBlk.mk
ThomsonN7.Reg.ss_5	theorem	8221	8221	
ThomsonN7.SlabOneD.Slab_s99_98.certHA_ok	theorem	16436	16436	ThomsonN7.SlabOneD.Slab_s99_98.parHA ThomsonN7.SlabOneD.Slab_s99_98.certHA ThomsonN7.SlabOneD.Cert.check ThomsonN7.SlabOneD.Slab_s99_98.certHA_ok._proof_1
ThomsonN7.Cert.sbst.eq_2	theorem	0	0	ThomsonN7.Kron.Ex.mon ThomsonN7.Cert.sbst ThomsonN7.Kron.Ex
ThomsonN7.Kron.Ex.evalW._f	def	0	0	ThomsonN7.Kron.Ex.below ThomsonN7.Kron.Ex.mul ThomsonN7.Kron.Ex.mon ThomsonN7.Kron.Ex.add ThomsonN7.Kron.Ex.ev.match_1 ThomsonN7.Kron.Ex.c ThomsonN7.Kron.Ex
ThomsonN7.M2.ra_le_aU	theorem	2950	2953	ThomsonN7.M2.ra ThomsonN7.cyl._proof_1 ThomsonN7.M2.aL ThomsonN7.M2.aU
ThomsonN7.Case1Data.S7_B_D_15	def	10255	10255	
ThomsonN7.ThreePoint.matDot_add	theorem	1062	1064	ThomsonN7.ThreePoint.matDot
ThomsonN7.Reg.core	theorem	8406	8662	ThomsonN7.Reg.kk_14_20 ThomsonN7.Reg.kk_12_13 ThomsonN7.Reg.enc_51 ThomsonN7.Reg.enc_3 ThomsonN7.Reg.kk_18_19 ThomsonN7.Reg.kk_15_15 ThomsonN7.Reg.CP_36 ThomsonN7.Reg.enc_4 ThomsonN7.Reg.CP_12 ThomsonN7.Reg.sq_1 ThomsonN7.Reg.CP_35 ThomsonN7.Reg.enc_22 ThomsonN7.Reg.CP_60 ThomsonN7.Reg.kk_8_16 ThomsonN7.Reg.CP_52 ThomsonN7.Reg.kk_16_19 ThomsonN7.Reg.enc_27 ThomsonN7.Reg.kk_10_10 ThomsonN7.Reg.kk_14_19 ThomsonN7.Reg.kk_9_15 ThomsonN7.Reg.kk_11_15 ThomsonN7.Reg.kk_5_19 ThomsonN7.Reg.CP_47 ThomsonN7.Reg.kk_6_9 ThomsonN7.Reg.CP_20 ThomsonN7.Reg.enc_31 ThomsonN7.Reg.enc_28 ThomsonN7.Reg.kk_7_18 ThomsonN7.Reg.kk_6_10 ThomsonN7.Reg.kk_1_16 ThomsonN7.Reg.sq_10 ThomsonN7.Reg.ss_15 ThomsonN7.Reg.CP_17 ThomsonN7.Reg.ss_20 ThomsonN7.Reg.kk_3_10 ThomsonN7.Reg.kk_0_9 ThomsonN7.Reg.CP_43 ThomsonN7.Reg.CP_33 ThomsonN7.Reg.kk_1_13 ThomsonN7.Reg.kk_10_19 ThomsonN7.Reg.kk_1_9 ThomsonN7.Reg.kk_3_12 ThomsonN7.Reg.kk_8_18 ThomsonN7.Reg.kk_8_20 ThomsonN7.Reg.enc_17 ThomsonN7.Reg.CP_2 ThomsonN7.Reg.kk_7_16 ThomsonN7.Reg.sq_3 ThomsonN7.Reg.enc_42 ThomsonN7.Reg.enc_59 ThomsonN7.Reg.kk_8_11 ThomsonN7.Reg.kk_1_7 ThomsonN7.Reg.ss_14 ThomsonN7.Reg.kk_9_12 ThomsonN7.Reg.kk_4_6 ThomsonN7.Reg.kk_5_17 ThomsonN7.Reg.CP_39 ThomsonN7.Reg.kk_1_12 ThomsonN7.Reg.kk_19_19 ThomsonN7.Reg.kk_12_16 ThomsonN7.Reg.CP_5 ThomsonN7.Reg.ss_18 ThomsonN7.Reg.kk_4_12 ThomsonN7.Reg.kk_15_20 ThomsonN7.Reg.kk_15_18 ThomsonN7.Reg.ss_9 ThomsonN7.Reg.enc_55 ThomsonN7.Reg.kk_16_18 ThomsonN7.Reg.enc_45 ThomsonN7.Reg.CP_37 ThomsonN7.Reg.kk_7_9 ThomsonN7.Reg.kk_3_4 ThomsonN7.Reg.enc_15 ThomsonN7.Reg.enc_34 ThomsonN7.Reg.enc_7 ThomsonN7.Reg.kk_16_20 ThomsonN7.Reg.sq_13 ThomsonN7.Reg.kk_11_20 ThomsonN7.Reg.kk_3_19 ThomsonN7.Reg.kk_18_20 ThomsonN7.Reg.kk_6_19 ThomsonN7.Reg.CP_25 ThomsonN7.Reg.kk_1_19 ThomsonN7.Reg.enc_60 ThomsonN7.Reg.kk_14_18 ThomsonN7.Reg.kk_4_9 ThomsonN7.Reg.kk_11_17 ThomsonN7.Reg.enc_57 ThomsonN7.Reg.kk_4_16 ThomsonN7.Reg.kk_7_19 ThomsonN7.Reg.kk_0_0 ThomsonN7.Reg.ss_3 ThomsonN7.Reg.enc_43 ThomsonN7.Reg.kk_4_18 ThomsonN7.Reg.enc_12 ThomsonN7.Reg.enc_26 ThomsonN7.Reg.kk_2_17 ThomsonN7.Reg.sq_5 ThomsonN7.Reg.kk_17_18 ThomsonN7.Reg.kk_0_3 ThomsonN7.Reg.kk_4_10 ThomsonN7.Reg.kk_11_16 ThomsonN7.Reg.kk_8_17 ThomsonN7.Reg.CP_34 ThomsonN7.Reg.enc_46 ThomsonN7.Reg.enc_5 ThomsonN7.Reg.enc_56 ThomsonN7.Reg.kk_0_18 ThomsonN7.Reg.enc_11 ThomsonN7.Reg.enc_16 ThomsonN7.Reg.enc_9 ThomsonN7.Reg.kk_11_14 ThomsonN7.Reg.CP_32 ThomsonN7.Reg.CP_13 ThomsonN7.Reg.kk_7_12 ThomsonN7.Reg.CP_54 ThomsonN7.Reg.enc_36 ThomsonN7.Reg.kk_17_19 ThomsonN7.Reg.CP_11 ThomsonN7.Reg.sq_15 ThomsonN7.Reg.kk_3_6 ThomsonN7.Reg.enc_23 ThomsonN7.Reg.kk_15_16 ThomsonN7.Reg.enc_30 ThomsonN7.Reg.kk_6_12 ThomsonN7.Reg.ss_0 ThomsonN7.Reg.kk_6_18 ThomsonN7.Reg.kk_8_15 ThomsonN7.Reg.sq_6 ThomsonN7.Reg.sq_11 ThomsonN7.Reg.kk_1_4 ThomsonN7.Reg.kk_1_10 ThomsonN7.Reg.enc_41 ThomsonN7.Reg.CP_3 ThomsonN7.Reg.kk_0_12 ThomsonN7.Reg.CP_38 ThomsonN7.Reg.kk_13_15 ThomsonN7.Reg.CP_0 ThomsonN7.Reg.kk_10_16 ThomsonN7.Reg.CP_8 ThomsonN7.Reg.kk_0_6 ThomsonN7.Reg.kk_5_11 ThomsonN7.Reg.enc_21 ThomsonN7.Reg.ss_17 ThomsonN7.Reg.kk_2_2 ThomsonN7.Reg.kk_8_8 ThomsonN7.Reg.enc_2 ThomsonN7.Reg.enc_8 ThomsonN7.Reg.ss_16 ThomsonN7.Reg.enc_54 ThomsonN7.Reg.kk_7_7 ThomsonN7.Reg.kk_4_4 ThomsonN7.Reg.CP_19 ThomsonN7.Reg.enc_48 ThomsonN7.Reg.kk_3_18 ThomsonN7.Reg.kk_16_17 ThomsonN7.Reg.CP_21 ThomsonN7.Reg.sq_7 ThomsonN7.Reg.CP_14 ThomsonN7.Reg.kk_14_14 ThomsonN7.Reg.kk_8_14 ThomsonN7.Reg.kk_8_19 ThomsonN7.Reg.enc_50 ThomsonN7.Reg.sq_20 ThomsonN7.Reg.kk_0_15 ThomsonN7.Reg.CP_16 ThomsonN7.Reg.enc_6 ThomsonN7.Reg.enc_38 ThomsonN7.Reg.kk_1_1 ThomsonN7.Reg.CP_55 ThomsonN7.Reg.kk_13_19 ThomsonN7.Reg.kk_10_12 ThomsonN7.Reg.kk_20_20 ThomsonN7.Reg.CP_7 ThomsonN7.Reg.sq_9 ThomsonN7.Reg.kk_7_10 ThomsonN7.Reg.CP_30 ThomsonN7.Reg.CP_28 ThomsonN7.Reg.CP_31 ThomsonN7.Reg.ss_2 ThomsonN7.Reg.kk_5_8 ThomsonN7.Reg.kk_3_13 ThomsonN7.Reg.kk_5_16 ThomsonN7.Reg.CP_41 ThomsonN7.Reg.enc_19 ThomsonN7.Reg.kk_9_13 ThomsonN7.Reg.kk_9_18 ThomsonN7.Reg.enc_18 ThomsonN7.Reg.CP_51 ThomsonN7.Reg.ss_5 ThomsonN7.Reg.enc_32 ThomsonN7.Reg.enc_0 ThomsonN7.Reg.kk_14_15 ThomsonN7.Reg.enc_20 ThomsonN7.Reg.kk_5_14 ThomsonN7.Reg.kk_17_20 ThomsonN7.Reg.ss_19 ThomsonN7.Reg.sq_2 ThomsonN7.Reg.enc_25 ThomsonN7.Reg.enc_10 ThomsonN7.Reg.CP_29 ThomsonN7.Reg.CP_40 ThomsonN7.Reg.CP_44 ThomsonN7.Reg.sq_8 ThomsonN7.Reg.sq_19 ThomsonN7.Reg.kk_5_5 ThomsonN7.Reg.CP_15 ThomsonN7.Reg.ss_7 ThomsonN7.Reg.ss_1 ThomsonN7.Reg.kk_6_7 ThomsonN7.Reg.kk_14_16 ThomsonN7.Reg.ss_11 ThomsonN7.Reg.kk_11_18 ThomsonN7.Reg.kk_2_11 ThomsonN7.Reg.InBox ThomsonN7.Reg.CP_57 ThomsonN7.Reg.kk_13_16 ThomsonN7.Reg.kk_18_18 ThomsonN7.Reg.kk_11_19 ThomsonN7.Reg.enc_24 ThomsonN7.Reg.kk_15_19 ThomsonN7.Reg.kk_4_19 ThomsonN7.Reg.kk_2_14 ThomsonN7.Reg.enc_39 ThomsonN7.Reg.kk_2_20 ThomsonN7.Reg.CP_59 ThomsonN7.Reg.kk_7_15 ThomsonN7.Reg.ss_12 ThomsonN7.Reg.ss_13 ThomsonN7.Reg.kk_13_13 ThomsonN7.Reg.enc_29 ThomsonN7.Reg.kk_3_7 ThomsonN7.Reg.CP_10 ThomsonN7.Reg.kk_2_5 ThomsonN7.Reg.kk_17_17 ThomsonN7.Reg.ss_8 ThomsonN7.Reg.CP_49 ThomsonN7.Reg.kk_4_13 ThomsonN7.Reg.kk_2_8 ThomsonN7.Reg.CP_24 ThomsonN7.Reg.kk_1_3 ThomsonN7.Reg.sq_14 ThomsonN7.Reg.kk_3_15 ThomsonN7.Reg.CP_42 ThomsonN7.Reg.kk_9_19 ThomsonN7.Reg.enc_49 ThomsonN7.Reg.kk_10_18 ThomsonN7.Reg.enc_1 ThomsonN7.Reg.sq_17 ThomsonN7.Reg.enc_47 ThomsonN7.Reg.enc_14 ThomsonN7.Reg.kk_1_6 ThomsonN7.Reg.enc_44 ThomsonN7.Reg.CP_1 ThomsonN7.Reg.kk_11_11 ThomsonN7.Reg.Fq ThomsonN7.Reg.enc_13 ThomsonN7.Reg.kk_9_16 ThomsonN7.Reg.enc_52 ThomsonN7.Reg.CP_56 ThomsonN7.Reg.kk_3_9 ThomsonN7.Reg.CP_18 ThomsonN7.Reg.CP_26 ThomsonN7.Reg.CP_58 ThomsonN7.Reg.kk_4_15 ThomsonN7.Reg.enc_53 ThomsonN7.Reg.CP_46 ThomsonN7.Reg.kk_16_16 ThomsonN7.Reg.CP_48 ThomsonN7.Reg.CP_27 ThomsonN7.Reg.kk_6_6 ThomsonN7.Reg.kk_6_15 ThomsonN7.Reg.CP_50 ThomsonN7.Reg.enc_58 ThomsonN7.Reg.sq_0 ThomsonN7.Reg.ss_4 ThomsonN7.Reg.kk_12_19 ThomsonN7.Reg.enc_35 ThomsonN7.Reg.kk_12_12 ThomsonN7.Reg.kk_10_13 ThomsonN7.Reg.sq_18 ThomsonN7.Reg.kk_10_15 ThomsonN7.Reg.kk_13_18 ThomsonN7.Reg.kk_5_20 ThomsonN7.Reg.kk_19_20 ThomsonN7.Reg.kk_5_18 ThomsonN7.Reg.kk_9_10 ThomsonN7.Reg.kk_12_15 ThomsonN7.Reg.enc_33 ThomsonN7.Reg.ss_10 ThomsonN7.Reg.kk_7_13 ThomsonN7.Reg.kk_12_18 ThomsonN7.Reg.ss_6 ThomsonN7.Reg.kk_2_15 ThomsonN7.Reg.enc_40 ThomsonN7.Reg.kk_14_17 ThomsonN7.Reg.kk_5_15 ThomsonN7.Reg.enc_37 ThomsonN7.Reg.kk_15_17 ThomsonN7.Reg.kk_6_13 ThomsonN7.Reg.kk_9_9 ThomsonN7.Reg.kk_2_18 ThomsonN7.Reg.CP_6 ThomsonN7.Reg.CP_9 ThomsonN7.Reg.CP_53 ThomsonN7.Reg.kk_4_7 ThomsonN7.Reg.CP_23 ThomsonN7.Reg.sq_4 ThomsonN7.Reg.CP_45 ThomsonN7.Reg.sq_16 ThomsonN7.Reg.CP_4 ThomsonN7.Reg.kk_6_16 ThomsonN7.Reg.sq_12 ThomsonN7.Reg.kk_3_16 ThomsonN7.Reg.CP_22 ThomsonN7.Reg.kk_3_3
_private.ThomsonN7.Solution.0.ThomsonN7.Cert.domAll.match_1.eq_1	theorem	0	0	ThomsonN7.Cert.domAll.match_1
ThomsonN7.SlabOneD.Slab_s98_96.termHB_3	def	16783	16784	ThomsonN7.SlabOneD.Term ThomsonN7.SlabOneD.Term.mk
ThomsonN7.Reg.mlo_25	theorem	7057	7058	ThomsonN7.Reg.mon_lo ThomsonN7.Reg.InBox
ThomsonN7.Case1.c1Stat_sub	theorem	10334	10335	ThomsonN7.Kron.Ex.sub ThomsonN7.Case1.c1Stat ThomsonN7.Case1.C1Stat ThomsonN7.Case1.c1Sub ThomsonN7.Kron.Ex
ThomsonN7.Kron.natAbs_coefk_le	theorem	1836	1844	ThomsonN7.Kron.natAbs_coefk_le._proof_1 ThomsonN7.Kron.Ex.Term ThomsonN7.Kron.Ex.sumAbs ThomsonN7.Kron.coefk ThomsonN7.Kron.code
ThomsonN7.Case1Data.S6_B_D_28	def	10207	10207	
ThomsonN7.M2.rb_pos	theorem	2963	2966	ThomsonN7.cyl._proof_1 ThomsonN7.pentBipyramid._proof_1 ThomsonN7.M2.rb
ThomsonN7.M6.chk3	def	11598	11603	ThomsonN7.M6.Box6 ThomsonN7.M6.chk3._f
ThomsonN7.GV.P_inner_05	theorem	5480	5481	ThomsonN7.GV.pent5' ThomsonN7.GV.inner_cols ThomsonN7.R3 ThomsonN7.pentBipyramid ThomsonN7.GV.pent0
ThomsonN7.SlabOneD.peval_pneg	theorem	15156	15161	ThomsonN7.SlabOneD.peval ThomsonN7.SlabOneD.peval.eq_2 ThomsonN7.SlabOneD.pneg ThomsonN7.SlabOneD.peval.eq_1
ThomsonN7.Reg.W_0_2	theorem	4329	4330	ThomsonN7.Reg.W ThomsonN7.Reg.W_ne ThomsonN7.Base.c2 ThomsonN7.Reg.g_0_2 ThomsonN7.Base.phi ThomsonN7.R3 ThomsonN7.pentBipyramid
ThomsonN7.Case1Data.S4_B	def	10063	10063	ThomsonN7.Case1Data.S4_B_d ThomsonN7.Cert.Blk ThomsonN7.Case1Data.S4_B_D ThomsonN7.Case1Data.S4_B_l ThomsonN7.Cert.Blk.mk
ThomsonN7.M2.K8.add	def	2874	2877	ThomsonN7.M2.K8.x4 ThomsonN7.M2.K8.x1 ThomsonN7.M2.K8 ThomsonN7.M2.K8.x3 ThomsonN7.M2.K8.x7 ThomsonN7.M2.K8.x2 ThomsonN7.M2.K8.x6 ThomsonN7.M2.K8.mk ThomsonN7.M2.K8.x5 ThomsonN7.M2.K8.x0
ThomsonN7.Case1Data.S1_B_l_11	def	9774	9774	
ThomsonN7.Cert.tc_s96_94_FR0	def	16893	16896	ThomsonN7.Cert.Blk ThomsonN7.Cert.mkBlk
ThomsonN7.Case1Data.S4_B_l_17	def	10008	10008	
ThomsonN7.M2.phi_sub_H_aux	theorem	3229	3234	ThomsonN7.M2.Hlist ThomsonN7.M2.ra ThomsonN7.M2.rs2 ThomsonN7.M2.rb ThomsonN7.M2.Qs_real ThomsonN7.M2.Pl.eval ThomsonN7.M2.qlist
ThomsonN7.Glue.Coerce.ContactA.check.eq_1	theorem	0	0	ThomsonN7.Glue.Coerce.ContactA.ya1 ThomsonN7.Glue.Coerce.ContactA.ya2 ThomsonN7.Glue.Coerce.ContactA.Dq ThomsonN7.CutOneD.pneg ThomsonN7.CutOneD.padd ThomsonN7.Glue.Coerce.chainOK ThomsonN7.Glue.Coerce.ContactA.check ThomsonN7.Glue.Coerce.Fpoly ThomsonN7.CutOneD.pscale ThomsonN7.CutOneD.pmul ThomsonN7.Glue.Coerce.ContactA.pieces ThomsonN7.Glue.Coerce.ContactA.G ThomsonN7.Glue.Coerce.ContactA.g0d ThomsonN7.Glue.Coerce.ContactA ThomsonN7.Glue.Coerce.ContactA.g0n ThomsonN7.Glue.Coerce.ContactA.Q
ThomsonN7.SlabOneD.Slab_s98_96.certHA_ok._proof_1	theorem	0	0	ThomsonN7.SlabOneD.Slab_s98_96.parHA ThomsonN7.SlabOneD.Cert.check ThomsonN7.SlabOneD.Slab_s98_96.certHA
ThomsonN7.T4.sigEquiv_apply	theorem	11816	11816	ThomsonN7.T4.sig7 ThomsonN7.T4.sigEquiv
ThomsonN7.SlabOneD.sqSum.eq_1	theorem	0	0	ThomsonN7.SlabOneD.sqSum
ThomsonN7.Glue.Coerce.ppow.eq_1	theorem	0	0	ThomsonN7.Glue.Coerce.ppow
ThomsonN7.Cert.degK_sqF_le	theorem	14360	14368	ThomsonN7.Cert.degK_sqF_le._f ThomsonN7.Cert.mxs ThomsonN7.Cert.degK ThomsonN7.Cert.sqF
ThomsonN7.Reg.pent_critical_0	theorem	4532	4538	ThomsonN7.Reg.W ThomsonN7.Reg.W_0_6 ThomsonN7.Reg.W_0_2 ThomsonN7.Reg.s1 ThomsonN7.Reg.W_0_5 ThomsonN7.Base.c2 ThomsonN7.Reg.pent_2 ThomsonN7.Reg.W_0_3 ThomsonN7.Reg.W_0_4 ThomsonN7.Base.phi ThomsonN7.R3 ThomsonN7.Base.c1 ThomsonN7.Reg.pent_5' ThomsonN7.Reg.s2 ThomsonN7.Reg.pent_0 ThomsonN7.Reg.pent_6' ThomsonN7.Reg.W_0_1 ThomsonN7.Reg.muP ThomsonN7.Reg.W_0_0 ThomsonN7.pentBipyramid ThomsonN7.Reg.pent_3 ThomsonN7.Reg.pent_4 ThomsonN7.Reg.pent_1 ThomsonN7.Reg.muP_0
ThomsonN7.SlabOneD.Slab_s99_98.certHB	def	16457	16461	ThomsonN7.SlabOneD.Cert.mk ThomsonN7.SlabOneD.Slab_s99_98.termHB_0 ThomsonN7.SlabOneD.Term ThomsonN7.SlabOneD.Cert ThomsonN7.SlabOneD.Slab_s99_98.termHB_3 ThomsonN7.SlabOneD.Slab_s99_98.termHB_1 ThomsonN7.SlabOneD.Slab_s99_98.termHB_2
ThomsonN7.Reg.W_0_6	theorem	4341	4342	ThomsonN7.Reg.W ThomsonN7.Reg.W_ne ThomsonN7.Base.phi ThomsonN7.Reg.g_0_6 ThomsonN7.R3 ThomsonN7.pentBipyramid
ThomsonN7.Cert.tc_s98_96_G	theorem	16720	16720	ThomsonN7.Cert.TCert.chkG ThomsonN7.Cert.tc_s98_96 ThomsonN7.Cert.tc_s98_96_G._proof_1
ThomsonN7.CutOneD.pmul.eq_def	theorem	0	0	ThomsonN7.CutOneD.padd ThomsonN7.CutOneD.pscale ThomsonN7.CutOneD.pmul.match_1 ThomsonN7.CutOneD.pmul _private.ThomsonN7.Solution.0.ThomsonN7.CutOneD.pmul.match_1.splitter ThomsonN7.CutOneD.pmul._f
ThomsonN7.SlabOneD.mem_natAbs_le_l1	theorem	15342	15350	ThomsonN7.SlabOneD.mem_natAbs_le_l1._proof_4 ThomsonN7.SlabOneD.l1
ThomsonN7.Cert.Cert3.Lam	def	2642	2642	ThomsonN7.Cert.Cert3
ThomsonN7.GV.L22_bounds	theorem	5228	5232	
ThomsonN7.Reg.kk_2_18	theorem	7841	7843	ThomsonN7.Reg.cross_of_enc
ThomsonN7.Glue.Coerce.Contact1R.recOn	def	13524	13536	ThomsonN7.Glue.Coerce.Contact1R.mk ThomsonN7.Glue.Coerce.Contact1R.rec ThomsonN7.Glue.Coerce.Contact1R ThomsonN7.Glue.Coerce.BPiece
ThomsonN7.SlabOneD.Slab_s98_96.termHB_0	def	16774	16775	ThomsonN7.SlabOneD.Term ThomsonN7.SlabOneD.Term.mk
ThomsonN7.Cert.ev_lamBE	theorem	14803	14813	ThomsonN7.Kron.Ex.sub ThomsonN7.Cert.polyR ThomsonN7.Cert.ev_hvE ThomsonN7.Cert.hvE ThomsonN7.ThreePoint.gm ThomsonN7.Cert.SE ThomsonN7.ThreePoint.Sk ThomsonN7.Cert.Blk ThomsonN7.Cert.Sk_fmat ThomsonN7.Kron.Ex.ev ThomsonN7.Kron.Ex.ev_smul ThomsonN7.Cert.sbst ThomsonN7.cyl._proof_1 ThomsonN7.ThreePoint.lamB ThomsonN7.Cert.ev_sbst ThomsonN7.Cert.ev_gmE ThomsonN7.Kron.Ex.add ThomsonN7.Kron.Ex.c ThomsonN7.Kron.Ex.smul ThomsonN7.Cert.fmat ThomsonN7.Cert.lamBE ThomsonN7.Cert.gmE ThomsonN7.Kron.Ex.ev_sub ThomsonN7.Base.c1._proof_1
ThomsonN7.M3.emb_val4	theorem	3591	3592	ThomsonN7.M3.emb ThomsonN7.pentBipyramid._proof_1 ThomsonN7.M3.cosA ThomsonN7.M3.cosB ThomsonN7.Base.c1._proof_1 ThomsonN7.M3.val ThomsonN7.M3.emb_apply ThomsonN7.M3.val4
ThomsonN7.Cert.degK_sumE_map.match_1	def	0	0	ThomsonN7.Kron.Ex ThomsonN7.Cert.degK
ThomsonN7.M2.Pl.add.match_1	def	0	0	ThomsonN7.M2.K8
ThomsonN7.Cert.degK._unsafe_rec	def	0	0	ThomsonN7.Cert.degK._unsafe_rec ThomsonN7.Cert.proj ThomsonN7.Kron.Ex.ev.match_1 ThomsonN7.Kron.Ex
ThomsonN7.Kron.digit_unique._proof_1	theorem	0	0	
ThomsonN7.Cert.TCert.cbef	def	14976	14977	ThomsonN7.Cert.TCert.cbe ThomsonN7.Cert.TCert ThomsonN7.Cert.TCert.Lam
ThomsonN7.Glue.Coerce.Contact2R.tube	theorem	13682	13738	ThomsonN7.Glue.Coerce.Contact2R ThomsonN7.Glue.Coerce.Contact2R.R_nonneg ThomsonN7.Glue.Coerce.Contact2R.Dq ThomsonN7.Glue.Coerce.Contact2R.Q ThomsonN7.Glue.Coerce.Contact2R.q2 ThomsonN7.Glue.Coerce.Contact2R.G ThomsonN7.Glue.Coerce.Contact2R.G_ge ThomsonN7.CutOneD.pneg ThomsonN7.CutOneD.padd ThomsonN7.Glue.Coerce.Contact2R.factor ThomsonN7.Glue.Coerce.one_sub_two_yOf_sq ThomsonN7.Glue.Coerce.chainOK ThomsonN7.Glue.Coerce.F_le_of_slack ThomsonN7.Glue.Coerce.Fpoly ThomsonN7.Glue.Coerce.yOf_le_one ThomsonN7.Glue.Coerce.H_le_phi_of_F ThomsonN7.Glue.Coerce.lin ThomsonN7.Glue.Coerce.Contact2R.pieces ThomsonN7.Glue.Coerce.yOf ThomsonN7.CutOneD.pscale ThomsonN7.Glue.Coerce.Contact2R.g0n ThomsonN7.Glue.Coerce.Contact2R.p2 ThomsonN7.Glue.Coerce.Contact2R.piecesR ThomsonN7.Base.phi ThomsonN7.Glue.Coerce.Contact2R.g0d ThomsonN7.Glue.Coerce.abs_t_sub_le ThomsonN7.CutOneD.pmul ThomsonN7.Glue.Coerce.Contact2R.R ThomsonN7.Glue.Coerce.Contact2R.s ThomsonN7.Glue.Coerce.Contact2R.p1 ThomsonN7.Glue.Coerce.yOf_pos ThomsonN7.Glue.Coerce.two_node_alt ThomsonN7.Glue.Coerce.Contact2R.check ThomsonN7.CutOneD.peval ThomsonN7.Glue.Coerce.Contact2R.q1
ThomsonN7.Kron.Ex.dx.eq_2	theorem	0	0	ThomsonN7.Kron.Ex.dx ThomsonN7.Kron.Ex.mon
ThomsonN7.Case1Data.F2_l_1	def	9624	9624	
ThomsonN7.M2.instDecidableEqK8.decEq._proof_4	theorem	0	0	ThomsonN7.M2.K8 ThomsonN7.M2.K8.mk.noConfusion ThomsonN7.M2.K8.mk
ThomsonN7.Reg.enc_43	theorem	7591	7602	ThomsonN7.Reg.mlo_31 ThomsonN7.triCapPrism._proof_1 ThomsonN7.Reg.mhi_33 ThomsonN7.Reg.CP_43 ThomsonN7.Reg.mhi_23 ThomsonN7.Reg.mhi_31 ThomsonN7.Reg.mlo_33 ThomsonN7.Reg.mlo_23 ThomsonN7.Reg.mhi_20 ThomsonN7.triCapPrism._proof_2 ThomsonN7.Reg.mlo_20 ThomsonN7.RegB.phiCos._proof_1 ThomsonN7.Reg.InBox ThomsonN7.Base.c1._proof_1
ThomsonN7.Case1Data.F1_l_4	def	9613	9613	
ThomsonN7.RegB.lam2	def	5076	5077	ThomsonN7.Base.c2 ThomsonN7.Base.phi ThomsonN7.Base.c1 ThomsonN7.pentBipyramid._proof_1
ThomsonN7.Cert.degK.eq_1	theorem	0	0	ThomsonN7.Kron.Ex.c ThomsonN7.Cert.degK
ThomsonN7.Reg.id_mem_isoSet	theorem	4762	4762	ThomsonN7.R3 ThomsonN7.Reg.IsoSet
ThomsonN7.Base.coulombEnergy_eq_sum_phi	theorem	345	350	ThomsonN7.coulombEnergy ThomsonN7.Base.phi ThomsonN7.R3 ThomsonN7.Base.norm_sub_inv_eq_phi
ThomsonN7.Cert.gramOK_swap12	theorem	2568	2570	ThomsonN7.cyl._proof_1 ThomsonN7.ThreePoint.GramOK
ThomsonN7.Reg.kk_0_0	theorem	7766	7768	ThomsonN7.Reg.diag_of_enc
ThomsonN7.Cert.tc_cap_SG3	def	16043	16047	ThomsonN7.Cert.TBlk ThomsonN7.Cert.TBlk.mk
ThomsonN7.Reg.enc_53	theorem	7703	7710	ThomsonN7.Reg.mlo_31 ThomsonN7.Reg.mhi_33 ThomsonN7.Reg.mhi_31 ThomsonN7.Reg.mlo_33 ThomsonN7.triCapPrism._proof_2 ThomsonN7.RegB.phiCos._proof_1 ThomsonN7.Reg.InBox ThomsonN7.Reg.CP_53
_private.ThomsonN7.Solution.0.ThomsonN7.Cert.perm3.match_1.eq_4	theorem	0	0	ThomsonN7.Cert.perm3.match_1
ThomsonN7.Cert.perm3.eq_6	theorem	0	0	ThomsonN7.Cert.perm3 _private.ThomsonN7.Solution.0.ThomsonN7.Cert.perm3.match_1.eq_6 ThomsonN7.Cert.perm3.match_1
ThomsonN7.M6.Box6.Mem	def	11481	11482	ThomsonN7.M6.Box6.A ThomsonN7.M6.Box6.F ThomsonN7.M6.Box6.D ThomsonN7.M6.Box6.C ThomsonN7.M6.Box6.B ThomsonN7.M6.Box6 ThomsonN7.M6.Imem ThomsonN7.M6.Box6.E
ThomsonN7.Cert.tc_s98_96_FP2	def	16544	16547	ThomsonN7.Cert.Blk ThomsonN7.Cert.mkBlk
ThomsonN7.SlabOneD.Slab_s98_96.termHA_2	def	16741	16742	ThomsonN7.SlabOneD.Term ThomsonN7.SlabOneD.Term.mk
ThomsonN7.Case1Data.S6_B_l_22	def	10165	10165	
ThomsonN7.Reg.gP_0_1	theorem	8294	8294	ThomsonN7.Reg.g_0_1 ThomsonN7.Reg.gP ThomsonN7.Base.c1
ThomsonN7.Case1Data.S0	def	9761	9761	ThomsonN7.Cert.SBlk ThomsonN7.Case1Data.S0_B ThomsonN7.Case1Data.S0_z ThomsonN7.Cert.SBlk.mk
ThomsonN7.Reg.pc_6_2	theorem	8355	8356	ThomsonN7.R3 ThomsonN7.Reg.pent_6' ThomsonN7.pentBipyramid
ThomsonN7.Cert.l1_rowF_le	theorem	14212	14225	ThomsonN7.Cert.l1_rowF_le._f ThomsonN7.Kron.Ex.l1 ThomsonN7.Cert.rowF
ThomsonN7.GV.P_inner_01	theorem	5477	5478	ThomsonN7.GV.inner_cols ThomsonN7.GV.pent1 ThomsonN7.R3 ThomsonN7.Base.c1 ThomsonN7.Base.cos_2pi5 ThomsonN7.pentBipyramid ThomsonN7.GV.pent0
ThomsonN7.Reg.mhi_17	theorem	7027	7028	ThomsonN7.Reg.mon_hi ThomsonN7.Reg.InBox
ThomsonN7.norm_eq_of_sq_eq	theorem	205	206	ThomsonN7.R3
ThomsonN7.Cert.Blk.ent	def	2176	2178	ThomsonN7.Cert.Blk.del ThomsonN7.Cert.Blk ThomsonN7.Cert.Blk.lq ThomsonN7.Cert.Blk.dq
ThomsonN7.Cert.polyR.eq_1	theorem	0	0	ThomsonN7.Cert.polyR
ThomsonN7.M3.ccOf	def	3852	3854	ThomsonN7.M3.cP._proof_1 ThomsonN7.cyl._proof_1 ThomsonN7.R3 ThomsonN7.M3.colorOf
ThomsonN7.Reg.W_6_5	theorem	4459	4460	ThomsonN7.Reg.W ThomsonN7.Reg.W_ne ThomsonN7.Reg.g_6_5 ThomsonN7.Base.phi ThomsonN7.R3 ThomsonN7.pentBipyramid
ThomsonN7.Reg.pent_local_min_sup	theorem	9095	9109	ThomsonN7.coulombEnergy ThomsonN7.SphereConfig ThomsonN7.R3 ThomsonN7.Reg.pent_local_min ThomsonN7.pentBipyramid
ThomsonN7.Case1Data.S1_B_D_22	def	9821	9821	
ThomsonN7.Cert.unpackI._f	def	0	0	ThomsonN7.Cert.unpackI.match_1
ThomsonN7.ThreePoint.Y3	def	533	535	ThomsonN7.ThreePoint.Q3
_private.ThomsonN7.Solution.0.ThomsonN7.M2.Pl.add.match_1.eq_2	theorem	0	0	ThomsonN7.M2.K8 ThomsonN7.M2.Pl.add.match_1
_private.ThomsonN7.Solution.0.ThomsonN7.Cert.dotN.match_1.splitter	def	0	0	ThomsonN7.Cert.dotN.match_1
ThomsonN7.Reg.gP_0_5	theorem	8298	8298	ThomsonN7.Reg.g_0_5 ThomsonN7.Reg.gP
ThomsonN7.Case1Data.S2_B_D_17	def	9892	9892	
ThomsonN7.ThreePoint.dsum_mul_left	theorem	808	814	ThomsonN7.ThreePoint.dsum
ThomsonN7.Reg.g_4_5	theorem	4283	4284	ThomsonN7.Base.pent_inner_north ThomsonN7.R3 ThomsonN7.pentBipyramid
ThomsonN7.Base.cos_8pi5	theorem	436	439	ThomsonN7.Base.c1 ThomsonN7.Base.cos_2pi5
ThomsonN7.Case1Data.S7_B_l_16	def	10235	10235	
ThomsonN7.SlabOneD.Term.noConfusion	def	15217	15223	ThomsonN7.SlabOneD.Term.noConfusionType ThomsonN7.SlabOneD.Term ThomsonN7.SlabOneD.Term.casesOn
ThomsonN7.cos_sub_eq_one_of_cyl_eq	theorem	78	83	ThomsonN7.R3 ThomsonN7.cyl ThomsonN7.norm_sq_cyl_sub
ThomsonN7.M2.K8.one	def	2868	2869	ThomsonN7.M2.K8 ThomsonN7.M2.K8.mk
ThomsonN7.Cert.tc_cap_SA2	def	15965	15969	ThomsonN7.Cert.TBlk ThomsonN7.Cert.TBlk.mk
ThomsonN7.CutOneD.cutCert_ok._proof_1	theorem	0	0	ThomsonN7.CutOneD.cutCert ThomsonN7.CutOneD.Cert.check
ThomsonN7.Case1Data.S0_B_D_12	def	9714	9714	
ThomsonN7.Case1Data.S4_B_D_15	def	10042	10042	
ThomsonN7.Reg.enc_60	theorem	7761	7765	ThomsonN7.Reg.CP_60 ThomsonN7.Reg.InBox ThomsonN7.Reg.CP_60._proof_1
ThomsonN7.GV.norm_sq_cols	theorem	5366	5368	ThomsonN7.GV.norm_sq_coord ThomsonN7.R3
ThomsonN7.Glue.Coerce.PlainCert.mk	ctor	13122	13122	ThomsonN7.Glue.Coerce.PlainCert.mk ThomsonN7.Glue.Coerce.PlainCert ThomsonN7.Glue.Coerce.BPiece
ThomsonN7.Cert.natAbs_field_le._proof_1	theorem	0	0	
ThomsonN7.M6.chk3_sound	theorem	11605	11621	ThomsonN7.M6.Box6.A ThomsonN7.M6.chk3 ThomsonN7.M6.Box6.F ThomsonN7.M6.Box6.Mem ThomsonN7.M6.Box6.split ThomsonN7.M6.Box6.mem_split ThomsonN7.M6.Box6.D ThomsonN7.M6.Box6.C ThomsonN7.M6.widest ThomsonN7.M6.Box6.B ThomsonN7.M6.Box6 ThomsonN7.M6.Imem ThomsonN7.M6.idet3 ThomsonN7.M6.det3h ThomsonN7.M6.Box6.E ThomsonN7.M6.idet3_mem
ThomsonN7.ThreePoint.instDecidableIsP	def	11002	11002	ThomsonN7.ThreePoint.isP
ThomsonN7.Reg.pent_critical_6	theorem	4580	4586	ThomsonN7.Reg.muP_6 ThomsonN7.Reg.W_6_0 ThomsonN7.Reg.W ThomsonN7.Reg.W_6_3 ThomsonN7.Reg.s1 ThomsonN7.Reg.W_6_5 ThomsonN7.Reg.W_6_6 ThomsonN7.Base.c2 ThomsonN7.Reg.pent_2 ThomsonN7.Reg.W_6_2 ThomsonN7.Base.phi ThomsonN7.R3 ThomsonN7.Base.c1 ThomsonN7.Reg.pent_5' ThomsonN7.Reg.s2 ThomsonN7.Reg.pent_0 ThomsonN7.Reg.pent_6' ThomsonN7.Reg.crit_6_x ThomsonN7.Reg.W_6_4 ThomsonN7.Reg.muP ThomsonN7.Reg.W_6_1 ThomsonN7.pentBipyramid ThomsonN7.Reg.pent_3 ThomsonN7.Reg.pent_4 ThomsonN7.Reg.pent_1
ThomsonN7.Cert.q3E	def	2078	2083	ThomsonN7.Cert.q3E._f ThomsonN7.Kron.Ex
ThomsonN7.Cert.tc_s94_93_FP5	def	17217	17220	ThomsonN7.Cert.Blk ThomsonN7.Cert.mkBlk
ThomsonN7.SlabOneD.Slab_s99_98.termHC_0	def	16472	16473	ThomsonN7.SlabOneD.Term ThomsonN7.SlabOneD.Term.mk
ThomsonN7.M2.Qs.eq_1	theorem	0	0	ThomsonN7.M2.K8 ThomsonN7.M2.Qs ThomsonN7.M2.Pl.scale ThomsonN7.M2.K8.zero ThomsonN7.M2.K8.one ThomsonN7.M2.Pl.mul ThomsonN7.M2.K8.ofRat ThomsonN7.M2.Hs ThomsonN7.M2.Pl.add
ThomsonN7.Kron.coefk.eq_def	theorem	0	0	ThomsonN7.Kron.Ex.Term ThomsonN7.Kron.coefk ThomsonN7.Kron.coefk._f ThomsonN7.Kron.code ThomsonN7.Kron.coefk.match_1 _private.ThomsonN7.Solution.0.ThomsonN7.Kron.coefk.match_1.splitter
ThomsonN7.Glue.Coerce.yOf_pos	theorem	13041	13044	ThomsonN7.Glue.Coerce.yOf ThomsonN7.cyl._proof_1
ThomsonN7.cyl	def	32	33	ThomsonN7.cyl._proof_1 ThomsonN7.R3
ThomsonN7.Reg.CP_34	def	6771	6771	ThomsonN7.triCapPrism._proof_1 ThomsonN7.Base.c1._proof_1
ThomsonN7.ThreePoint.pole_pair	theorem	11069	11084	ThomsonN7.ThreePoint.pole_pair._proof_1 ThomsonN7.ThreePoint.isP
ThomsonN7.M3.search_eq	theorem	3452	3453	ThomsonN7.M3.search ThomsonN7.M3.search_eq._proof_1
ThomsonN7.Case1Data.S1_B_l_4	def	9767	9767	
ThomsonN7.Cert.comb2	def	14612	14615	ThomsonN7.Cert.comb2._f
ThomsonN7.SlabOneD.sqSum	def	15180	15183	ThomsonN7.SlabOneD.sqSum._f
ThomsonN7.Kron.decode_code._proof_2	theorem	0	0	
ThomsonN7.SlabOneD.Cert.noConfusion	def	15235	15240	ThomsonN7.SlabOneD.Term ThomsonN7.SlabOneD.Cert.noConfusionType ThomsonN7.SlabOneD.Cert ThomsonN7.SlabOneD.Cert.casesOn
ThomsonN7.Kron.Ex.deg_le._simp_17	theorem	0	0	
ThomsonN7.Cert.ev_lamAE	theorem	14791	14801	ThomsonN7.Kron.Ex.sub ThomsonN7.Cert.polyR ThomsonN7.Cert.ev_hvE ThomsonN7.Cert.hvE ThomsonN7.ThreePoint.gm ThomsonN7.ThreePoint.lamA ThomsonN7.Cert.SE ThomsonN7.ThreePoint.Sk ThomsonN7.Cert.Blk ThomsonN7.Cert.lamAE ThomsonN7.Cert.Sk_fmat ThomsonN7.Kron.Ex.ev ThomsonN7.Kron.Ex.ev_smul ThomsonN7.Cert.sbst ThomsonN7.cyl._proof_1 ThomsonN7.Cert.ev_sbst ThomsonN7.Cert.ev_gmE ThomsonN7.Kron.Ex.add ThomsonN7.pentBipyramid._proof_1 ThomsonN7.Kron.Ex.c ThomsonN7.Kron.Ex.smul ThomsonN7.Cert.fmat ThomsonN7.Cert.gmE ThomsonN7.Kron.Ex.ev_sub
ThomsonN7.Reg.kk_12_18	theorem	8111	8113	ThomsonN7.Reg.cross_of_enc
ThomsonN7.Cert.tc_s93_90_SA5	def	17611	17615	ThomsonN7.Cert.TBlk ThomsonN7.Cert.TBlk.mk
ThomsonN7.Glue.cap_of_typed7	theorem	12577	12600	ThomsonN7.coulombEnergy ThomsonN7.ThreePoint.lamA ThomsonN7.SphereConfig ThomsonN7.ThreePoint.Sk ThomsonN7.Base.c2 ThomsonN7.Glue.Concl ThomsonN7.Base.neg_one_le_inner_of_unit ThomsonN7.ThreePoint.lamG ThomsonN7.Base.phi ThomsonN7.ThreePoint.lamB ThomsonN7.Glue.cap_of_typed ThomsonN7.R3 ThomsonN7.Base.c1 ThomsonN7.Glue.typed7_cls3 ThomsonN7.ThreePoint.GramOK ThomsonN7.pentBipyramid
ThomsonN7.Cert.fpE	def	2281	2286	ThomsonN7.Cert.Blk.del ThomsonN7.Kron.Ex.mul ThomsonN7.Kron.Ex.sumRange ThomsonN7.Kron.Ex.mon ThomsonN7.Cert.Blk ThomsonN7.Cert.Blk.lq ThomsonN7.Cert.Blk.dq ThomsonN7.Kron.Ex.add ThomsonN7.Cert.smulNZ ThomsonN7.Kron.Ex
ThomsonN7.Glue.cap_of_typed_tube._proof_4	theorem	0	0	
ThomsonN7.Kron.code.eq_1	theorem	0	0	ThomsonN7.Kron.Ex.Term ThomsonN7.Kron.code
ThomsonN7.SlabOneD.evalZ_pmul	theorem	15282	15286	ThomsonN7.SlabOneD.padd ThomsonN7.SlabOneD.evalZ_pscale ThomsonN7.SlabOneD.pmul ThomsonN7.SlabOneD.pscale ThomsonN7.SlabOneD.evalZ.eq_1 ThomsonN7.SlabOneD.evalZ ThomsonN7.SlabOneD.evalZ_padd
ThomsonN7.Glue.Coerce.PlainCert.mk.sizeOf_spec	theorem	0	0	ThomsonN7.Glue.Coerce.PlainCert.mk ThomsonN7.Glue.Coerce.PlainCert ThomsonN7.Glue.Coerce.BPiece ThomsonN7.Glue.Coerce.PlainCert._sizeOf_inst ThomsonN7.Glue.Coerce.BPiece._sizeOf_inst
ThomsonN7.Cert.ev_q3E	theorem	2085	2092	ThomsonN7.Cert.q3E ThomsonN7.ThreePoint.Q3 ThomsonN7.Kron.Ex.ev ThomsonN7.Cert.ev_q3E._f
ThomsonN7.Cert.Blk.noConfusionType	def	0	0	ThomsonN7.Cert.Blk ThomsonN7.Cert.Blk.casesOn
ThomsonN7.Glue.node_c2_of	theorem	15774	15777	ThomsonN7.Glue.Coerce.abs_node_sub_c2_le ThomsonN7.Glue.sqrt5_le_of ThomsonN7.Base.c2 ThomsonN7.Glue.le_sqrt5_of
ThomsonN7.M2.rs2.eq_1	theorem	0	0	ThomsonN7.triCapPrism._proof_1 ThomsonN7.M2.rs2 ThomsonN7.M2.rb
ThomsonN7.CutOneD.Cert.mk.sizeOf_spec	theorem	0	0	ThomsonN7.CutOneD.Cert.mk ThomsonN7.CutOneD.Cert._sizeOf_inst ThomsonN7.CutOneD.Cert
ThomsonN7.Reg.CP_1	def	6738	6738	ThomsonN7.triCapPrism._proof_1
ThomsonN7.Glue.seven_of_specs	theorem	12802	12810	ThomsonN7.coulombEnergy ThomsonN7.SphereConfig ThomsonN7.Glue.SlabSpec ThomsonN7.Glue.slabSpec_sound ThomsonN7.R3 ThomsonN7.Glue.capSpec_sound ThomsonN7.pentBipyramid ThomsonN7.Glue.CapSpec ThomsonN7.Glue.seven_of_cap_slabs
ThomsonN7.RegB.t0_26	theorem	5095	5095	ThomsonN7.RegB.t0 ThomsonN7.RegB.t0_south
ThomsonN7.TwoRegime.seven_of_AB	theorem	5679	5701	ThomsonN7.coulombEnergy ThomsonN7.SphereConfig ThomsonN7.R3 ThomsonN7.TwoRegime.sumW ThomsonN7.TwoRegime.RegimeA ThomsonN7.pentBipyramid ThomsonN7.TwoRegime.RegimeB
ThomsonN7.Glue.Coerce.Contact2.recOn	def	13265	13277	ThomsonN7.Glue.Coerce.Contact2.mk ThomsonN7.Glue.Coerce.Contact2 ThomsonN7.Glue.Coerce.Contact2.rec ThomsonN7.Glue.Coerce.BPiece
ThomsonN7.Cert.Blk.ok	def	2180	2185	ThomsonN7.Cert.Blk.del ThomsonN7.Cert.Blk ThomsonN7.Cert.Blk.dq
ThomsonN7.Cert.offAbs.match_1	def	0	0	
ThomsonN7.Reg.CP_52.eq_1	theorem	0	0	ThomsonN7.Reg.CP_52 ThomsonN7.triCapPrism._proof_1 ThomsonN7.triCapPrism._proof_2
ThomsonN7.Cert.tc_s99_98_SG2	def	16343	16347	ThomsonN7.Cert.TBlk ThomsonN7.Cert.TBlk.mk
ThomsonN7.T4.mk10.eq_1	theorem	0	0	ThomsonN7.T4.mk10 ThomsonN7.T4.pidx
ThomsonN7.Reg.g_6_5	theorem	4321	4322	ThomsonN7.Reg.g_5_6 ThomsonN7.R3 ThomsonN7.pentBipyramid
ThomsonN7.M2.Pl.comp._f	def	0	0	ThomsonN7.M2.K8 ThomsonN7.M2.Pl.mul ThomsonN7.M2.Pl.add ThomsonN7.M2.Pl.mul.match_1
ThomsonN7.Case1Data.S3_B_D_17	def	9968	9968	
ThomsonN7.Cert.tc_s98_96_SG0	def	16660	16664	ThomsonN7.Cert.TBlk ThomsonN7.Cert.TBlk.mk
ThomsonN7.SlabOneD.Slab_s94_93.termHA_4	def	17405	17406	ThomsonN7.SlabOneD.Term ThomsonN7.SlabOneD.Term.mk
ThomsonN7.triCapPrism	def	42	48	ThomsonN7.triCapPrism._proof_1 ThomsonN7.triCapPrism._proof_2 ThomsonN7.cyl._proof_1 ThomsonN7.R3 ThomsonN7.cyl
_private.ThomsonN7.Solution.0.ThomsonN7.Cert.codeE.match_1.eq_1	theorem	0	0	ThomsonN7.Cert.codeE.match_1
ThomsonN7.ThreePoint.Q3.eq_3	theorem	0	0	ThomsonN7.ThreePoint.Q3 ThomsonN7.cyl._proof_1
ThomsonN7.Cert.chk	def	2678	2680	ThomsonN7.Kron.Ex.dy ThomsonN7.Kron.Ex.kev ThomsonN7.Kron.Ex.dz ThomsonN7.Kron.Ex.dx ThomsonN7.Kron.Ex ThomsonN7.Kron.Ex.l1
ThomsonN7.Cert.tc_cap_SB0	def	15995	15999	ThomsonN7.Cert.TBlk ThomsonN7.Cert.TBlk.mk
ThomsonN7.Glue.Coerce.Contact2.check.eq_1	theorem	0	0	ThomsonN7.Glue.Coerce.Contact2.q2 ThomsonN7.CutOneD.pneg ThomsonN7.CutOneD.padd ThomsonN7.Glue.Coerce.Contact2 ThomsonN7.Glue.Coerce.chainOK ThomsonN7.Glue.Coerce.Contact2.p2 ThomsonN7.Glue.Coerce.Fpoly ThomsonN7.Glue.Coerce.Contact2.pieces ThomsonN7.Glue.Coerce.Contact2.G ThomsonN7.Glue.Coerce.Contact2.q1 ThomsonN7.Glue.Coerce.Contact2.Q ThomsonN7.Glue.Coerce.lin ThomsonN7.CutOneD.pscale ThomsonN7.Glue.Coerce.Contact2.g0d ThomsonN7.Glue.Coerce.Contact2.check ThomsonN7.CutOneD.pmul ThomsonN7.Glue.Coerce.Contact2.g0n ThomsonN7.Glue.Coerce.Contact2.Dq ThomsonN7.Glue.Coerce.Contact2.p1
ThomsonN7.Case1Data.S2_B_D_28	def	9903	9903	
ThomsonN7.SlabOneD.Cert.recOn	def	15235	15240	ThomsonN7.SlabOneD.Cert.mk ThomsonN7.SlabOneD.Term ThomsonN7.SlabOneD.Cert.rec ThomsonN7.SlabOneD.Cert
ThomsonN7.Final.a._proof_7	theorem	0	0	
ThomsonN7.Case1Data.S2_B_D_10	def	9885	9885	
ThomsonN7.Reg.sq_12	theorem	8249	8249	
ThomsonN7.Reg.planeRot._proof_4	theorem	0	0	
ThomsonN7.M3.ok4	def	3344	3345	ThomsonN7.M3.tab4
ThomsonN7.Reg.planeRot._proof_8	theorem	0	0	
ThomsonN7.SlabOneD.l1._unsafe_rec	def	0	0	ThomsonN7.SlabOneD.l1._unsafe_rec ThomsonN7.CutOneD.compQ.match_1
ThomsonN7.Glue.Coerce.BPiece.check.eq_1	theorem	0	0	ThomsonN7.Glue.Coerce.BPiece.Lam ThomsonN7.Glue.Coerce.BPiece.w2 ThomsonN7.Glue.Coerce.BPiece.diff ThomsonN7.Glue.Coerce.BPiece.u2 ThomsonN7.Glue.Coerce.BPiece.check ThomsonN7.Glue.Coerce.BPiece
ThomsonN7.CutOneD.Cert.sound	theorem	9251	9269	ThomsonN7.CutOneD.Cert.Lam ThomsonN7.CutOneD.Cert.nonneg ThomsonN7.CutOneD.Cert.diff ThomsonN7.CutOneD.Cert.Q ThomsonN7.CutOneD.peval ThomsonN7.CutOneD.Cert.check ThomsonN7.CutOneD.Cert
ThomsonN7.Reg.CP_33.eq_1	theorem	0	0	ThomsonN7.triCapPrism._proof_1 ThomsonN7.Reg.CP_33 ThomsonN7.Base.c1._proof_1
ThomsonN7.Kron.Ex.Wr	def	1715	1716	
ThomsonN7.Cert.Cert3.an	def	2643	2643	ThomsonN7.Cert.Cert3
ThomsonN7.Case1Data.S1_B_D_2	def	9801	9801	
ThomsonN7.Cert.rowF	def	13810	13815	ThomsonN7.Cert.rowF._f ThomsonN7.Kron.Ex
ThomsonN7.Reg.enc_4	theorem	7151	7164	ThomsonN7.Reg.mlo_18 ThomsonN7.Reg.mlo_16 ThomsonN7.triCapPrism._proof_1 ThomsonN7.Reg.mhi_18 ThomsonN7.Reg.mlo_36 ThomsonN7.Reg.mlo_13 ThomsonN7.Reg.mhi_36 ThomsonN7.Reg.mhi_13 ThomsonN7.RegB.phiCos._proof_2 ThomsonN7.Reg.mhi_16 ThomsonN7.cyl._proof_1 ThomsonN7.Reg.mhi_2 ThomsonN7.Reg.InBox ThomsonN7.Reg.mlo_2 ThomsonN7.Reg.CP_4
ThomsonN7.SlabOneD.Term._sizeOf_1	def	0	0	ThomsonN7.SlabOneD.Term ThomsonN7.SlabOneD.Term.rec
ThomsonN7.Cert.Cert3.hpt_gramCut	theorem	2750	2773	ThomsonN7.Kron.Ex.sub ThomsonN7.Cert.Cert3 ThomsonN7.Cert.Cert3.idE ThomsonN7.Kron.Ex.ev_sumE ThomsonN7.Cert.Cert3.ad ThomsonN7.Cert.Blk.ok ThomsonN7.ThreePoint.Rk ThomsonN7.Cert.ftotTerm ThomsonN7.Cert.chk ThomsonN7.Cert.Cert3.blk ThomsonN7.Cert.SBlk ThomsonN7.ThreePoint.matDot ThomsonN7.Cert.ftotE ThomsonN7.Cert.ev_hE ThomsonN7.Kron.Ex.ev ThomsonN7.Cert.Cert3.Fm ThomsonN7.Cert.SBlk.z ThomsonN7.Cert.Cert3.m ThomsonN7.Cert.Cert3.Hf ThomsonN7.Cert.chk_sound ThomsonN7.Cert.hE ThomsonN7.Kron.Ex.ev_smul ThomsonN7.Cert.Cert3.eps ThomsonN7.Cert.Cert3.h ThomsonN7.Cert.Cert3.hpt_gramCut._proof_2 ThomsonN7.Cert.sos_sum_nonneg ThomsonN7.Cert.key_F ThomsonN7.Cert.Cert3.Hf_sum ThomsonN7.Cert.Cert3.Lam ThomsonN7.Cert.GramCut ThomsonN7.Cert.ev_ftotE ThomsonN7.Cert.Cert3.K ThomsonN7.Cert.sblkE ThomsonN7.Kron.Ex.c ThomsonN7.Kron.Ex ThomsonN7.Kron.Ex.smul ThomsonN7.Cert.fmat ThomsonN7.Cert.Cert3.S ThomsonN7.Cert.Cert3.an ThomsonN7.Kron.Ex.ev_sub ThomsonN7.Cert.Cert3.check_parts ThomsonN7.Cert.Cert3.n ThomsonN7.Kron.Ex.sumE ThomsonN7.Cert.fkE ThomsonN7.Cert.SBlk.B ThomsonN7.Cert.Cert3.check ThomsonN7.Cert.final_ineq
ThomsonN7.Reg.phi_c2_box	theorem	8754	8760	ThomsonN7.Reg.box_phi ThomsonN7.Base.c2 ThomsonN7.Base.phi_pos ThomsonN7.Reg.sqrt5_hi ThomsonN7.Reg.sqrt5_lo ThomsonN7.Base.phi ThomsonN7.pentBipyramid._proof_1 ThomsonN7.Base.c1._proof_1 ThomsonN7.Base.phi_sq_mul ThomsonN7.Reg.c2_lt_one
ThomsonN7.M2.instDecidableEqK8.decEq._proof_7	theorem	0	0	ThomsonN7.M2.K8 ThomsonN7.M2.K8.mk.noConfusion ThomsonN7.M2.K8.mk
ThomsonN7.SlabOneD.Slab_s94_93.parHA	def	17391	17391	ThomsonN7.SlabOneD.Par.mk ThomsonN7.SlabOneD.Par
ThomsonN7.Reg.CP_16.eq_1	theorem	0	0	ThomsonN7.triCapPrism._proof_1 ThomsonN7.Reg.CP_16 ThomsonN7.cyl._proof_1 ThomsonN7.RegB.phiCos._proof_1
ThomsonN7.Cert.tc_s93_90_SG3	def	17665	17669	ThomsonN7.Cert.TBlk ThomsonN7.Cert.TBlk.mk
ThomsonN7.Cert.degK_sqfF_le	theorem	14370	14375	ThomsonN7.Cert.degK_sqF_le ThomsonN7.Cert.degK_quadF_le ThomsonN7.Cert.Blk.Δ ThomsonN7.Cert.Blk.l ThomsonN7.Cert.Blk.d ThomsonN7.Cert.Blk ThomsonN7.Cert.degK.eq_3 ThomsonN7.Cert.sqfF ThomsonN7.Cert.quadF ThomsonN7.Cert.mxs ThomsonN7.Cert.degK_sqfF_le._proof_1 ThomsonN7.Cert.degK ThomsonN7.Cert.sqF
ThomsonN7.T4.pentIdx_ne_five._proof_1	theorem	0	0	ThomsonN7.T4.pentIdx
ThomsonN7.Glue.Coerce.ppow.eq_def	theorem	0	0	ThomsonN7.Glue.Coerce.ppow ThomsonN7.CutOneD.pmul ThomsonN7.Glue.Coerce.ppow._f ThomsonN7.M2.Pl.pow.match_1 _private.ThomsonN7.Solution.0.ThomsonN7.M2.Pl.pow.match_1.splitter
_private.ThomsonN7.Solution.0.ThomsonN7.Cert.linF.match_1.eq_1	theorem	0	0	ThomsonN7.Cert.linF.match_1
ThomsonN7.Glue.Coerce.Contact1R.g0n	def	13533	13533	ThomsonN7.Glue.Coerce.Contact1R
_private.ThomsonN7.Solution.0.ThomsonN7.ThreePoint.Q3.match_1.splitter	def	0	0	ThomsonN7.ThreePoint.Q3.match_1
_private.ThomsonN7.Solution.0.ThomsonN7.CutOneD.peval.match_1.eq_2	theorem	0	0	ThomsonN7.CutOneD.peval.match_1
ThomsonN7.M2.r5U	def	2943	2943	ThomsonN7.M2.r5L
ThomsonN7.Case1Data.S0_B_l_14	def	9659	9659	
ThomsonN7.SlabOneD.Slab_s96_94.termHB_3	def	17112	17113	ThomsonN7.SlabOneD.Term ThomsonN7.SlabOneD.Term.mk
ThomsonN7.Kron.Ex.varVal.eq_1	theorem	0	0	ThomsonN7.Kron.Ex.varVal
ThomsonN7.Reg.CP_20.eq_1	theorem	0	0	ThomsonN7.Reg.CP_20 ThomsonN7.triCapPrism._proof_1 ThomsonN7.Base.c1._proof_1
ThomsonN7.Reg.gP_2_6	theorem	8308	8308	ThomsonN7.Reg.g_2_6 ThomsonN7.Reg.gP
ThomsonN7.Reg.CP_57._proof_1	theorem	0	0	
ThomsonN7.Cert.unpackI._unsafe_rec	def	0	0	ThomsonN7.Cert.unpackI.match_1 ThomsonN7.Cert.unpackI._unsafe_rec
ThomsonN7.Reg.mhi_26	theorem	7063	7064	ThomsonN7.Reg.mon_hi ThomsonN7.Reg.InBox
ThomsonN7.Base.pent_norm	theorem	501	501	ThomsonN7.R3 ThomsonN7.pentBipyramid_mem ThomsonN7.pentBipyramid
ThomsonN7.Cert.fkE	def	2334	2335	ThomsonN7.Kron.Ex.mul ThomsonN7.Cert.q3E ThomsonN7.Cert.Blk ThomsonN7.Kron.Ex ThomsonN7.Cert.fpE
ThomsonN7.RegB.ringA1	def	4967	4970	ThomsonN7.M3.firstWhere._proof_1 ThomsonN7.cyl._proof_1 ThomsonN7.R3
ThomsonN7.Kron.Ex.l1._sunfold	def	0	0	ThomsonN7.Kron.Ex.ev.match_1 ThomsonN7.Kron.Ex ThomsonN7.Kron.Ex.l1
ThomsonN7.Cert.TBlk.l1B	def	14383	14386	ThomsonN7.Cert.TBlk.BD ThomsonN7.Cert.TBlk ThomsonN7.Cert.TBlk.z ThomsonN7.Cert.TBlk.Bd ThomsonN7.Cert.TBlk.Bl
ThomsonN7.GV.L22	def	5412	5413	
ThomsonN7.pent_dist_south	theorem	247	251	ThomsonN7.norm_eq_of_sq_eq ThomsonN7.R3 ThomsonN7.cyl ThomsonN7.norm_sq_cyl_sub ThomsonN7.pent_of_lt ThomsonN7.pent_six ThomsonN7.pentBipyramid
ThomsonN7.Reg.CP_2	def	6739	6739	ThomsonN7.triCapPrism._proof_1 ThomsonN7.cyl._proof_1
ThomsonN7.Cert.ev_gmE	theorem	14734	14739	ThomsonN7.Kron.Ex.ev ThomsonN7.Cert.sbst ThomsonN7.Cert.ev_sbst ThomsonN7.Kron.Ex.add ThomsonN7.Kron.Ex ThomsonN7.Cert.gmE ThomsonN7.Kron.Ex.varVal
_private.ThomsonN7.Solution.0.ThomsonN7.Cert.codeE.match_1.eq_7	theorem	0	0	ThomsonN7.Cert.codeE.match_1
ThomsonN7.Case1Data.S5_B_D_19	def	10122	10122	
ThomsonN7.Reg.mlo_34	theorem	7093	7094	ThomsonN7.Reg.mon_lo ThomsonN7.Reg.InBox
ThomsonN7.Case1Data.S7_B_l_5	def	10224	10224	
ThomsonN7.Cert.tc_s94_93_FR5	def	17247	17250	ThomsonN7.Cert.Blk ThomsonN7.Cert.mkBlk
ThomsonN7.Case1Data.S6_B_D_22	def	10201	10201	
ThomsonN7.Cert.q3E.match_1	def	0	0	
ThomsonN7.Cert.tc_s93_90_SG0	def	17647	17651	ThomsonN7.Cert.TBlk ThomsonN7.Cert.TBlk.mk
ThomsonN7.Glue.Coerce.Contact2.mk	ctor	13267	13267	ThomsonN7.Glue.Coerce.Contact2.mk ThomsonN7.Glue.Coerce.Contact2 ThomsonN7.Glue.Coerce.BPiece
ThomsonN7.Reg.CP_49	def	6786	6786	ThomsonN7.triCapPrism._proof_2 ThomsonN7.RegB.phiCos._proof_1
ThomsonN7.Cert.TCert.SRE.eq_1	theorem	0	0	ThomsonN7.Cert.TCert.SRE ThomsonN7.Cert.SE ThomsonN7.Cert.TCert.m ThomsonN7.Cert.TCert.blkR ThomsonN7.Cert.TCert ThomsonN7.Kron.Ex ThomsonN7.Cert.TCert.K
ThomsonN7.SlabOneD.Cert.ctorIdx	def	0	0	ThomsonN7.SlabOneD.Cert
ThomsonN7.M3.cos_pent._proof_5	theorem	0	0	
ThomsonN7.Glue.TubeRigid	def	12325	12337	ThomsonN7.M3.firstWhere._proof_1 ThomsonN7.Base.c2 ThomsonN7.cyl._proof_1 ThomsonN7.R3 ThomsonN7.Base.c1 ThomsonN7.pentBipyramid
ThomsonN7.ThreePoint.not_three_poles._proof_1	theorem	0	0	
ThomsonN7.Reg.CP_52	def	6789	6789	ThomsonN7.triCapPrism._proof_1 ThomsonN7.triCapPrism._proof_2
ThomsonN7.Reg.hF4	theorem	4134	4137	ThomsonN7.Base.c1 ThomsonN7.pentBipyramid._proof_1 ThomsonN7.Base.c1._proof_1
ThomsonN7.Cert.rowsN	def	14547	14550	ThomsonN7.Cert.rowsN._f
ThomsonN7.Kron.code	def	1810	1811	ThomsonN7.Kron.Ex.Term
ThomsonN7.Glue.Coerce.Contact1R.p	def	13528	13528	ThomsonN7.Glue.Coerce.Contact1R
ThomsonN7.Case1Data.S0_B_D_17	def	9719	9719	
_private.ThomsonN7.Solution.0.ThomsonN7.Glue.Coerce.chainOK.match_1.splitter	def	0	0	ThomsonN7.Glue.Coerce.chainOK.match_1 ThomsonN7.Glue.Coerce.BPiece
ThomsonN7.Cert.tc_s96_94_SB1	def	16965	16969	ThomsonN7.Cert.TBlk ThomsonN7.Cert.TBlk.mk
ThomsonN7.Case1Data.S0_B_D_6	def	9708	9708	
ThomsonN7.Case1Data.S3_B_l_20	def	9935	9935	
ThomsonN7.Glue.Coerce.Contact1R.noConfusionType	def	0	0	ThomsonN7.Glue.Coerce.Contact1R.casesOn ThomsonN7.Glue.Coerce.Contact1R ThomsonN7.Glue.Coerce.BPiece
ThomsonN7.Reg.gP_2_5	theorem	8307	8307	ThomsonN7.Reg.gP ThomsonN7.Reg.g_2_5
ThomsonN7.Case1.c1_ftotE_eq	theorem	10365	10366	ThomsonN7.Kron.Ex.sumRange ThomsonN7.Cert.ftotE ThomsonN7.Kron.Ex ThomsonN7.Case1.c1FtotK
ThomsonN7.Kron.Ex.smul	def	1969	1970	ThomsonN7.Kron.Ex.mul ThomsonN7.Kron.Ex.c ThomsonN7.Kron.Ex
ThomsonN7.CutOneD.pmul	def	9144	9147	ThomsonN7.CutOneD.pmul._f
ThomsonN7.Glue.Coerce.Contact1R.q	def	13529	13529	ThomsonN7.Glue.Coerce.Contact1R
ThomsonN7.Cert.TCert.mk._flat_ctor	def	0	0	ThomsonN7.Cert.Blk ThomsonN7.Cert.TBlk ThomsonN7.Cert.TCert.mk ThomsonN7.Cert.TCert
_private.ThomsonN7.Solution.0.ThomsonN7.Cert.linF.match_1.eq_2	theorem	0	0	ThomsonN7.Cert.linF.match_1
ThomsonN7.Case1Data.S5_B_D_29	def	10132	10132	
ThomsonN7.Cert.dotN.eq_2	theorem	0	0	ThomsonN7.Cert.dotN
ThomsonN7.Cert.Blk.del	def	2173	2174	ThomsonN7.Cert.Blk.Δ ThomsonN7.Cert.Blk
ThomsonN7.Case1Data.S2_B_l_5	def	9844	9844	
ThomsonN7.Cert.Blk.del.eq_1	theorem	0	0	ThomsonN7.Cert.Blk.del ThomsonN7.Cert.Blk.Δ ThomsonN7.Cert.Blk
ThomsonN7.Glue.Coerce.BPiece._sizeOf_1	def	0	0	ThomsonN7.Glue.Coerce.BPiece.rec ThomsonN7.Glue.Coerce.BPiece
ThomsonN7.Case1Data.S3	def	9989	9989	ThomsonN7.Cert.SBlk ThomsonN7.Case1Data.S3_B ThomsonN7.Cert.SBlk.mk ThomsonN7.Case1Data.S3_z
ThomsonN7.Reg.pc_6_0	theorem	8351	8352	ThomsonN7.R3 ThomsonN7.Reg.pent_6' ThomsonN7.pentBipyramid
ThomsonN7.M2.K8.noConfusionType	def	0	0	ThomsonN7.M2.K8.casesOn ThomsonN7.M2.K8
ThomsonN7.Reg.gP_2_4	theorem	8306	8306	ThomsonN7.Reg.g_2_4 ThomsonN7.Base.c2 ThomsonN7.Reg.gP
ThomsonN7.M2.r5L_le	theorem	2955	2957	ThomsonN7.M2.r5L
ThomsonN7.Case1Data.S1_B_d	def	9762	9762	
ThomsonN7.Reg.kk_7_18	theorem	7997	7999	ThomsonN7.Reg.cross_of_enc
ThomsonN7.Glue.Coerce.bernSum.match_1	def	0	0	
ThomsonN7.Cert.Blk.ent.eq_1	theorem	0	0	ThomsonN7.Cert.Blk.del ThomsonN7.Cert.Blk ThomsonN7.Cert.Blk.lq ThomsonN7.Cert.Blk.dq ThomsonN7.Cert.Blk.ent
ThomsonN7.Cert.TBlk.BD	def	14090	14090	ThomsonN7.Cert.TBlk
ThomsonN7.CutOneD.pmul.eq_2	theorem	0	0	ThomsonN7.CutOneD.padd ThomsonN7.CutOneD.pscale ThomsonN7.CutOneD.pmul
ThomsonN7.Cert.hybChk	def	14476	14479	ThomsonN7.Cert.TBlk.wf ThomsonN7.Cert.TBlk ThomsonN7.Cert.hybVal ThomsonN7.Kron.Ex
ThomsonN7.Reg.s2.eq_1	theorem	0	0	ThomsonN7.pentBipyramid._proof_1 ThomsonN7.Reg.s2 ThomsonN7.Base.c1._proof_1
ThomsonN7.Reg.kk_7_19	theorem	8000	8002	ThomsonN7.Reg.cross_of_enc
ThomsonN7.SlabOneD.Slab_s96_94.certHC_ok._proof_1	theorem	0	0	ThomsonN7.SlabOneD.Cert.check ThomsonN7.SlabOneD.Slab_s96_94.parHC ThomsonN7.SlabOneD.Slab_s96_94.certHC
ThomsonN7.Glue.Coerce.one_sub_two_yOf_sq	theorem	13051	13052	ThomsonN7.Glue.Coerce.yOf ThomsonN7.Glue.Coerce.yOf_sq
ThomsonN7.M3.all4	def	3374	3374	ThomsonN7.M3.cP._proof_1
ThomsonN7.Cert.degK.eq_3	theorem	0	0	ThomsonN7.Kron.Ex.add ThomsonN7.Kron.Ex ThomsonN7.Cert.degK
ThomsonN7.Case1Data.S5_B_l_24	def	10091	10091	
ThomsonN7.Reg.g_0_4	theorem	4201	4203	ThomsonN7.Reg.s1 ThomsonN7.Reg.inner_vec3 ThomsonN7.R3 ThomsonN7.Base.c1 ThomsonN7.Reg.pent_0 ThomsonN7.pentBipyramid ThomsonN7.Reg.pent_4
ThomsonN7.SlabOneD.Slab_s98_96.termHA_7	def	16756	16757	ThomsonN7.SlabOneD.Term ThomsonN7.SlabOneD.Term.mk
ThomsonN7.SlabOneD.peval._unsafe_rec	def	0	0	ThomsonN7.SlabOneD.peval._unsafe_rec ThomsonN7.CutOneD.peval.match_1
ThomsonN7.Final.a._proof_2	theorem	0	0	
ThomsonN7.Reg.kk_9_12	theorem	8036	8038	ThomsonN7.Reg.cross_of_enc
ThomsonN7.Glue.Coerce.Contact2R.R	def	13639	13639	ThomsonN7.Glue.Coerce.Contact2R
ThomsonN7.SlabOneD.Term	induct	15217	15223	ThomsonN7.SlabOneD.Term.mk
ThomsonN7.Glue.capSpec_of_typed7	theorem	12757	12779	ThomsonN7.coulombEnergy ThomsonN7.Glue.cls3 ThomsonN7.ThreePoint.lamA ThomsonN7.M3.firstWhere._proof_1 ThomsonN7.SphereConfig ThomsonN7.ThreePoint.Sk ThomsonN7.Base.c2 ThomsonN7.Glue.CapSpec._proof_1 ThomsonN7.Base.neg_one_le_inner_of_unit ThomsonN7.ThreePoint.lamG ThomsonN7.Base.phi ThomsonN7.cyl._proof_1 ThomsonN7.ThreePoint.lamB ThomsonN7.R3 ThomsonN7.Base.c1 ThomsonN7.Glue.typed7_cls3 ThomsonN7.ThreePoint.GramOK ThomsonN7.pentBipyramid ThomsonN7.Glue.CapSpec
ThomsonN7.Cert.kev_sumE_map.match_1	def	0	0	
ThomsonN7.M6.Box6.rec	rec	11473	11479	ThomsonN7.M6.Box6.mk ThomsonN7.M6.Box6
ThomsonN7.Kron.Ex.mul.inj	theorem	0	0	ThomsonN7.Kron.Ex.mul ThomsonN7.Kron.Ex.mul.noConfusion ThomsonN7.Kron.Ex
ThomsonN7.Reg.sq_2	theorem	8239	8239	
ThomsonN7.Case1Data.S0_B_l_17	def	9662	9662	
ThomsonN7.M2.K8.noConfusion	def	2846	2856	ThomsonN7.M2.K8.casesOn ThomsonN7.M2.K8 ThomsonN7.M2.K8.noConfusionType
ThomsonN7.Case1Data.S7_B_D_2	def	10242	10242	
ThomsonN7.Case1Data.S1	def	9837	9837	ThomsonN7.Cert.SBlk ThomsonN7.Case1Data.S1_z ThomsonN7.Cert.SBlk.mk ThomsonN7.Case1Data.S1_B
ThomsonN7.Final.capA_check._proof_1	theorem	0	0	ThomsonN7.Glue.Coerce.ContactA.check ThomsonN7.Final.capA
ThomsonN7.Case1Data.F2_D_1	def	9629	9629	
ThomsonN7.SlabOneD.Slab_s94_93.termHA_2	def	17399	17400	ThomsonN7.SlabOneD.Term ThomsonN7.SlabOneD.Term.mk
ThomsonN7.Reg.kk_6_9	theorem	7952	7954	ThomsonN7.Reg.cross_of_enc
_private.ThomsonN7.Solution.0.ThomsonN7.M2.Pl.eval.match_1.eq_1	theorem	0	0	ThomsonN7.M2.K8 ThomsonN7.M2.Pl.eval.match_1
ThomsonN7.Cert.TCert.HA	def	14849	14849	ThomsonN7.Cert.TCert
ThomsonN7.Case1Data.S0_B_l_44	def	9689	9689	
ThomsonN7.Cert.zmon	def	2473	2474	ThomsonN7.Kron.Ex.mon ThomsonN7.Kron.Ex ThomsonN7.Cert.zt
ThomsonN7.Cert.quadF.eq_def	theorem	0	0	_private.ThomsonN7.Solution.0.ThomsonN7.Cert.quadF.match_1.splitter ThomsonN7.Cert.quadF._f ThomsonN7.Cert.quadF.match_1 ThomsonN7.Kron.Ex.add ThomsonN7.Cert.quadF ThomsonN7.Kron.Ex.c ThomsonN7.Kron.Ex ThomsonN7.Cert.rowF
ThomsonN7.triCapPrism_injective	theorem	150	174	ThomsonN7.tri_bot ThomsonN7.tri_idx_inj ThomsonN7.tri_top ThomsonN7.triCapPrism_injective._proof_2 ThomsonN7.triCapPrism_injective._proof_6 ThomsonN7.tri_cases ThomsonN7.triCapPrism_injective._proof_4 ThomsonN7.triCapPrism_injective._proof_1 ThomsonN7.cos_sub_eq_one_of_cyl_eq ThomsonN7.triCapPrism_injective._proof_5 ThomsonN7.cyl._proof_1 ThomsonN7.R3 ThomsonN7.cyl ThomsonN7.triCapPrism_injective._proof_3 ThomsonN7.triCapPrism ThomsonN7.tri_cap
ThomsonN7.Case1Data.S4_B_l_5	def	9996	9996	
ThomsonN7.Case1Data.S2_B_l_18	def	9857	9857	
ThomsonN7.Glue.Coerce.ContactA	induct	13357	13367	ThomsonN7.Glue.Coerce.ContactA.mk
ThomsonN7.Case1Data.S0_B_l_12	def	9657	9657	
ThomsonN7.Case1Data.S5_B_d	def	10066	10066	
ThomsonN7.Glue.Coerce.Contact2.hC	theorem	13440	13453	ThomsonN7.Glue.Coerce.Contact2.q2 ThomsonN7.Glue.Coerce.Contact2 ThomsonN7.Glue.Coerce.Contact2.p2 ThomsonN7.Glue.Coerce.Contact2.q1 ThomsonN7.Glue.Coerce.Contact2.Q ThomsonN7.Base.c2 ThomsonN7.Glue.Coerce.Contact2.g0d ThomsonN7.Glue.Coerce.Contact2.check ThomsonN7.Base.phi ThomsonN7.Base.c1 ThomsonN7.Glue.Coerce.Contact2.g0n ThomsonN7.Glue.Coerce.Contact2.tube ThomsonN7.Glue.Coerce.Contact2.Dq ThomsonN7.Glue.Coerce.Contact2.p1 ThomsonN7.CutOneD.peval
ThomsonN7.Reg.CP_56._proof_2	theorem	0	0	
ThomsonN7.Reg.W_1_4	theorem	4355	4356	ThomsonN7.Reg.W ThomsonN7.Reg.W_ne ThomsonN7.Reg.g_1_4 ThomsonN7.Base.c2 ThomsonN7.Base.phi ThomsonN7.R3 ThomsonN7.pentBipyramid
ThomsonN7.Case1Data.F1_D_0	def	9615	9615	
ThomsonN7.Cert.key_F	theorem	2460	2466	ThomsonN7.ThreePoint.Y3 ThomsonN7.ThreePoint.Rk ThomsonN7.Cert.six ThomsonN7.Cert.ftotTerm ThomsonN7.ThreePoint.Rs ThomsonN7.Cert.Blk ThomsonN7.ThreePoint.matDot_Rk ThomsonN7.ThreePoint.matDot ThomsonN7.Kron.Ex.ev ThomsonN7.cyl._proof_1 ThomsonN7.ThreePoint.S3 ThomsonN7.Cert.fmat ThomsonN7.Cert.matDot_fmat_Y3 ThomsonN7.Cert.matDot_S3 ThomsonN7.Cert.fkE
ThomsonN7.Kron.Ex.ev.eq_3	theorem	0	0	ThomsonN7.Kron.Ex.ev ThomsonN7.Kron.Ex.add ThomsonN7.Kron.Ex
ThomsonN7.T4.exists_ring._proof_2	theorem	0	0	
ThomsonN7.Case1.c1_S	theorem	10425	10426	ThomsonN7.Case1Data.S0 ThomsonN7.Case1Data.S1 ThomsonN7.Case1Data.S6 ThomsonN7.Case1Data.S5 ThomsonN7.Case1Data.cf ThomsonN7.Case1Data.S2 ThomsonN7.Cert.SBlk ThomsonN7.Case1Data.S3 ThomsonN7.Case1Data.S7 ThomsonN7.Case1Data.S4 ThomsonN7.Cert.Cert3.S
ThomsonN7.Glue.Coerce.chainOK._unsafe_rec	def	0	0	ThomsonN7.Glue.Coerce.BPiece.u1 ThomsonN7.Glue.Coerce.BPiece.w1 ThomsonN7.Glue.Coerce.chainOK._unsafe_rec ThomsonN7.Glue.Coerce.BPiece.w2 ThomsonN7.Glue.Coerce.BPiece.u2 ThomsonN7.Glue.Coerce.BPiece.check ThomsonN7.Glue.Coerce.chainOK.match_1 ThomsonN7.Glue.Coerce.BPiece
ThomsonN7.Reg.tau_expand	theorem	6654	6660	ThomsonN7.Reg.tau ThomsonN7.Reg.gP ThomsonN7.cyl._proof_1 ThomsonN7.R3 ThomsonN7.pentBipyramid
ThomsonN7.Cert.degK_zero	theorem	14292	14297	ThomsonN7.Kron.Ex.mul ThomsonN7.Kron.Ex.dx ThomsonN7.Kron.Ex.mon ThomsonN7.Kron.Ex.add ThomsonN7.Kron.Ex ThomsonN7.Kron.Ex.rec ThomsonN7.Cert.degK
ThomsonN7.Case1Data.S1_B_D_24	def	9823	9823	
ThomsonN7.Cert.TCert.FG.eq_1	theorem	0	0	ThomsonN7.Cert.TCert.SRE ThomsonN7.Cert.TCert.SPE ThomsonN7.Cert.lamGE ThomsonN7.Cert.TCert.cbe ThomsonN7.Cert.TCert.ψCb ThomsonN7.Cert.TCert.mG ThomsonN7.Cert.TCert.cal ThomsonN7.Cert.TCert ThomsonN7.Kron.Ex ThomsonN7.Kron.Ex.smul ThomsonN7.Cert.TCert.FG ThomsonN7.Cert.TCert.HC ThomsonN7.Cert.TCert.e
ThomsonN7.Glue.slab_peval_eq_cut	theorem	15750	15754	ThomsonN7.SlabOneD.peval ThomsonN7.CutOneD.peval
ThomsonN7.Reg.c2_lt_one	theorem	8725	8728	ThomsonN7.Base.c2 ThomsonN7.Reg.sqrt5_lo ThomsonN7.pentBipyramid._proof_1 ThomsonN7.Base.c1._proof_1
ThomsonN7.Reg.mlo_19	theorem	7033	7034	ThomsonN7.Reg.mon_lo ThomsonN7.Reg.InBox
ThomsonN7.Reg.pc_2_1	theorem	8329	8330	ThomsonN7.Base.c2 ThomsonN7.Reg.pent_2 ThomsonN7.R3 ThomsonN7.Reg.s2 ThomsonN7.pentBipyramid
ThomsonN7.Kron.Ex._sizeOf_1	def	0	0	ThomsonN7.Kron.Ex ThomsonN7.Kron.Ex.rec
ThomsonN7.Kron.Ex.dx	def	1629	1634	ThomsonN7.Kron.Ex.dx._f ThomsonN7.Kron.Ex ThomsonN7.Kron.Ex.brecOn
ThomsonN7.Cert.ftotTerm.eq_1	theorem	0	0	ThomsonN7.Cert.six ThomsonN7.Cert.ftotTerm ThomsonN7.cyl._proof_1
ThomsonN7.Reg.isoSet_isClosed	theorem	4747	4752	ThomsonN7.R3 ThomsonN7.Reg.IsoSet
ThomsonN7.Case1Data.S2_B_D_29	def	9904	9904	
_private.ThomsonN7.Solution.0.ThomsonN7.Cert.unpackI.match_1.eq_1	theorem	0	0	ThomsonN7.Cert.unpackI.match_1
ThomsonN7.Case1Data.S3_B_D_15	def	9966	9966	
ThomsonN7.Kron.Ex.mon.injEq	theorem	0	0	ThomsonN7.Kron.Ex.mon ThomsonN7.Kron.Ex ThomsonN7.Kron.Ex.mon.inj
ThomsonN7.Case1Data.S1_B	def	9835	9835	ThomsonN7.Cert.Blk ThomsonN7.Case1Data.S1_B_d ThomsonN7.Case1Data.S1_B_l ThomsonN7.Case1Data.S1_B_D ThomsonN7.Cert.Blk.mk
ThomsonN7.M2.K8.x4	def	2852	2852	ThomsonN7.M2.K8
ThomsonN7.T4.sig7_one	theorem	11820	11820	ThomsonN7.T4.pentIdx ThomsonN7.T4.sig7 ThomsonN7.T4.sig7._proof_3 ThomsonN7.T4.sig7._proof_4
ThomsonN7.Reg.kk_16_20	theorem	8183	8185	ThomsonN7.Reg.cross_of_enc
ThomsonN7.Cert.tc_s94_93_meta._proof_1	theorem	0	0	ThomsonN7.Cert.TCert.checkMeta ThomsonN7.Cert.tc_s94_93
ThomsonN7.Case1Data.S3_z	def	9988	9988	
_private.ThomsonN7.Solution.0.ThomsonN7.Cert.codeE.match_1.eq_5	theorem	0	0	ThomsonN7.Cert.codeE.match_1
ThomsonN7.Case1Data.S3_B_D_12	def	9963	9963	
ThomsonN7.SlabOneD.cqB	def	15394	15397	ThomsonN7.SlabOneD.cqB._f
ThomsonN7.CutOneD.Cert.A2	def	9217	9217	ThomsonN7.CutOneD.Cert
ThomsonN7.SlabOneD.Cert.Q	def	15239	15239	ThomsonN7.SlabOneD.Cert
ThomsonN7.Reg.kk_5_14	theorem	7925	7927	ThomsonN7.Reg.cross_of_enc
ThomsonN7.Reg.ss_12	theorem	8228	8228	
ThomsonN7.Case1Data.S5_B_l_32	def	10099	10099	
ThomsonN7.Cert.sum_range_le_offAbs	theorem	13974	13989	ThomsonN7.Cert.offAbs ThomsonN7.Cert.offAbs_eq
ThomsonN7.SlabOneD.Slab_s99_98.termHB_3	def	16454	16455	ThomsonN7.SlabOneD.Term ThomsonN7.SlabOneD.Term.mk
ThomsonN7.Glue.Coerce.BPiece.diff	def	12970	12973	ThomsonN7.Glue.Coerce.BPiece.Lam ThomsonN7.Glue.Coerce.BPiece.u1 ThomsonN7.CutOneD.pneg ThomsonN7.CutOneD.padd ThomsonN7.Glue.Coerce.BPiece.w1 ThomsonN7.Glue.Coerce.BPiece.w2 ThomsonN7.Glue.Coerce.BPiece.u2 ThomsonN7.CutOneD.pscale ThomsonN7.Glue.Coerce.BPiece ThomsonN7.Glue.Coerce.BPiece.β ThomsonN7.Glue.Coerce.bernSum
ThomsonN7.Reg.enc_47	theorem	7645	7656	ThomsonN7.Reg.CP_47 ThomsonN7.Reg.mhi_14 ThomsonN7.Reg.mhi_27 ThomsonN7.Reg.mlo_34 ThomsonN7.Reg.mlo_4 ThomsonN7.Reg.mlo_27 ThomsonN7.Reg.mhi_34 ThomsonN7.Reg.InBox ThomsonN7.Reg.mlo_14 ThomsonN7.RegB.phiCos._proof_3 ThomsonN7.Base.c1._proof_1 ThomsonN7.Reg.mhi_4
ThomsonN7.Case1Data.S0_B_D_50	def	9752	9752	
ThomsonN7.Cert.cast_ent	theorem	2294	2299	ThomsonN7.Cert.Blk.del ThomsonN7.Cert.Blk ThomsonN7.Cert.Blk.list_sum_range_map ThomsonN7.Cert.Blk.lq ThomsonN7.Cert.Blk.dq ThomsonN7.Cert.Blk.ent
ThomsonN7.Reg.kk_8_11	theorem	8006	8008	ThomsonN7.Reg.cross_of_enc
ThomsonN7.Cert.unpackM._f	def	0	0	ThomsonN7.Cert.unpackI.match_1 ThomsonN7.Cert.unpackI
_private.ThomsonN7.Solution.0.ThomsonN7.Cert.offAbs.match_1.eq_2	theorem	0	0	ThomsonN7.Cert.offAbs.match_1
_private.ThomsonN7.Solution.0.ThomsonN7.Cert.dotN.match_1.eq_2	theorem	0	0	ThomsonN7.Cert.dotN.match_1
ThomsonN7.RegB.phiCos._proof_2	theorem	0	0	
ThomsonN7.Cert.q3E.eq_2	theorem	0	0	ThomsonN7.Kron.Ex.V ThomsonN7.Kron.Ex.sub ThomsonN7.Kron.Ex.T ThomsonN7.Kron.Ex.mul ThomsonN7.Cert.q3E ThomsonN7.Kron.Ex.U ThomsonN7.Kron.Ex
ThomsonN7.Glue.Coerce.Contact2R.G	def	13638	13638	ThomsonN7.Glue.Coerce.Contact2R
ThomsonN7.Cert.degK_quadF_le.match_1	def	0	0	
ThomsonN7.SlabOneD.Slab_s96_94.certHC	def	17142	17146	ThomsonN7.SlabOneD.Slab_s96_94.termHC_2 ThomsonN7.SlabOneD.Slab_s96_94.termHC_3 ThomsonN7.SlabOneD.Cert.mk ThomsonN7.SlabOneD.Term ThomsonN7.SlabOneD.Slab_s96_94.termHC_0 ThomsonN7.SlabOneD.Cert ThomsonN7.SlabOneD.Slab_s96_94.termHC_1
ThomsonN7.Case1Data.S2_B_l_3	def	9842	9842	
ThomsonN7.Reg.kk_1_7	theorem	7799	7801	ThomsonN7.Reg.cross_of_enc
ThomsonN7.SlabOneD.Slab_s96_94.HC_le_phi	theorem	17150	17153	ThomsonN7.SlabOneD.Cert.sound ThomsonN7.SlabOneD.peval ThomsonN7.SlabOneD.Cert.Q ThomsonN7.SlabOneD.Par.mu2 ThomsonN7.SlabOneD.Par.nu1 ThomsonN7.SlabOneD.Par.mu1 ThomsonN7.SlabOneD.Slab_s96_94.certHC_ok ThomsonN7.SlabOneD.Slab_s96_94.parHC ThomsonN7.SlabOneD.Slab_s96_94.certHC ThomsonN7.SlabOneD.Cert.Lam ThomsonN7.SlabOneD.Par.nu2
ThomsonN7.M2.Qs	def	3172	3173	ThomsonN7.M2.K8 ThomsonN7.M2.Pl.scale ThomsonN7.M2.K8.zero ThomsonN7.M2.K8.one ThomsonN7.M2.Pl.mul ThomsonN7.M2.K8.ofRat ThomsonN7.M2.Hs ThomsonN7.M2.Pl.add
ThomsonN7.M6.iscale	def	11320	11321	
ThomsonN7.SlabOneD.sqSum._sunfold	def	0	0	ThomsonN7.SlabOneD.padd ThomsonN7.CutOneD.sqSum.match_1 ThomsonN7.SlabOneD.pmul ThomsonN7.SlabOneD.pscale ThomsonN7.SlabOneD.sqSum
ThomsonN7.M3.leaf	def	3367	3369	ThomsonN7.M3.tau ThomsonN7.M3.cP
ThomsonN7.Case1Data.S1_B_D_16	def	9815	9815	
ThomsonN7.Case1Data.S1_B_D_31	def	9830	9830	
ThomsonN7.ThreePoint.lamG	def	11064	11067	ThomsonN7.triCapPrism._proof_1 ThomsonN7.ThreePoint.gm ThomsonN7.cyl._proof_1
ThomsonN7.SlabOneD.sumTermsB._unsafe_rec	def	0	0	ThomsonN7.SlabOneD.sumTerms.match_1 ThomsonN7.SlabOneD.Term ThomsonN7.SlabOneD.Term.sq ThomsonN7.SlabOneD.sumTermsB._unsafe_rec ThomsonN7.SlabOneD.multB ThomsonN7.SlabOneD.sqSumB ThomsonN7.SlabOneD.Par
ThomsonN7.SlabOneD.sqSumB._unsafe_rec	def	0	0	ThomsonN7.CutOneD.sqSum.match_1 ThomsonN7.SlabOneD.sqSumB._unsafe_rec ThomsonN7.SlabOneD.l1
ThomsonN7.Case1Data.S2_B_l_30	def	9869	9869	
ThomsonN7.M6.Box6.mk.sizeOf_spec	theorem	0	0	ThomsonN7.M6.Box6.mk ThomsonN7.M6.Box6 ThomsonN7.M6.Box6._sizeOf_inst
ThomsonN7.Case1Data.S0_B_l_36	def	9681	9681	
ThomsonN7.Glue.Coerce.Contact2R.g0d	def	13641	13641	ThomsonN7.Glue.Coerce.Contact2R
ThomsonN7.RegB.t0_01	theorem	4924	4925	ThomsonN7.RegB.t0_ring_lt ThomsonN7.Base.c1 ThomsonN7.RegB.t0 ThomsonN7.Base.cos_2pi5
ThomsonN7.Cert.quadF.eq_2	theorem	0	0	ThomsonN7.Kron.Ex.add ThomsonN7.Cert.quadF ThomsonN7.Kron.Ex ThomsonN7.Cert.rowF
ThomsonN7.Glue.Coerce.BPiece.mk	ctor	12962	12962	ThomsonN7.Glue.Coerce.BPiece.mk ThomsonN7.Glue.Coerce.BPiece
ThomsonN7.M6.Box6.noConfusionType	def	0	0	ThomsonN7.M6.Box6 ThomsonN7.M6.Box6.casesOn
ThomsonN7.Glue.Coerce.chainOK.match_1	def	0	0	ThomsonN7.Glue.Coerce.BPiece
ThomsonN7.Kron.Ex.pw.eq_4	theorem	0	0	ThomsonN7.Kron.Ex.mon ThomsonN7.Kron.Ex.pw _private.ThomsonN7.Solution.0.ThomsonN7.Kron.Ex.pw.match_1.eq_4 ThomsonN7.Kron.Ex.pw.match_1 ThomsonN7.Kron.Ex.c ThomsonN7.Kron.Ex
ThomsonN7.Cert.lamAE.eq_1	theorem	0	0	ThomsonN7.Kron.Ex.sub ThomsonN7.Cert.hvE ThomsonN7.Cert.lamAE ThomsonN7.Cert.sbst ThomsonN7.Kron.Ex.add ThomsonN7.Kron.Ex.c ThomsonN7.Kron.Ex ThomsonN7.Kron.Ex.smul ThomsonN7.Cert.gmE
ThomsonN7.Cert.Blk.list_sum_range_map	theorem	2187	2193	
ThomsonN7.Glue.Coerce.Contact1	induct	13170	13180	ThomsonN7.Glue.Coerce.Contact1.mk
ThomsonN7.Case1Data.S2_B_D_14	def	9889	9889	
ThomsonN7.Glue.Coerce.PlainCert.recOn	def	13121	13125	ThomsonN7.Glue.Coerce.PlainCert.rec ThomsonN7.Glue.Coerce.PlainCert.mk ThomsonN7.Glue.Coerce.PlainCert ThomsonN7.Glue.Coerce.BPiece
ThomsonN7.Case1Data.S5_B_l_20	def	10087	10087	
ThomsonN7.Case1.cf_sos	theorem	10457	10459	ThomsonN7.Case1.cf_sos._proof_1 ThomsonN7.Cert.Blk.ok ThomsonN7.Case1Data.cf ThomsonN7.Cert.SBlk ThomsonN7.Cert.SBlk.z ThomsonN7.Cert.Cert3.S ThomsonN7.Cert.SBlk.B
ThomsonN7.Kron.Ex.dz	def	1643	1648	ThomsonN7.Kron.Ex.dz._f ThomsonN7.Kron.Ex ThomsonN7.Kron.Ex.brecOn
ThomsonN7.Reg.enc_27	theorem	7399	7406	ThomsonN7.triCapPrism._proof_1 ThomsonN7.Reg.mlo_22 ThomsonN7.Reg.mhi_22 ThomsonN7.Reg.mhi_20 ThomsonN7.Reg.mlo_20 ThomsonN7.Reg.InBox ThomsonN7.Reg.CP_27 ThomsonN7.Base.c1._proof_1
ThomsonN7.Case1Data.S3_B_l_25	def	9940	9940	
ThomsonN7.Case1Data.S0_B_l_40	def	9685	9685	
ThomsonN7.Reg.W_4_6	theorem	4421	4422	ThomsonN7.Reg.W ThomsonN7.Reg.W_ne ThomsonN7.Reg.g_4_6 ThomsonN7.Base.phi ThomsonN7.R3 ThomsonN7.pentBipyramid
ThomsonN7.Reg.Pen._proof_1	theorem	0	0	
ThomsonN7.Case1Data.S5_B_D_12	def	10115	10115	
ThomsonN7.Reg.s1_box	theorem	8730	8744	ThomsonN7.Reg.s1 ThomsonN7.Reg.sqrt5_hi ThomsonN7.Reg.sqrt5_lo ThomsonN7.cyl._proof_1 ThomsonN7.Base.c1 ThomsonN7.pentBipyramid._proof_1 ThomsonN7.Reg.hF4 ThomsonN7.Base.c1._proof_1 ThomsonN7.Reg.box_sq ThomsonN7.Reg.s1_sq
ThomsonN7.Reg.mlo_23	theorem	7049	7050	ThomsonN7.Reg.mon_lo ThomsonN7.Reg.InBox
ThomsonN7.Cert.tc_s96_94_SA1	def	16929	16933	ThomsonN7.Cert.TBlk ThomsonN7.Cert.TBlk.mk
ThomsonN7.Reg.ss_16	theorem	8232	8232	
ThomsonN7.Case1Data.S1_B_l_13	def	9776	9776	
ThomsonN7.TwoRegime.regimeB_of_cases	theorem	6010	6041	ThomsonN7.coulombEnergy ThomsonN7.Base.coulombEnergy_comp_isometry ThomsonN7.SphereConfig ThomsonN7.TwoRegime.LocalGram ThomsonN7.cyl._proof_1 ThomsonN7.R3 ThomsonN7.TwoRegime.sumW ThomsonN7.Base.sphereConfig_comp ThomsonN7.Base.coulombEnergy_comp_perm ThomsonN7.pentBipyramid ThomsonN7.TwoRegime.RegimeB
ThomsonN7.ThreePoint.H7_eq._proof_2	theorem	0	0	
_private.ThomsonN7.Solution.0.ThomsonN7.M2.Pl.add.match_1.eq_3	theorem	0	0	ThomsonN7.M2.K8 ThomsonN7.M2.Pl.add.match_1
ThomsonN7.Case1Data.S5_B_D_28	def	10131	10131	
ThomsonN7.Base.phi_bregman_septic	theorem	4067	4094	ThomsonN7.Base.phi_pos ThomsonN7.Base.phi ThomsonN7.Base.phi_tau_eq
ThomsonN7.Cert.TCert.mA	def	14856	14856	ThomsonN7.Cert.TCert
ThomsonN7.Kron.Ex.sq.eq_1	theorem	0	0	ThomsonN7.Kron.Ex.mul ThomsonN7.Kron.Ex ThomsonN7.Kron.Ex.sq
ThomsonN7.Case1Data.S5_B_l_15	def	10082	10082	
ThomsonN7.ThreePoint.card_third._simp_1	theorem	0	0	
ThomsonN7.Cert.tc_s96_94_FP3	def	16878	16881	ThomsonN7.Cert.Blk ThomsonN7.Cert.mkBlk
ThomsonN7.Case1Data.F2_l_2	def	9625	9625	
ThomsonN7.Final.hcap	theorem	17873	17873	ThomsonN7.Final.capspec_cap ThomsonN7.Final.a ThomsonN7.Glue.CapSpec
ThomsonN7.SlabOneD.sqSumB._sunfold	def	0	0	ThomsonN7.CutOneD.sqSum.match_1 ThomsonN7.SlabOneD.sqSumB ThomsonN7.SlabOneD.l1
ThomsonN7.M2.bL_le_rb	theorem	2968	2976	ThomsonN7.M2.rb_pos ThomsonN7.M2.r5L ThomsonN7.M2.bL ThomsonN7.M2.r5U ThomsonN7.M2.rb_sq ThomsonN7.M2.rb ThomsonN7.M2.le_r5U
ThomsonN7.Reg.sq_3	theorem	8240	8240	
ThomsonN7.Glue.Coerce.peval_lin	theorem	13185	13186	ThomsonN7.Glue.Coerce.lin ThomsonN7.CutOneD.peval.eq_2 ThomsonN7.CutOneD.peval
ThomsonN7.Case1Data.S3_B_l_31	def	9946	9946	
ThomsonN7.Cert.transposeSq._sunfold	def	0	0	ThomsonN7.Cert.transposeSq.match_1 ThomsonN7.Cert.transposeSq
ThomsonN7.Kron.Ex.subst.eq_def	theorem	0	0	ThomsonN7.Kron.Ex.below ThomsonN7.Kron.Ex.mul ThomsonN7.Kron.Ex.mon ThomsonN7.Kron.Ex.pw ThomsonN7.Kron.Ex.brecOn.go ThomsonN7.Kron.Ex.subst _private.ThomsonN7.Solution.0.ThomsonN7.Kron.Ex.ev.match_1.splitter ThomsonN7.Kron.Ex.add ThomsonN7.Kron.Ex.ev.match_1 ThomsonN7.Kron.Ex.subst._f ThomsonN7.Kron.Ex.c ThomsonN7.Kron.Ex ThomsonN7.Kron.Ex.rec ThomsonN7.Kron.Ex.brecOn.eq ThomsonN7.Kron.Ex.brecOn
ThomsonN7.M2.toReal_kB	theorem	3141	3141	ThomsonN7.M2.K8.x4 ThomsonN7.M2.K8.x1 ThomsonN7.M2.K8.toReal ThomsonN7.M2.ra ThomsonN7.M2.K8.x3 ThomsonN7.M2.K8.x7 ThomsonN7.M2.rb ThomsonN7.M2.K8.x2 ThomsonN7.M2.K8.x6 ThomsonN7.M2.K8.x5 ThomsonN7.M2.K8.x0 ThomsonN7.M2.kB
ThomsonN7.M3.cP_pent_pole	theorem	3673	3675	ThomsonN7.M3.cP
ThomsonN7.Reg.sum_W_tau	theorem	6662	6699	ThomsonN7.Reg.tau ThomsonN7.Reg.tau_expand ThomsonN7.Reg.W ThomsonN7.ThreePoint.quad_Y3_nonneg._simp_1 ThomsonN7.Reg.sum_Ioi_add_swap ThomsonN7.Reg.sum_W_inner_left ThomsonN7.Reg.sum_W_inner_right ThomsonN7.Reg.inner_P_h ThomsonN7.R3 ThomsonN7.Reg.tau_symm ThomsonN7.Reg.W_diag ThomsonN7.Reg.W_symm ThomsonN7.Reg.muP ThomsonN7.pentBipyramid
ThomsonN7.Case1Data.S0_B_l_3	def	9648	9648	
ThomsonN7.Glue.Coerce.Contact1.G_ge	theorem	13201	13211	ThomsonN7.Glue.Coerce.Contact1.g0d ThomsonN7.CutOneD.pneg ThomsonN7.CutOneD.padd ThomsonN7.CutOneD.peval_padd ThomsonN7.Glue.Coerce.chainOK ThomsonN7.Glue.Coerce.Contact1.Q ThomsonN7.Glue.Coerce.Fpoly ThomsonN7.Glue.Coerce.Contact1.pieces ThomsonN7.Glue.Coerce.Contact1.p ThomsonN7.Glue.Coerce.lin ThomsonN7.CutOneD.peval_pscale ThomsonN7.CutOneD.pscale ThomsonN7.Glue.Coerce.Contact1.check ThomsonN7.CutOneD.pmul ThomsonN7.Glue.Coerce.Contact1 ThomsonN7.Glue.Coerce.chainOK_nonneg ThomsonN7.Glue.Coerce.Contact1.q ThomsonN7.Glue.Coerce.Contact1.g0n ThomsonN7.Glue.Coerce.Contact1.Dq ThomsonN7.Glue.Coerce.Contact1.G ThomsonN7.CutOneD.peval ThomsonN7.CutOneD.peval_pneg
ThomsonN7.Cert.Cert3.ad	def	2644	2644	ThomsonN7.Cert.Cert3
ThomsonN7.Case1.c1_stat_H._proof_1	theorem	0	0	ThomsonN7.Case1.c1Stat ThomsonN7.Case1Data.cf ThomsonN7.Case1.C1Stat ThomsonN7.Cert.hE ThomsonN7.Cert.Cert3.h
ThomsonN7.M6.chk4.match_1	def	0	0	ThomsonN7.M6.Box6
ThomsonN7.M3.val4	def	3571	3572	
ThomsonN7.Reg.sq_10	theorem	8247	8247	
ThomsonN7.Glue.Coerce.PlainCert.mk.injEq	theorem	0	0	ThomsonN7.Glue.Coerce.PlainCert.mk ThomsonN7.Glue.Coerce.PlainCert ThomsonN7.Glue.Coerce.BPiece ThomsonN7.Glue.Coerce.PlainCert.mk.inj
ThomsonN7.Case1Data.S5_B_l_13	def	10080	10080	
ThomsonN7.Glue.Coerce.PlainCert.check.eq_1	theorem	0	0	ThomsonN7.Glue.Coerce.PlainCert.check ThomsonN7.Glue.Coerce.chainOK ThomsonN7.Glue.Coerce.Fpoly ThomsonN7.Glue.Coerce.PlainCert ThomsonN7.Glue.Coerce.PlainCert.Dq ThomsonN7.Glue.Coerce.PlainCert.pieces ThomsonN7.Glue.Coerce.PlainCert.Q
ThomsonN7.M3.tab4_correct._proof_1	theorem	0	0	ThomsonN7.M3.det4h ThomsonN7.M3.ok4 ThomsonN7.M3.val4
ThomsonN7.ThreePoint.kap	def	10648	10650	
ThomsonN7.Glue.sqrt2_enc60	theorem	12827	12830	
ThomsonN7.Reg.pent_5'	theorem	4166	4167	ThomsonN7.pent_five ThomsonN7.cyl._proof_1 ThomsonN7.R3 ThomsonN7.cyl ThomsonN7.pentBipyramid
ThomsonN7.Cert.TCert.beta_nonneg	theorem	15032	15053	ThomsonN7.Cert.TCert.SA ThomsonN7.Kron.Ex.sub ThomsonN7.Cert.TCert.HBf ThomsonN7.Cert.TCert.checkMeta_parts ThomsonN7.Cert.ev_lamBE ThomsonN7.Cert.TCert.bd ThomsonN7.Cert.polyR ThomsonN7.Cert.TCert.SG ThomsonN7.Cert.TCert.nonneg_of_scaled ThomsonN7.Cert.TCert.ψBa ThomsonN7.Cert.TCert.chkB ThomsonN7.Kron.Ex.ev_sumE ThomsonN7.Cert.TCert.mA ThomsonN7.Cert.TCert.idB_ev ThomsonN7.Cert.Blk.ok ThomsonN7.Cert.TCert.gramCut_of_le' ThomsonN7.Cert.SE ThomsonN7.Cert.TCert.FPm ThomsonN7.Cert.TCert.SB ThomsonN7.Cert.TCert.cbe ThomsonN7.Cert.TCert.ψCb ThomsonN7.Cert.TCert.mB ThomsonN7.Cert.tsum_nonneg ThomsonN7.Cert.TCert.ad ThomsonN7.Cert.TCert.checkMeta ThomsonN7.ThreePoint.Sk ThomsonN7.Cert.TCert.an ThomsonN7.Cert.TCert.m ThomsonN7.Cert.TCert.blkR ThomsonN7.Cert.TCert.mG ThomsonN7.Cert.TBlk ThomsonN7.Kron.Ex.ev ThomsonN7.Cert.TCert.blkP ThomsonN7.Cert.TCert.alo ThomsonN7.Kron.Ex.ev_smul ThomsonN7.Cert.TCert.HB ThomsonN7.Cert.tblkE ThomsonN7.Cert.TBlk.z ThomsonN7.ThreePoint.lamB ThomsonN7.Cert.GramCut ThomsonN7.Cert.TCert.FRm ThomsonN7.Cert.TCert ThomsonN7.Kron.Ex ThomsonN7.Kron.Ex.smul ThomsonN7.Cert.fmat ThomsonN7.Cert.TCert.le_one_of_gramOK ThomsonN7.Cert.lamBE ThomsonN7.Cert.TCert.idB ThomsonN7.ThreePoint.GramOK ThomsonN7.Cert.TCert.Lam ThomsonN7.Cert.TCert.cbef ThomsonN7.Kron.Ex.ev_sub ThomsonN7.Cert.TCert.ψCbf ThomsonN7.Cert.TBlk.B ThomsonN7.Kron.Ex.sumE ThomsonN7.Cert.okF ThomsonN7.Cert.TCert.ψBaf ThomsonN7.Cert.TCert.K
ThomsonN7.Cert.ev_ftotE	theorem	2452	2458	_private.ThomsonN7.Solution.0.ThomsonN7.Kron.Ex.pw.match_1.eq_2 ThomsonN7.Kron.Ex.sumRange ThomsonN7.Cert.six ThomsonN7.Cert.ftotTerm ThomsonN7.Cert.ev_sixE ThomsonN7.Cert.ftotE ThomsonN7.Kron.Ex.ev ThomsonN7.Kron.Ex.ev_smul _private.ThomsonN7.Solution.0.ThomsonN7.Kron.Ex.pw.match_1.eq_4 ThomsonN7.cyl._proof_1 ThomsonN7.Cert.sixE ThomsonN7.Kron.Ex.add ThomsonN7.Kron.Ex ThomsonN7.Kron.Ex.smul _private.ThomsonN7.Solution.0.ThomsonN7.Kron.Ex.pw.match_1.eq_3 ThomsonN7.Kron.Ex.varVal _private.ThomsonN7.Solution.0.ThomsonN7.Kron.Ex.pw.match_1.eq_1 ThomsonN7.Kron.Ex.ev_sumRange
ThomsonN7.CutOneD.pmul._f	def	0	0	ThomsonN7.CutOneD.padd ThomsonN7.CutOneD.pscale ThomsonN7.CutOneD.pmul.match_1
ThomsonN7.M2.rs2_sq	theorem	3213	3217	ThomsonN7.triCapPrism._proof_1 ThomsonN7.M2.rs2 ThomsonN7.M2.rb_sq ThomsonN7.M2.rb
ThomsonN7.M2.phi_sub_H	theorem	3246	3254	ThomsonN7.M2.H ThomsonN7.M2.Hlist ThomsonN7.M2.ra ThomsonN7.M2.rs2 ThomsonN7.M2.sqrt_facts ThomsonN7.M2.rb ThomsonN7.M2.Pl.eval ThomsonN7.M2.qlist ThomsonN7.M2.phi_sub_H_aux
ThomsonN7.Cert.TCert.idA	def	14894	14895	ThomsonN7.Cert.TCert.SA ThomsonN7.Cert.TCert.bn ThomsonN7.Cert.TCert.FA ThomsonN7.Cert.TCert.bd ThomsonN7.Cert.idT ThomsonN7.Cert.TCert.ad ThomsonN7.Cert.TCert.an ThomsonN7.Cert.TCert ThomsonN7.Kron.Ex
ThomsonN7.Case1Data.S4_B_D_0	def	10027	10027	
ThomsonN7.Reg.kk_6_10	theorem	7955	7957	ThomsonN7.Reg.cross_of_enc
ThomsonN7.Reg.InBox._proof_9	theorem	0	0	
ThomsonN7.Glue.Coerce.Contact2R.g0n	def	13640	13640	ThomsonN7.Glue.Coerce.Contact2R
ThomsonN7.Cert.tblkE_nonneg	theorem	14102	14106	ThomsonN7.Cert.gT ThomsonN7.Cert.gT_nonneg ThomsonN7.Cert.TBlk.g ThomsonN7.Kron.Ex.mul ThomsonN7.Cert.sqfE_nonneg ThomsonN7.Cert.TBlk ThomsonN7.Kron.Ex.ev_mul ThomsonN7.Kron.Ex.ev ThomsonN7.Cert.sqfF ThomsonN7.Cert.tblkE ThomsonN7.Cert.TBlk.z ThomsonN7.Cert.okF_sound ThomsonN7.Cert.GramCut ThomsonN7.Cert.tblkE.eq_1 ThomsonN7.Kron.Ex ThomsonN7.Cert.ev_sqfF ThomsonN7.Cert.TBlk.B ThomsonN7.Cert.okF ThomsonN7.Cert.sqfE
ThomsonN7.Case1Data.S0_B_l_11	def	9656	9656	
ThomsonN7.Cert.kev_sumE_map	theorem	14409	14414	ThomsonN7.Cert.kev_sumE_map._f ThomsonN7.Kron.Ex.kev ThomsonN7.Kron.Ex ThomsonN7.Kron.Ex.sumE
ThomsonN7.SlabOneD.Slab_s99_98.termHA_2	def	16412	16413	ThomsonN7.SlabOneD.Term ThomsonN7.SlabOneD.Term.mk
ThomsonN7.T4.col.eq_1	theorem	0	0	ThomsonN7.cyl._proof_1 ThomsonN7.R3 ThomsonN7.M3.cosB ThomsonN7.T4.col
ThomsonN7.SlabOneD.evalZ_mult	theorem	15310	15314	ThomsonN7.SlabOneD.Term.f1 ThomsonN7.SlabOneD.Term.fy ThomsonN7.SlabOneD.pmul ThomsonN7.SlabOneD.Par.mu2 ThomsonN7.SlabOneD.Term.mult ThomsonN7.SlabOneD.Term ThomsonN7.SlabOneD.multZ ThomsonN7.SlabOneD.Par.nu1 ThomsonN7.SlabOneD.Par.mu1 ThomsonN7.SlabOneD.Term.f2 ThomsonN7.SlabOneD.evalZ ThomsonN7.SlabOneD.evalZ_pmul ThomsonN7.SlabOneD.Par ThomsonN7.SlabOneD.Term.mk ThomsonN7.SlabOneD.Term.casesOn ThomsonN7.SlabOneD.Par.nu2
ThomsonN7.Cert.tc_s96_94_FP4	def	16883	16886	ThomsonN7.Cert.Blk ThomsonN7.Cert.mkBlk
ThomsonN7.RegB.t0_05	theorem	5088	5088	ThomsonN7.RegB.t0_north ThomsonN7.RegB.t0
ThomsonN7.Case1Data.F1_l	def	9614	9614	ThomsonN7.Case1Data.F1_l_2 ThomsonN7.Case1Data.F1_l_4 ThomsonN7.Case1Data.F1_l_1 ThomsonN7.Case1Data.F1_l_3 ThomsonN7.Case1Data.F1_l_0
ThomsonN7.Case1.c1_stat_F2	theorem	10392	10394	ThomsonN7.Case1.c1Stat ThomsonN7.Case1Data.cf ThomsonN7.Cert.Cert3.blk ThomsonN7.Case1.C1Stat ThomsonN7.Cert.Cert3.m ThomsonN7.Case1.c1_stat_F2._proof_1 ThomsonN7.Cert.Cert3.n ThomsonN7.Cert.fkE ThomsonN7.Case1.c1FtotK
ThomsonN7.SlabOneD.sumTermsZ.eq_1	theorem	0	0	ThomsonN7.SlabOneD.sumTermsZ ThomsonN7.SlabOneD.Term ThomsonN7.SlabOneD.Par
ThomsonN7.Reg.gP_0_3	theorem	8296	8296	ThomsonN7.Base.c2 ThomsonN7.Reg.gP ThomsonN7.Reg.g_0_3
ThomsonN7.SlabOneD.peval_eq_zero_of_all	theorem	15203	15208	ThomsonN7.SlabOneD.peval ThomsonN7.CutOneD.peval_eq_zero_of_all._simp_1
ThomsonN7.Reg.InBox._proof_10	theorem	0	0	
ThomsonN7.Kron.decode_code._proof_1	theorem	0	0	
ThomsonN7.Case1Data.S3_B_l_9	def	9924	9924	
ThomsonN7.Case1Data.S0_B_l_51	def	9696	9696	
ThomsonN7.Cert.tc_cap_FP0	def	15893	15896	ThomsonN7.Cert.Blk ThomsonN7.Cert.mkBlk
ThomsonN7.SlabOneD.Slab_s96_94.termHB_0	def	17103	17104	ThomsonN7.SlabOneD.Term ThomsonN7.SlabOneD.Term.mk
ThomsonN7.Reg.kk_15_18	theorem	8162	8164	ThomsonN7.Reg.cross_of_enc
ThomsonN7.Glue.exists_minpair_perm	theorem	12057	12068	ThomsonN7.Glue.exists_perm_of_ne ThomsonN7.R3
ThomsonN7.Kron.Ex.c.elim	def	1601	1601	ThomsonN7.Kron.Ex.ctorIdx ThomsonN7.Kron.Ex.ctorElim ThomsonN7.Kron.Ex.c ThomsonN7.Kron.Ex
ThomsonN7.SlabOneD.Slab_s94_93.HC_le_phi	theorem	17479	17482	ThomsonN7.SlabOneD.Slab_s94_93.certHC ThomsonN7.SlabOneD.Cert.sound ThomsonN7.SlabOneD.peval ThomsonN7.SlabOneD.Cert.Q ThomsonN7.SlabOneD.Par.mu2 ThomsonN7.SlabOneD.Slab_s94_93.parHC ThomsonN7.SlabOneD.Par.nu1 ThomsonN7.SlabOneD.Par.mu1 ThomsonN7.SlabOneD.Cert.Lam ThomsonN7.SlabOneD.Slab_s94_93.certHC_ok ThomsonN7.SlabOneD.Par.nu2
ThomsonN7.Cert.domAll.eq_def	theorem	0	0	ThomsonN7.Cert.domAll ThomsonN7.Cert.offAbs ThomsonN7.Cert.domAll._f _private.ThomsonN7.Solution.0.ThomsonN7.Cert.domAll.match_1.splitter ThomsonN7.Cert.domAll.match_1
ThomsonN7.Reg.mlo_4	theorem	6973	6974	ThomsonN7.Reg.mon_lo ThomsonN7.Reg.InBox
ThomsonN7.SlabOneD.sumTermsB._sunfold	def	0	0	ThomsonN7.SlabOneD.sumTerms.match_1 ThomsonN7.SlabOneD.Term ThomsonN7.SlabOneD.Term.sq ThomsonN7.SlabOneD.multB ThomsonN7.SlabOneD.sqSumB ThomsonN7.SlabOneD.Par ThomsonN7.SlabOneD.sumTermsB
ThomsonN7.SlabOneD.l1_diff	theorem	15463	15478	ThomsonN7.SlabOneD.cqB ThomsonN7.SlabOneD.l1_sumTerms ThomsonN7.SlabOneD.padd ThomsonN7.SlabOneD.Cert.Q ThomsonN7.SlabOneD.Cert.bound ThomsonN7.SlabOneD.pmul ThomsonN7.SlabOneD.Cert.terms ThomsonN7.SlabOneD.sumTerms ThomsonN7.SlabOneD.Cert.diff ThomsonN7.SlabOneD.pscale ThomsonN7.SlabOneD.l1_compQ ThomsonN7.SlabOneD.Cert ThomsonN7.SlabOneD.l1_padd ThomsonN7.SlabOneD.pneg ThomsonN7.SlabOneD.l1_pneg ThomsonN7.SlabOneD.Cert.m ThomsonN7.SlabOneD.l1_diff._proof_1 ThomsonN7.SlabOneD.l1 ThomsonN7.SlabOneD.l1_pscale ThomsonN7.SlabOneD.l1_pmul ThomsonN7.SlabOneD.Par ThomsonN7.SlabOneD.Cert.Lam ThomsonN7.SlabOneD.sumTermsB ThomsonN7.SlabOneD.compQ
ThomsonN7.Cert.tc_cap_FP2	def	15903	15906	ThomsonN7.Cert.Blk ThomsonN7.Cert.mkBlk
ThomsonN7.Case1Data.S4_B_D_9	def	10036	10036	
ThomsonN7.Cert.SBlk.mk.inj	theorem	0	0	ThomsonN7.Cert.SBlk ThomsonN7.Cert.Blk ThomsonN7.Cert.SBlk.mk.noConfusion ThomsonN7.Cert.SBlk.mk
ThomsonN7.Glue.concl_of_comp_perm	theorem	12030	12039	ThomsonN7.coulombEnergy ThomsonN7.Glue.Concl ThomsonN7.R3 ThomsonN7.Base.coulombEnergy_comp_perm ThomsonN7.pentBipyramid
ThomsonN7.Cert.offB	def	14539	14540	
ThomsonN7.Case1Data.S5_B_l_14	def	10081	10081	
ThomsonN7.Glue.Coerce.PlainCert._sizeOf_inst	def	0	0	ThomsonN7.Glue.Coerce.PlainCert._sizeOf_1 ThomsonN7.Glue.Coerce.PlainCert
ThomsonN7.Reg.g_0_5	theorem	4205	4206	ThomsonN7.Base.pent_inner_north ThomsonN7.R3 ThomsonN7.pentBipyramid
ThomsonN7.Case1Data.S1_B_l_34	def	9797	9797	
ThomsonN7.Cert.tc_s94_93_FR1	def	17227	17230	ThomsonN7.Cert.Blk ThomsonN7.Cert.mkBlk
ThomsonN7.R3	def	20	21	
ThomsonN7.Final.a._proof_3	theorem	0	0	
ThomsonN7.Reg.s1	def	4109	4110	ThomsonN7.cyl._proof_1 ThomsonN7.pentBipyramid._proof_1
ThomsonN7.Reg.kk_11_11	theorem	8075	8077	ThomsonN7.Reg.diag_of_enc
ThomsonN7.Case1Data.S2_B_l_15	def	9854	9854	
ThomsonN7.Cert.tc_s98_96_SA0	def	16594	16598	ThomsonN7.Cert.TBlk ThomsonN7.Cert.TBlk.mk
ThomsonN7.Cert.tc_s93_90_SB4	def	17641	17645	ThomsonN7.Cert.TBlk ThomsonN7.Cert.TBlk.mk
ThomsonN7.Case1Data.S3_B_D_3	def	9954	9954	
ThomsonN7.Case1Data.S0_B_D_32	def	9734	9734	
ThomsonN7.Case1Data.S7_B_l_10	def	10229	10229	
ThomsonN7.Reg.box_sq	theorem	8701	8712	
ThomsonN7.Cert.mv	def	13796	13797	
ThomsonN7.Kron.Ex.pw.match_1	def	0	0	
_private.ThomsonN7.Solution.0.ThomsonN7.Cert.dotN.match_1.eq_1	theorem	0	0	ThomsonN7.Cert.dotN.match_1
ThomsonN7.Reg.CP_17	def	6754	6754	ThomsonN7.triCapPrism._proof_1 ThomsonN7.cyl._proof_1 ThomsonN7.Base.c1._proof_1
ThomsonN7.Cert.fmat_psd	theorem	2397	2416	ThomsonN7.Cert.sum_fin_eq_range ThomsonN7.Cert.Blk.ok ThomsonN7.Cert.Blk.ent_comm ThomsonN7.Cert.Blk ThomsonN7.Cert.Blk.qf_ent_nonneg ThomsonN7.Cert.fmat ThomsonN7.Cert.Blk.ent
ThomsonN7.pent_angle_inj._proof_1	theorem	0	0	
ThomsonN7.SlabOneD.mem_natAbs_le_l1._proof_4	theorem	0	0	ThomsonN7.SlabOneD.l1
ThomsonN7.Reg.g_1_2	theorem	4214	4216	ThomsonN7.Reg.hF1 ThomsonN7.Reg.s1 ThomsonN7.Base.c2 ThomsonN7.Reg.inner_vec3 ThomsonN7.Reg.pent_2 ThomsonN7.Reg.hF2 ThomsonN7.Reg.hF3 ThomsonN7.R3 ThomsonN7.Base.c1 ThomsonN7.Reg.s2 ThomsonN7.Reg.hF4 ThomsonN7.pentBipyramid ThomsonN7.Reg.pent_1
ThomsonN7.Case1Data.S3_B_D_28	def	9979	9979	
ThomsonN7.Reg.CP_40	def	6777	6777	ThomsonN7.triCapPrism._proof_1 ThomsonN7.triCapPrism._proof_2 ThomsonN7.RegB.phiCos._proof_1 ThomsonN7.Base.c1._proof_1
ThomsonN7.GV.core_bound	theorem	5326	5356	ThomsonN7.GV.L32_bound ThomsonN7.GV.dc_bound ThomsonN7.GV.s1_bounds ThomsonN7.GV.L33_bounds ThomsonN7.GV.abs_le_one_of_sq_add ThomsonN7.GV.L22_s1_close ThomsonN7.GV.db_bound ThomsonN7.GV.L22_bounds
ThomsonN7.Cert.Blk.dq.eq_1	theorem	0	0	ThomsonN7.Cert.Blk.d ThomsonN7.Cert.Blk ThomsonN7.Cert.Blk.dq
ThomsonN7.ThreePoint.dsum_perm_tuv	theorem	1514	1517	ThomsonN7.ThreePoint.dsum_cyc ThomsonN7.ThreePoint.dsum
ThomsonN7.Case1Data.S0_B_D_27	def	9729	9729	
ThomsonN7.Cert.comb2.eq_1	theorem	0	0	ThomsonN7.Cert.offB ThomsonN7.Cert.comb2
ThomsonN7.T4.inner_P_five_ring	theorem	11847	11850	ThomsonN7.T4.pentIdx_ne_five ThomsonN7.T4.pentIdx ThomsonN7.M3.inner_P ThomsonN7.M3.cP_pent_pole ThomsonN7.T4.pentIdx_lt ThomsonN7.R3 ThomsonN7.pentBipyramid ThomsonN7.M3.val ThomsonN7.M3.cP
ThomsonN7.Cert.sbst	def	2249	2258	ThomsonN7.Kron.Ex ThomsonN7.Cert.sbst._f ThomsonN7.Kron.Ex.brecOn
ThomsonN7.SlabOneD.Term._sizeOf_inst	def	0	0	ThomsonN7.SlabOneD.Term ThomsonN7.SlabOneD.Term._sizeOf_1
ThomsonN7.M6.mid_bounds	theorem	11486	11487	ThomsonN7.M6.mid ThomsonN7.M6.mid_bounds._proof_1
ThomsonN7.Glue.Coerce.phi_eq_yOf	theorem	13073	13076	ThomsonN7.Glue.Coerce.yOf ThomsonN7.Base.phi ThomsonN7.cyl._proof_1
ThomsonN7.M6.Box6.E	def	11478	11478	ThomsonN7.M6.Box6
ThomsonN7.GV.pent0	theorem	5210	5211	ThomsonN7.cyl._proof_1 ThomsonN7.R3 ThomsonN7.pentBipyramid._proof_1 ThomsonN7.cyl ThomsonN7.pentBipyramid
ThomsonN7.Cert.codeE_nonneg.match_1	def	0	0	
ThomsonN7.Reg.mlo_5	theorem	6977	6978	ThomsonN7.Reg.mon_lo ThomsonN7.Reg.InBox
ThomsonN7.Cert.tc_cap_G	theorem	16085	16085	ThomsonN7.Cert.tc_cap_G._proof_1 ThomsonN7.Cert.tc_cap ThomsonN7.Cert.TCert.chkG
ThomsonN7.Cert.Cert3.check	def	2693	2697	ThomsonN7.Cert.Cert3 ThomsonN7.Cert.Cert3.idE ThomsonN7.Cert.Cert3.ad ThomsonN7.Cert.Blk.ok ThomsonN7.Cert.chk ThomsonN7.Cert.Cert3.blk ThomsonN7.Cert.SBlk ThomsonN7.Cert.SBlk.z ThomsonN7.Cert.Cert3.m ThomsonN7.Cert.Cert3.Lam ThomsonN7.Cert.Cert3.K ThomsonN7.Cert.Cert3.S ThomsonN7.Cert.Cert3.n ThomsonN7.Cert.SBlk.B
ThomsonN7.Cert.degK_sumE_map._f	def	0	0	ThomsonN7.Cert.degK.eq_1 ThomsonN7.Cert.degK.eq_3 ThomsonN7.Cert.sumE_cons ThomsonN7.Kron.Ex.add ThomsonN7.Kron.Ex.c ThomsonN7.Kron.Ex ThomsonN7.Cert.degK_sumE_map._proof_1 ThomsonN7.Kron.Ex.sumE ThomsonN7.Cert.degK_sumE_map.match_1 ThomsonN7.Cert.degK
ThomsonN7.Case1Data.S7_B_D_7	def	10247	10247	
ThomsonN7.Reg.kk_10_15	theorem	8063	8065	ThomsonN7.Reg.cross_of_enc
ThomsonN7.SlabOneD.Cert._sizeOf_1	def	0	0	ThomsonN7.SlabOneD.Term ThomsonN7.SlabOneD.Cert.rec ThomsonN7.SlabOneD.Cert ThomsonN7.SlabOneD.Term._sizeOf_inst
ThomsonN7.ThreePoint.Rk	def	1072	1075	ThomsonN7.cyl._proof_1 ThomsonN7.ThreePoint.S3
ThomsonN7.Case1Data.S1_B_l_22	def	9785	9785	
ThomsonN7.M6.Box6.mk._flat_ctor	def	0	0	ThomsonN7.M6.Box6.mk ThomsonN7.M6.Box6
ThomsonN7.M6.iadd	def	11309	11309	
ThomsonN7.Glue.Coerce.PlainCert.slab_two	theorem	13486	13493	ThomsonN7.Glue.Coerce.PlainCert.check ThomsonN7.Glue.Coerce.PlainCert ThomsonN7.Glue.Coerce.PlainCert.Dq ThomsonN7.Base.phi ThomsonN7.Glue.Coerce.PlainCert.Q ThomsonN7.Glue.Coerce.PlainCert.le_phi ThomsonN7.CutOneD.peval
ThomsonN7.Cert.TCert.rec	rec	14833	14861	ThomsonN7.Cert.Blk ThomsonN7.Cert.TBlk ThomsonN7.Cert.TCert.mk ThomsonN7.Cert.TCert
ThomsonN7.Cert.SBlk.noConfusion	def	2604	2610	ThomsonN7.Cert.SBlk ThomsonN7.Cert.Blk ThomsonN7.Cert.SBlk.noConfusionType ThomsonN7.Cert.SBlk.casesOn
ThomsonN7.RegB.t0_23	theorem	4938	4939	ThomsonN7.RegB.t0_ring_lt ThomsonN7.Base.c1 ThomsonN7.RegB.t0 ThomsonN7.Base.cos_2pi5
ThomsonN7.CutOneD.padd.eq_def	theorem	0	0	ThomsonN7.CutOneD.padd ThomsonN7.CutOneD.padd.match_1 ThomsonN7.CutOneD.padd._f _private.ThomsonN7.Solution.0.ThomsonN7.CutOneD.padd.match_1.splitter
ThomsonN7.Kron.Ex.l1._unsafe_rec	def	0	0	ThomsonN7.Kron.Ex.ev.match_1 ThomsonN7.Kron.Ex ThomsonN7.Kron.Ex.l1._unsafe_rec
ThomsonN7.tri_cap._proof_2	theorem	0	0	
ThomsonN7.Reg.IsoSet	def	4744	4745	ThomsonN7.R3
ThomsonN7.M6.chk4_sound	theorem	11556	11596	ThomsonN7.M6.idet4_mem ThomsonN7.M6.Box6.A ThomsonN7.M6.chk4 ThomsonN7.M6.Box6.F ThomsonN7.M6.Box6.Mem ThomsonN7.M6.Box6.split ThomsonN7.M6.Box6.mem_split ThomsonN7.M6.Box6.D ThomsonN7.M6.Box6.C ThomsonN7.M6.idet4 ThomsonN7.M6.widest ThomsonN7.M6.Box6.B ThomsonN7.M6.Box6 ThomsonN7.M6.Imem ThomsonN7.M6.idet3 ThomsonN7.M6.det3h ThomsonN7.M6.Box6.E ThomsonN7.M6.det4h ThomsonN7.M6.idet3_mem
ThomsonN7.Reg.CP_37.eq_1	theorem	0	0	ThomsonN7.triCapPrism._proof_1 ThomsonN7.Reg.CP_37 ThomsonN7.cyl._proof_1 ThomsonN7.RegB.phiCos._proof_1
ThomsonN7.Glue.Coerce.Contact2.p2	def	13272	13272	ThomsonN7.Glue.Coerce.Contact2
ThomsonN7.SlabOneD.Term.f1	def	15222	15222	ThomsonN7.SlabOneD.Term
ThomsonN7.Reg.hessian_lower	theorem	9008	9016	ThomsonN7.Reg.s1 ThomsonN7.Reg.atoms_inBox ThomsonN7.Base.c2 ThomsonN7.Reg.expansion ThomsonN7.Reg.core ThomsonN7.Reg.Pen ThomsonN7.Base.phi ThomsonN7.Reg.norm_sq_coord ThomsonN7.Reg.Qhess ThomsonN7.R3 ThomsonN7.Base.c1 ThomsonN7.Reg.Fq
ThomsonN7.SlabOneD.compQ.eq_def	theorem	0	0	ThomsonN7.SlabOneD.padd ThomsonN7.SlabOneD.pmul _private.ThomsonN7.Solution.0.ThomsonN7.CutOneD.compQ.match_1.splitter ThomsonN7.CutOneD.compQ.match_1 ThomsonN7.SlabOneD.compQ._f ThomsonN7.SlabOneD.compQ
ThomsonN7.Reg.pent_force_balance	theorem	4600	4607	ThomsonN7.Reg.W ThomsonN7.Reg.pent_critical ThomsonN7.cyl._proof_1 ThomsonN7.R3 ThomsonN7.Reg.muP ThomsonN7.pentBipyramid
ThomsonN7.Cert.TBlk.casesOn	def	14081	14093	ThomsonN7.Cert.TBlk ThomsonN7.Cert.TBlk.rec ThomsonN7.Cert.TBlk.mk
ThomsonN7.Reg.CP_7	def	6744	6744	ThomsonN7.triCapPrism._proof_2 ThomsonN7.RegB.phiCos._proof_1
ThomsonN7.M6.mul_ge_min4	theorem	11342	11356	
ThomsonN7.Case1Data.S4_B_l_1	def	9992	9992	
ThomsonN7.Reg.c1_lt_one	theorem	8720	8723	ThomsonN7.Reg.sqrt5_hi ThomsonN7.Base.c1 ThomsonN7.pentBipyramid._proof_1 ThomsonN7.Base.c1._proof_1
ThomsonN7.M2.K8.x3	def	2851	2851	ThomsonN7.M2.K8
ThomsonN7.ThreePoint.sum4_swap	theorem	1088	1094	
ThomsonN7.T4.sig7_injective._proof_4	theorem	0	0	ThomsonN7.T4.sig7._proof_3 ThomsonN7.T4.sig7._proof_4 ThomsonN7.T4.pentIdx._proof_2
ThomsonN7.Case1Data.S7_B_l_18	def	10237	10237	
ThomsonN7.SlabOneD.Slab_s99_98.certHC	def	16484	16488	ThomsonN7.SlabOneD.Slab_s99_98.termHC_3 ThomsonN7.SlabOneD.Cert.mk ThomsonN7.SlabOneD.Term ThomsonN7.SlabOneD.Slab_s99_98.termHC_0 ThomsonN7.SlabOneD.Slab_s99_98.termHC_1 ThomsonN7.SlabOneD.Cert ThomsonN7.SlabOneD.Slab_s99_98.termHC_2
ThomsonN7.CutOneD.peval.eq_2	theorem	0	0	ThomsonN7.CutOneD.peval
ThomsonN7.Glue.Coerce.bernSum._sunfold	def	0	0	ThomsonN7.CutOneD.padd ThomsonN7.Glue.Coerce.ppow ThomsonN7.CutOneD.pscale ThomsonN7.Glue.Coerce.bernSum.match_1 ThomsonN7.CutOneD.pmul ThomsonN7.Glue.Coerce.bernSum
ThomsonN7.Reg.mhi_28	theorem	7071	7072	ThomsonN7.Reg.mon_hi ThomsonN7.Reg.InBox
ThomsonN7.TwoRegime.count_lower_of_threePoint	theorem	6243	6256	ThomsonN7.coulombEnergy ThomsonN7.ThreePoint.Rk ThomsonN7.TwoRegime.count_lower_of_slack ThomsonN7.SphereConfig ThomsonN7.ThreePoint.matDot ThomsonN7.Base.phi ThomsonN7.R3 ThomsonN7.ThreePoint.GramOK ThomsonN7.pentBipyramid ThomsonN7.TwoRegime.cnt ThomsonN7.TwoRegime.count_ge_of_threePoint
ThomsonN7.Case1Data.F0_D_3	def	9603	9603	
ThomsonN7.Case1.c1_stat_S4._proof_1	theorem	0	0	ThomsonN7.Cert.Cert3.ad ThomsonN7.Case1.c1Stat ThomsonN7.Case1Data.cf ThomsonN7.Case1.C1Stat ThomsonN7.Cert.sblkE ThomsonN7.Case1Data.S4 ThomsonN7.Cert.Cert3.an
ThomsonN7.Case1Data.S6_B_D_25	def	10204	10204	
ThomsonN7.T4.pentIdx_injective	theorem	11857	11861	ThomsonN7.T4.pentIdx
ThomsonN7.Case1Data.F0_l_3	def	9596	9596	
ThomsonN7.Reg.kk_0_15	theorem	7781	7783	ThomsonN7.Reg.cross_of_enc
ThomsonN7.Glue.Coerce.Contact1R.mk.sizeOf_spec	theorem	0	0	ThomsonN7.Glue.Coerce.Contact1R._sizeOf_inst ThomsonN7.Glue.Coerce.Contact1R.mk ThomsonN7.Glue.Coerce.Contact1R ThomsonN7.Glue.Coerce.BPiece ThomsonN7.Glue.Coerce.BPiece._sizeOf_inst
ThomsonN7.Reg.kk_1_16	theorem	7814	7816	ThomsonN7.Reg.cross_of_enc
ThomsonN7.Cert.ev_sbst	theorem	2269	2277	ThomsonN7.Cert.varVal_pow ThomsonN7.Kron.Ex.mul ThomsonN7.Kron.Ex.mon ThomsonN7.Kron.Ex.ev ThomsonN7.Cert.sbst ThomsonN7.Kron.Ex.add ThomsonN7.Kron.Ex ThomsonN7.Kron.Ex.rec ThomsonN7.Kron.Ex.varVal
ThomsonN7.Cert.tc_cap_FR2	def	15933	15936	ThomsonN7.Cert.Blk ThomsonN7.Cert.mkBlk
ThomsonN7.M3.cos_pent._proof_6	theorem	0	0	
ThomsonN7.ThreePoint.Q3.match_1	def	0	0	
ThomsonN7.Cert.l1_sumE_map._proof_1	theorem	0	0	ThomsonN7.Kron.Ex ThomsonN7.Kron.Ex.l1 ThomsonN7.Kron.Ex.sumE
ThomsonN7.Base.cos_2pi5	theorem	419	424	ThomsonN7.Base.c1 ThomsonN7.pentBipyramid._proof_1 ThomsonN7.Base.c1._proof_1
ThomsonN7.Cert.TBlk.mk._flat_ctor	def	0	0	ThomsonN7.Cert.TBlk ThomsonN7.Cert.TBlk.mk
ThomsonN7.Reg.mlo_10	theorem	6997	6998	ThomsonN7.Reg.mon_lo ThomsonN7.Reg.InBox
ThomsonN7.Reg.planeRot.eq_1	theorem	0	0	ThomsonN7.Reg.planeRot._proof_5 ThomsonN7.Reg.planeRot._proof_4 ThomsonN7.Reg.planeRot._proof_9 ThomsonN7.Reg.planeRot._proof_2 ThomsonN7.Reg.planeRot._proof_1 ThomsonN7.Reg.planeRot._proof_3 ThomsonN7.Reg.planeRot._proof_7 ThomsonN7.Reg.planeRot._proof_6 ThomsonN7.R3 ThomsonN7.Reg.planeRot._proof_8 ThomsonN7.Reg.planeRot ThomsonN7.Reg.planeRot._proof_10
ThomsonN7.M2.Pl.mul	def	3069	3072	ThomsonN7.M2.K8 ThomsonN7.M2.Pl.mul._f
_private.ThomsonN7.Solution.0.ThomsonN7.M2.Pl.pow.match_1.splitter	def	0	0	ThomsonN7.M2.Pl.pow.match_1
ThomsonN7.Reg.CP_9	def	6746	6746	ThomsonN7.triCapPrism._proof_2 ThomsonN7.RegB.phiCos._proof_1
ThomsonN7.Base.cos_4pi5	theorem	426	429	ThomsonN7.Base.c2 ThomsonN7.pentBipyramid._proof_1 ThomsonN7.Base.c1._proof_1
ThomsonN7.Reg.sq_6	theorem	8243	8243	
ThomsonN7.Case1Data.S1_B_l_17	def	9780	9780	
ThomsonN7.CutOneD.pmul.eq_1	theorem	0	0	ThomsonN7.CutOneD.pmul
ThomsonN7.Case1Data.S5_B_l_25	def	10092	10092	
_private.ThomsonN7.Solution.0.ThomsonN7.M2.Pl.eval.match_1.splitter	def	0	0	ThomsonN7.M2.K8 ThomsonN7.M2.Pl.eval.match_1
ThomsonN7.SlabOneD.peval_pmul	theorem	15163	15167	ThomsonN7.SlabOneD.padd ThomsonN7.SlabOneD.peval ThomsonN7.SlabOneD.pmul ThomsonN7.SlabOneD.pscale ThomsonN7.SlabOneD.peval_pscale ThomsonN7.SlabOneD.peval.eq_1 ThomsonN7.SlabOneD.peval_padd
ThomsonN7.SlabOneD.l1.eq_1	theorem	0	0	ThomsonN7.SlabOneD.l1
ThomsonN7.SlabOneD.Slab_s96_94.termHA_7	def	17085	17086	ThomsonN7.SlabOneD.Term ThomsonN7.SlabOneD.Term.mk
ThomsonN7.Case1Data.S1_B_D_20	def	9819	9819	
ThomsonN7.M2.K8.toReal.eq_1	theorem	0	0	ThomsonN7.M2.K8.x4 ThomsonN7.M2.K8.x1 ThomsonN7.M2.K8 ThomsonN7.M2.K8.toReal ThomsonN7.M2.ra ThomsonN7.M2.K8.x3 ThomsonN7.M2.K8.x7 ThomsonN7.M2.rb ThomsonN7.M2.K8.x2 ThomsonN7.M2.K8.x6 ThomsonN7.M2.K8.x5 ThomsonN7.M2.K8.x0
ThomsonN7.Reg.kk_13_18	theorem	8126	8128	ThomsonN7.Reg.cross_of_enc
ThomsonN7.Case1Data.S3_B_D_34	def	9985	9985	
ThomsonN7.M6.det3h	def	11405	11407	ThomsonN7.cyl._proof_1
ThomsonN7.CutOneD.Cert.mk._flat_ctor	def	0	0	ThomsonN7.CutOneD.Cert.mk ThomsonN7.CutOneD.Cert
ThomsonN7.Case1Data.S3_B_D_27	def	9978	9978	
ThomsonN7.Kron.sumT	def	1663	1665	ThomsonN7.Kron.Ex.Term
ThomsonN7.Kron.Ex.ev.eq_1	theorem	0	0	ThomsonN7.Kron.Ex.ev ThomsonN7.Kron.Ex.c
ThomsonN7.Cert.tc_s94_93_FR2	def	17232	17235	ThomsonN7.Cert.Blk ThomsonN7.Cert.mkBlk
ThomsonN7.Base.c1	def	413	414	ThomsonN7.pentBipyramid._proof_1 ThomsonN7.Base.c1._proof_1
ThomsonN7.Reg.CP_46.eq_1	theorem	0	0	ThomsonN7.triCapPrism._proof_1 ThomsonN7.cyl._proof_1 ThomsonN7.RegB.phiCos._proof_1 ThomsonN7.Reg.CP_46
ThomsonN7.Cert.tc_s98_96_SG3	def	16678	16682	ThomsonN7.Cert.TBlk ThomsonN7.Cert.TBlk.mk
ThomsonN7.Case1Data.S0_B_l_18	def	9663	9663	
ThomsonN7.Reg.pc_0_2	theorem	8319	8320	ThomsonN7.R3 ThomsonN7.Reg.pent_0 ThomsonN7.pentBipyramid
ThomsonN7.CutOneD.Cert.mk	ctor	9212	9212	ThomsonN7.CutOneD.Cert.mk ThomsonN7.CutOneD.Cert
ThomsonN7.Kron.Ex.mon.sizeOf_spec	theorem	0	0	ThomsonN7.Kron.Ex.mon ThomsonN7.Kron.Ex._sizeOf_inst ThomsonN7.Kron.Ex
ThomsonN7.Glue.Coerce.PlainCert.mk._flat_ctor	def	0	0	ThomsonN7.Glue.Coerce.PlainCert.mk ThomsonN7.Glue.Coerce.PlainCert ThomsonN7.Glue.Coerce.BPiece
ThomsonN7.CutOneD.sqSum.match_1	def	0	0	
ThomsonN7.ThreePoint.Zsym.eq_1	theorem	0	0	ThomsonN7.ThreePoint.Zsym ThomsonN7.triCapPrism._proof_2 ThomsonN7.ThreePoint.Zw
ThomsonN7.Kron.Ex.deg_le._proof_19	theorem	0	0	ThomsonN7.Kron.Ex.Term ThomsonN7.Kron.Ex.dy ThomsonN7.Kron.Ex.dz ThomsonN7.Kron.Ex.dx ThomsonN7.Kron.Ex
ThomsonN7.Glue.Coerce.BPiece.mk.sizeOf_spec	theorem	0	0	ThomsonN7.Glue.Coerce.BPiece.mk ThomsonN7.Glue.Coerce.BPiece ThomsonN7.Glue.Coerce.BPiece._sizeOf_inst
ThomsonN7.Case1Data.S2_B_l_8	def	9847	9847	
ThomsonN7.Reg.CP_35.eq_1	theorem	0	0	ThomsonN7.Reg.CP_35 ThomsonN7.triCapPrism._proof_1 ThomsonN7.Base.c1._proof_1
ThomsonN7.Case1.c1_stat_S6	theorem	10416	10418	ThomsonN7.Case1Data.S6 ThomsonN7.Cert.Cert3.ad ThomsonN7.Case1.c1Stat ThomsonN7.Case1Data.cf ThomsonN7.Case1.C1Stat ThomsonN7.Cert.sblkE ThomsonN7.Cert.Cert3.an ThomsonN7.Case1.c1_stat_S6._proof_1
ThomsonN7.Cert.tc_cap_FP5	def	15918	15921	ThomsonN7.Cert.Blk ThomsonN7.Cert.mkBlk
ThomsonN7.Kron.sumT.eq_1	theorem	0	0	ThomsonN7.Kron.Ex.Term ThomsonN7.Kron.sumT
ThomsonN7.Kron.Ex.dx.eq_def	theorem	0	0	ThomsonN7.Kron.Ex.below ThomsonN7.Kron.Ex.dx._f ThomsonN7.Kron.Ex.mul ThomsonN7.Kron.Ex.dx ThomsonN7.Kron.Ex.mon ThomsonN7.Kron.Ex.brecOn.go _private.ThomsonN7.Solution.0.ThomsonN7.Kron.Ex.ev.match_1.splitter ThomsonN7.Kron.Ex.add ThomsonN7.Kron.Ex.ev.match_1 ThomsonN7.Kron.Ex.c ThomsonN7.Kron.Ex ThomsonN7.Kron.Ex.rec ThomsonN7.Kron.Ex.brecOn.eq ThomsonN7.Kron.Ex.brecOn
ThomsonN7.SlabOneD.Slab_s99_98.certHC_ok._proof_1	theorem	0	0	ThomsonN7.SlabOneD.Cert.check ThomsonN7.SlabOneD.Slab_s99_98.certHC ThomsonN7.SlabOneD.Slab_s99_98.parHC
ThomsonN7.Cert.gE.eq_1	theorem	0	0	ThomsonN7.Kron.Ex.mul ThomsonN7.Cert.gE ThomsonN7.Kron.Ex.c ThomsonN7.Kron.Ex ThomsonN7.Cert.codeE
ThomsonN7.Cert.SBlk.noConfusionType	def	0	0	ThomsonN7.Cert.SBlk ThomsonN7.Cert.Blk ThomsonN7.Cert.SBlk.casesOn
ThomsonN7.Cert.tc_s93_90_G	theorem	17707	17707	ThomsonN7.Cert.tc_s93_90_G._proof_1 ThomsonN7.Cert.TCert.chkG ThomsonN7.Cert.tc_s93_90
ThomsonN7.Reg.local_ineq	theorem	9018	9054	ThomsonN7.coulombEnergy ThomsonN7.Reg.tau ThomsonN7.Reg.W ThomsonN7.triCapPrism._proof_1 ThomsonN7.Reg.hessian_lower ThomsonN7.Reg.energy_ge_cubic ThomsonN7.Reg.Pen ThomsonN7.Base.phi ThomsonN7.Reg.gP ThomsonN7.cyl._proof_1 ThomsonN7.Reg.Qhess ThomsonN7.R3 ThomsonN7.pentBipyramid._proof_1 ThomsonN7.Reg.Dpair ThomsonN7.Reg.muP ThomsonN7.Reg.sum_Dpair_lower ThomsonN7.pentBipyramid ThomsonN7.Reg.pen_eq
ThomsonN7.TwoRegime.seven_of_countsA	theorem	6338	6359	ThomsonN7.coulombEnergy ThomsonN7.TwoRegime.CountRigidA ThomsonN7.SphereConfig ThomsonN7.TwoRegime.local_of_windowA ThomsonN7.TwoRegime.exact_counts ThomsonN7.R3 ThomsonN7.pentBipyramid ThomsonN7.TwoRegime.LocalGramA ThomsonN7.TwoRegime.cnt ThomsonN7.TwoRegime.InWindow
ThomsonN7.Cert.kev_sqfF	theorem	14150	14156	ThomsonN7.Cert.sqfVal ThomsonN7.Cert.Blk.del ThomsonN7.Kron.Ex.kev ThomsonN7.Cert.Blk ThomsonN7.Cert.ev_sqfE ThomsonN7.Cert.zval_two ThomsonN7.Kron.Ex.ev ThomsonN7.Cert.Blk.lq ThomsonN7.Cert.Blk.dq ThomsonN7.Cert.sqfF ThomsonN7.Cert.ev_sqfF ThomsonN7.Cert.cast_kev ThomsonN7.Cert.kw ThomsonN7.Cert.sqfE ThomsonN7.Cert.zval
ThomsonN7.M3.all4_eq_true	theorem	3378	3388	ThomsonN7.M3.cP._proof_1 ThomsonN7.M3.all4
ThomsonN7.Cert.natAbs_field_le	theorem	14160	14170	ThomsonN7.Cert.natAbs_field_le._proof_1 ThomsonN7.Cert.natAbs_field_le._proof_2
ThomsonN7.SlabOneD.compQ._unsafe_rec	def	0	0	ThomsonN7.SlabOneD.padd ThomsonN7.SlabOneD.pmul ThomsonN7.CutOneD.compQ.match_1 ThomsonN7.SlabOneD.compQ._unsafe_rec
ThomsonN7.M2.Pl.pow.match_1	def	0	0	
ThomsonN7.Glue.Coerce.PlainCert.mk.noConfusion	def	13122	13122	ThomsonN7.Glue.Coerce.PlainCert.mk ThomsonN7.Glue.Coerce.PlainCert ThomsonN7.Glue.Coerce.BPiece ThomsonN7.Glue.Coerce.PlainCert.noConfusion
ThomsonN7.Case1.c1Stat.eq_4	theorem	0	0	ThomsonN7.Kron.Ex.mul ThomsonN7.Case1.c1Stat ThomsonN7.Case1.C1Stat ThomsonN7.Kron.Ex ThomsonN7.Case1.c1Mul
ThomsonN7.Reg.pent_critical_3	theorem	4556	4562	ThomsonN7.Reg.W ThomsonN7.Reg.muP_3 ThomsonN7.Reg.W_3_4 ThomsonN7.Reg.crit_3_x ThomsonN7.Reg.W_3_3 ThomsonN7.Reg.s1 ThomsonN7.Reg.W_3_1 ThomsonN7.Reg.W_3_6 ThomsonN7.Base.c2 ThomsonN7.Reg.pent_2 ThomsonN7.Reg.W_3_5 ThomsonN7.Reg.W_3_2 ThomsonN7.Base.phi ThomsonN7.Reg.W_3_0 ThomsonN7.R3 ThomsonN7.Base.c1 ThomsonN7.Reg.pent_5' ThomsonN7.Reg.s2 ThomsonN7.Reg.pent_0 ThomsonN7.Reg.pent_6' ThomsonN7.Reg.muP ThomsonN7.pentBipyramid ThomsonN7.Reg.pent_3 ThomsonN7.Reg.pent_4 ThomsonN7.Reg.crit_3_y ThomsonN7.Reg.pent_1
ThomsonN7.Case1.c1Stat_idE	theorem	10368	10380	ThomsonN7.Case1.c1Smul ThomsonN7.Kron.Ex.sub ThomsonN7.Case1.c1Sum ThomsonN7.Cert.Cert3 ThomsonN7.Cert.Cert3.idE ThomsonN7.Cert.Cert3.ad ThomsonN7.Case1.c1Stat_sumRange ThomsonN7.Case1.c1Stat ThomsonN7.Kron.Ex.sumRange ThomsonN7.Cert.Cert3.blk ThomsonN7.Cert.SBlk ThomsonN7.Case1.C1Stat ThomsonN7.Case1.c1Sub ThomsonN7.Cert.Cert3.m ThomsonN7.Cert.hE ThomsonN7.Cert.Cert3.eps ThomsonN7.Cert.Cert3.h ThomsonN7.Cert.Cert3.K ThomsonN7.Cert.sblkE ThomsonN7.Kron.Ex.c ThomsonN7.Kron.Ex ThomsonN7.Kron.Ex.smul ThomsonN7.Cert.Cert3.S ThomsonN7.Cert.Cert3.an ThomsonN7.Cert.Cert3.n ThomsonN7.Kron.Ex.sumE ThomsonN7.Case1.c1Stat_sumE ThomsonN7.Cert.fkE ThomsonN7.Case1.c1FtotK ThomsonN7.Case1.c1C
ThomsonN7.Case1Data.S4_B_D_33	def	10060	10060	
ThomsonN7.Reg.mhi_23	theorem	7051	7052	ThomsonN7.Reg.mon_hi ThomsonN7.Reg.InBox
ThomsonN7.Glue.sin_pi_div_five_enc60	theorem	12837	12847	ThomsonN7.Glue.sqrt5_enc60 ThomsonN7.EPBounds.sin_pi_div_five_sq
ThomsonN7.T4.ring_rigid._proof_6	theorem	0	0	
ThomsonN7.GV.L22_s1_close	theorem	5260	5277	
ThomsonN7.Cert.sumE_cons	theorem	14407	14407	ThomsonN7.Kron.Ex.add ThomsonN7.Kron.Ex ThomsonN7.Kron.Ex.sumE
ThomsonN7.Case1Data.S4_B_D_17	def	10044	10044	
ThomsonN7.Glue.Coerce.Contact2.g0d	def	13276	13276	ThomsonN7.Glue.Coerce.Contact2
ThomsonN7.SlabOneD.Slab_s94_93.certHB	def	17444	17448	ThomsonN7.SlabOneD.Slab_s94_93.termHB_2 ThomsonN7.SlabOneD.Slab_s94_93.termHB_3 ThomsonN7.SlabOneD.Cert.mk ThomsonN7.SlabOneD.Term ThomsonN7.SlabOneD.Slab_s94_93.termHB_1 ThomsonN7.SlabOneD.Cert ThomsonN7.SlabOneD.Slab_s94_93.termHB_0
ThomsonN7.SlabOneD.l1_sqSum	theorem	15418	15426	ThomsonN7.SlabOneD.l1.eq_1 ThomsonN7.SlabOneD.padd ThomsonN7.SlabOneD.pmul ThomsonN7.SlabOneD.pscale ThomsonN7.SlabOneD.l1_padd ThomsonN7.SlabOneD.sqSum ThomsonN7.SlabOneD.sqSumB ThomsonN7.SlabOneD.l1 ThomsonN7.SlabOneD.l1_pscale ThomsonN7.SlabOneD.l1_pmul
ThomsonN7.Reg.CP_13	def	6750	6750	ThomsonN7.triCapPrism._proof_1 ThomsonN7.Base.c1._proof_1
ThomsonN7.Glue.Coerce.Contact1R.check	def	13538	13544	ThomsonN7.Glue.Coerce.Contact1R.pieces ThomsonN7.Glue.Coerce.Contact1R.R ThomsonN7.Glue.Coerce.Contact1R.q ThomsonN7.CutOneD.pneg ThomsonN7.CutOneD.padd ThomsonN7.Glue.Coerce.Contact1R.g0n ThomsonN7.Glue.Coerce.chainOK ThomsonN7.Glue.Coerce.Fpoly ThomsonN7.Glue.Coerce.Contact1R.p ThomsonN7.Glue.Coerce.Contact1R.s ThomsonN7.Glue.Coerce.Contact1R.piecesR ThomsonN7.Glue.Coerce.Contact1R.G ThomsonN7.Glue.Coerce.lin ThomsonN7.CutOneD.pscale ThomsonN7.Glue.Coerce.Contact1R.Dq ThomsonN7.Glue.Coerce.Contact1R ThomsonN7.CutOneD.pmul ThomsonN7.Glue.Coerce.Contact1R.g0d ThomsonN7.Glue.Coerce.Contact1R.Q
ThomsonN7.SlabOneD.Par.casesOn	def	15210	15215	ThomsonN7.SlabOneD.Par.mk ThomsonN7.SlabOneD.Par.rec ThomsonN7.SlabOneD.Par
ThomsonN7.Case1Data.S6_B_l	def	10178	10178	ThomsonN7.Case1Data.S6_B_l_19 ThomsonN7.Case1Data.S6_B_l_4 ThomsonN7.Case1Data.S6_B_l_6 ThomsonN7.Case1Data.S6_B_l_2 ThomsonN7.Case1Data.S6_B_l_13 ThomsonN7.Case1Data.S6_B_l_18 ThomsonN7.Case1Data.S6_B_l_10 ThomsonN7.Case1Data.S6_B_l_34 ThomsonN7.Case1Data.S6_B_l_7 ThomsonN7.Case1Data.S6_B_l_0 ThomsonN7.Case1Data.S6_B_l_24 ThomsonN7.Case1Data.S6_B_l_11 ThomsonN7.Case1Data.S6_B_l_22 ThomsonN7.Case1Data.S6_B_l_33 ThomsonN7.Case1Data.S6_B_l_27 ThomsonN7.Case1Data.S6_B_l_15 ThomsonN7.Case1Data.S6_B_l_29 ThomsonN7.Case1Data.S6_B_l_3 ThomsonN7.Case1Data.S6_B_l_21 ThomsonN7.Case1Data.S6_B_l_1 ThomsonN7.Case1Data.S6_B_l_30 ThomsonN7.Case1Data.S6_B_l_23 ThomsonN7.Case1Data.S6_B_l_32 ThomsonN7.Case1Data.S6_B_l_12 ThomsonN7.Case1Data.S6_B_l_8 ThomsonN7.Case1Data.S6_B_l_9 ThomsonN7.Case1Data.S6_B_l_26 ThomsonN7.Case1Data.S6_B_l_25 ThomsonN7.Case1Data.S6_B_l_28 ThomsonN7.Case1Data.S6_B_l_17 ThomsonN7.Case1Data.S6_B_l_31 ThomsonN7.Case1Data.S6_B_l_14 ThomsonN7.Case1Data.S6_B_l_16 ThomsonN7.Case1Data.S6_B_l_20 ThomsonN7.Case1Data.S6_B_l_5
ThomsonN7.Reg.gP_3_4	theorem	8309	8309	ThomsonN7.Reg.gP ThomsonN7.Base.c1 ThomsonN7.Reg.g_3_4
ThomsonN7.Case1Data.S1_B_D_26	def	9825	9825	
ThomsonN7.Glue.exists_perm_of_ne	theorem	12041	12055	
ThomsonN7.Reg.kk_7_9	theorem	7979	7981	ThomsonN7.Reg.cross_of_enc
ThomsonN7.Reg.g_5_4	theorem	4301	4302	ThomsonN7.Reg.g_4_5 ThomsonN7.R3 ThomsonN7.pentBipyramid
ThomsonN7.Reg.CP_25.eq_1	theorem	0	0	ThomsonN7.Reg.CP_25 ThomsonN7.triCapPrism._proof_2 ThomsonN7.RegB.phiCos._proof_1
ThomsonN7.Reg.sum_Ioi_seven	theorem	8270	8278	
ThomsonN7.Glue.Coerce.Contact1R.R_nonneg	theorem	13566	13571	ThomsonN7.Glue.Coerce.Contact1R.pieces ThomsonN7.Glue.Coerce.Contact1R.check ThomsonN7.Glue.Coerce.Contact1R.R ThomsonN7.Glue.Coerce.Contact1R.q ThomsonN7.CutOneD.pneg ThomsonN7.CutOneD.padd ThomsonN7.Glue.Coerce.Contact1R.g0n ThomsonN7.Glue.Coerce.chainOK ThomsonN7.Glue.Coerce.Fpoly ThomsonN7.Glue.Coerce.Contact1R.p ThomsonN7.Glue.Coerce.Contact1R.s ThomsonN7.Glue.Coerce.Contact1R.piecesR ThomsonN7.Glue.Coerce.Contact1R.G ThomsonN7.Glue.Coerce.lin ThomsonN7.CutOneD.pscale ThomsonN7.Glue.Coerce.Contact1R.Dq ThomsonN7.Glue.Coerce.Contact1R ThomsonN7.CutOneD.pmul ThomsonN7.Glue.Coerce.chainOK_nonneg ThomsonN7.Glue.Coerce.Contact1R.g0d ThomsonN7.CutOneD.peval ThomsonN7.Glue.Coerce.Contact1R.Q
ThomsonN7.CutOneD.Cert.nonneg	theorem	9236	9249	ThomsonN7.CutOneD.sqEval_nonneg ThomsonN7.CutOneD.Cert.Lam ThomsonN7.CutOneD.compQ ThomsonN7.CutOneD.sqSum ThomsonN7.CutOneD.Cert.A1 ThomsonN7.CutOneD.Cert.A2 ThomsonN7.CutOneD.pneg ThomsonN7.CutOneD.padd ThomsonN7.CutOneD.peval_padd ThomsonN7.CutOneD.Cert.diff ThomsonN7.CutOneD.sqEval ThomsonN7.CutOneD.Cert.Q ThomsonN7.CutOneD.peval_eq_zero_of_all ThomsonN7.CutOneD.pmul ThomsonN7.CutOneD.Cert.A0 ThomsonN7.CutOneD.peval_sqSum ThomsonN7.CutOneD.peval_compQ ThomsonN7.CutOneD.peval_pmul ThomsonN7.CutOneD.Cert.A3 ThomsonN7.CutOneD.peval ThomsonN7.CutOneD.Cert.check ThomsonN7.CutOneD.Cert ThomsonN7.CutOneD.peval_pneg
ThomsonN7.Kron.Ex	induct	1599	1604	ThomsonN7.Kron.Ex.mul ThomsonN7.Kron.Ex.mon ThomsonN7.Kron.Ex.add ThomsonN7.Kron.Ex.c
ThomsonN7.CutOneD.Cert.A1	def	9216	9216	ThomsonN7.CutOneD.Cert
ThomsonN7.Reg.CP_6	def	6743	6743	ThomsonN7.Base.c1._proof_1
ThomsonN7.T4.imem_of	theorem	11677	11678	ThomsonN7.M6.Imem
ThomsonN7.Reg.gP_0_6	theorem	8299	8299	ThomsonN7.Reg.gP ThomsonN7.Reg.g_0_6
ThomsonN7.Reg.phi_neg_one	theorem	8280	8284	ThomsonN7.Base.phi ThomsonN7.cyl._proof_1
ThomsonN7.Glue.Coerce.BPiece.noConfusionType	def	0	0	ThomsonN7.Glue.Coerce.BPiece ThomsonN7.Glue.Coerce.BPiece.casesOn
ThomsonN7.Reg.CP_29.eq_1	theorem	0	0	ThomsonN7.triCapPrism._proof_1 ThomsonN7.cyl._proof_1 ThomsonN7.Reg.CP_29
ThomsonN7.Kron.Ex.neg	def	1963	1964	ThomsonN7.Kron.Ex.mul ThomsonN7.Kron.Ex.c ThomsonN7.Kron.Ex
ThomsonN7.Cert.tc_s93_90_SA0	def	17581	17585	ThomsonN7.Cert.TBlk ThomsonN7.Cert.TBlk.mk
ThomsonN7.Reg.CP_0.eq_1	theorem	0	0	ThomsonN7.triCapPrism._proof_1 ThomsonN7.Reg.CP_0 ThomsonN7.cyl._proof_1 ThomsonN7.Base.c1._proof_1
ThomsonN7.Glue.Coerce.BPiece.check	def	12975	12977	ThomsonN7.Glue.Coerce.BPiece.Lam ThomsonN7.Glue.Coerce.BPiece.w2 ThomsonN7.Glue.Coerce.BPiece.diff ThomsonN7.Glue.Coerce.BPiece.u2 ThomsonN7.Glue.Coerce.BPiece
_private.ThomsonN7.Solution.0.ThomsonN7.M6.chk4.match_1.eq_2	theorem	0	0	ThomsonN7.M6.Box6 ThomsonN7.M6.chk4.match_1
ThomsonN7.Final.capC_check._proof_1	theorem	0	0	ThomsonN7.Final.capC ThomsonN7.Glue.Coerce.Contact2R.check
ThomsonN7.Base.coulombEnergy_comp_isometry._simp_1	theorem	0	0	
ThomsonN7.M2.qlist	def	3157	3167	ThomsonN7.M2.K8 ThomsonN7.M2.K8.mk
ThomsonN7.Reg.isoOfMem_apply	theorem	4833	4833	ThomsonN7.Reg.isoOfMem ThomsonN7.R3 ThomsonN7.Reg.IsoSet
ThomsonN7.Case1.eps_ge._proof_1	theorem	0	0	ThomsonN7.Case1Data.cf ThomsonN7.Cert.Cert3.Lam
ThomsonN7.SlabOneD.Slab_s94_93.certHB_ok._proof_1	theorem	0	0	ThomsonN7.SlabOneD.Slab_s94_93.certHB ThomsonN7.SlabOneD.Cert.check ThomsonN7.SlabOneD.Slab_s94_93.parHB
ThomsonN7.Case1Data.S3_B_l_2	def	9917	9917	
ThomsonN7.RegB.quadPart_pent	theorem	5179	5188	ThomsonN7.coulombEnergy ThomsonN7.RegB.quadPart ThomsonN7.RegB.breg ThomsonN7.Base.pent_norm ThomsonN7.Base.phi ThomsonN7.cyl._proof_1 ThomsonN7.R3 ThomsonN7.RegB.t0 ThomsonN7.RegB.energy_identity ThomsonN7.pentBipyramid
ThomsonN7.Kron.Ex.ev_c	theorem	1983	1983	ThomsonN7.Kron.Ex.ev ThomsonN7.Kron.Ex.c
ThomsonN7.Case1Data.S2_B_l_25	def	9864	9864	
ThomsonN7.Cert.tc_s96_94_SG0	def	16989	16993	ThomsonN7.Cert.TBlk ThomsonN7.Cert.TBlk.mk
ThomsonN7.Case1Data.S3_B_D_14	def	9965	9965	
ThomsonN7.T4.isPent	def	11749	11751	ThomsonN7.T4.pentc
ThomsonN7.SlabOneD.Term.mk.sizeOf_spec	theorem	0	0	ThomsonN7.SlabOneD.Term ThomsonN7.SlabOneD.Term._sizeOf_inst ThomsonN7.SlabOneD.Term.mk
ThomsonN7.Case1Data.S5_B_l_9	def	10076	10076	
ThomsonN7.Cert.comb1.eq_1	theorem	0	0	ThomsonN7.Cert.comb1
ThomsonN7.Glue.Coerce.Contact1R.mk	ctor	13525	13525	ThomsonN7.Glue.Coerce.Contact1R.mk ThomsonN7.Glue.Coerce.Contact1R ThomsonN7.Glue.Coerce.BPiece
ThomsonN7.Case1Data.S1_B_D_17	def	9816	9816	
ThomsonN7.M2.toReal_kS2	theorem	3143	3143	ThomsonN7.M2.K8.x4 ThomsonN7.triCapPrism._proof_1 ThomsonN7.M2.K8.x1 ThomsonN7.M2.K8.toReal ThomsonN7.M2.ra ThomsonN7.M2.rs2 ThomsonN7.M2.K8.x3 ThomsonN7.M2.K8.x7 ThomsonN7.M2.kS2 ThomsonN7.M2.rb ThomsonN7.M2.K8.x2 ThomsonN7.M2.K8.x6 ThomsonN7.M2.K8.x5 ThomsonN7.M2.K8.x0
ThomsonN7.Case1Data.S4_B_D	def	10062	10062	ThomsonN7.Case1Data.S4_B_D_21 ThomsonN7.Case1Data.S4_B_D_10 ThomsonN7.Case1Data.S4_B_D_25 ThomsonN7.Case1Data.S4_B_D_12 ThomsonN7.Case1Data.S4_B_D_24 ThomsonN7.Case1Data.S4_B_D_4 ThomsonN7.Case1Data.S4_B_D_18 ThomsonN7.Case1Data.S4_B_D_15 ThomsonN7.Case1Data.S4_B_D_11 ThomsonN7.Case1Data.S4_B_D_9 ThomsonN7.Case1Data.S4_B_D_8 ThomsonN7.Case1Data.S4_B_D_30 ThomsonN7.Case1Data.S4_B_D_28 ThomsonN7.Case1Data.S4_B_D_33 ThomsonN7.Case1Data.S4_B_D_13 ThomsonN7.Case1Data.S4_B_D_22 ThomsonN7.Case1Data.S4_B_D_3 ThomsonN7.Case1Data.S4_B_D_17 ThomsonN7.Case1Data.S4_B_D_16 ThomsonN7.Case1Data.S4_B_D_32 ThomsonN7.Case1Data.S4_B_D_23 ThomsonN7.Case1Data.S4_B_D_7 ThomsonN7.Case1Data.S4_B_D_19 ThomsonN7.Case1Data.S4_B_D_34 ThomsonN7.Case1Data.S4_B_D_27 ThomsonN7.Case1Data.S4_B_D_26 ThomsonN7.Case1Data.S4_B_D_6 ThomsonN7.Case1Data.S4_B_D_1 ThomsonN7.Case1Data.S4_B_D_29 ThomsonN7.Case1Data.S4_B_D_5 ThomsonN7.Case1Data.S4_B_D_31 ThomsonN7.Case1Data.S4_B_D_2 ThomsonN7.Case1Data.S4_B_D_0 ThomsonN7.Case1Data.S4_B_D_20 ThomsonN7.Case1Data.S4_B_D_14
ThomsonN7.RegB.cc_ss_eq	theorem	4985	4987	
ThomsonN7.RegB.t0	def	4893	4894	ThomsonN7.cyl._proof_1 ThomsonN7.R3 ThomsonN7.pentBipyramid
ThomsonN7.Cert.TCert.chkB	def	14906	14907	ThomsonN7.Cert.fqCur ThomsonN7.Cert.TCert.FB ThomsonN7.Cert.TCert.SB ThomsonN7.Cert.TCert.ad ThomsonN7.Cert.TCert.an ThomsonN7.Cert.hybChk ThomsonN7.Cert.TCert
ThomsonN7.Kron.Ex.ev.eq_2	theorem	0	0	ThomsonN7.Kron.Ex.mon ThomsonN7.Kron.Ex.ev
ThomsonN7.Case1Data.S0_B_l_19	def	9664	9664	
ThomsonN7.Reg.enc_37	theorem	7499	7524	ThomsonN7.Reg.mlo_18 ThomsonN7.Reg.mlo_16 ThomsonN7.Reg.mhi_3 ThomsonN7.triCapPrism._proof_1 ThomsonN7.Reg.mhi_29 ThomsonN7.Reg.mhi_14 ThomsonN7.Reg.mhi_19 ThomsonN7.Reg.mhi_30 ThomsonN7.Reg.CP_37 ThomsonN7.Reg.mhi_18 ThomsonN7.Reg.mlo_3 ThomsonN7.Reg.mhi_5 ThomsonN7.Reg.mhi_27 ThomsonN7.Reg.mlo_5 ThomsonN7.Reg.mhi_16 ThomsonN7.cyl._proof_1 ThomsonN7.RegB.phiCos._proof_1 ThomsonN7.Reg.mlo_34 ThomsonN7.Reg.mlo_27 ThomsonN7.Reg.mhi_2 ThomsonN7.Reg.mhi_34 ThomsonN7.Reg.InBox ThomsonN7.Reg.mlo_14 ThomsonN7.Reg.mlo_2 ThomsonN7.Reg.mlo_29 ThomsonN7.Reg.mlo_30 ThomsonN7.Reg.mlo_19
_private.ThomsonN7.Solution.0.ThomsonN7.Kron.coefk.match_1.eq_1	theorem	0	0	ThomsonN7.Kron.Ex.Term ThomsonN7.Kron.coefk.match_1
ThomsonN7.TwoRegime.localMinAt_of_sq	theorem	5737	5753	ThomsonN7.coulombEnergy ThomsonN7.SphereConfig ThomsonN7.TwoRegime.LocalMinAt ThomsonN7.R3 ThomsonN7.pentBipyramid
ThomsonN7.Reg.g_3_5	theorem	4265	4266	ThomsonN7.Base.pent_inner_north ThomsonN7.R3 ThomsonN7.pentBipyramid
ThomsonN7.Final.capC_check	theorem	16157	16157	ThomsonN7.Final.capC ThomsonN7.Final.capC_check._proof_1 ThomsonN7.Glue.Coerce.Contact2R.check
ThomsonN7.M6.chk3._sunfold	def	0	0	ThomsonN7.M6.Box6.A ThomsonN7.M6.chk3 ThomsonN7.M6.Box6.split ThomsonN7.M6.Box6.C ThomsonN7.M6.widest ThomsonN7.M6.Box6.B ThomsonN7.M6.Box6 ThomsonN7.M6.chk4.match_1 ThomsonN7.M6.idet3
ThomsonN7.Reg.mhi_0	theorem	6959	6960	ThomsonN7.Reg.mon_hi ThomsonN7.Reg.InBox
ThomsonN7.Case1Data.S3_B_D_29	def	9980	9980	
ThomsonN7.Case1Data.S0_B_D_22	def	9724	9724	
ThomsonN7.SlabOneD.Slab_s94_93.termHB_3	def	17441	17442	ThomsonN7.SlabOneD.Term ThomsonN7.SlabOneD.Term.mk
ThomsonN7.Cert.tc_s98_96_SG2	def	16672	16676	ThomsonN7.Cert.TBlk ThomsonN7.Cert.TBlk.mk
ThomsonN7.EPBounds.sin_pi_div_five_bounds	theorem	6539	6550	ThomsonN7.EPBounds.sqrt5_bounds ThomsonN7.EPBounds.sin_pi_div_five_sq
ThomsonN7.Case1Data.S7_B_l_4	def	10223	10223	
ThomsonN7.Reg.CP_39.eq_1	theorem	0	0	ThomsonN7.triCapPrism._proof_1 ThomsonN7.Reg.CP_39 ThomsonN7.RegB.phiCos._proof_3 ThomsonN7.Base.c1._proof_1
ThomsonN7.Cert.tc_cap_SG0	def	16025	16029	ThomsonN7.Cert.TBlk ThomsonN7.Cert.TBlk.mk
_private.ThomsonN7.Solution.0.ThomsonN7.CutOneD.padd.match_1.eq_2	theorem	0	0	ThomsonN7.CutOneD.padd.match_1
ThomsonN7.Case1Data.S6_B_D_17	def	10196	10196	
ThomsonN7.Cert.TCert.bn	def	14844	14844	ThomsonN7.Cert.TCert
ThomsonN7.Case1Data.F3_D	def	9642	9642	ThomsonN7.Case1Data.F3_D_0 ThomsonN7.Case1Data.F3_D_1 ThomsonN7.Case1Data.F3_D_2
ThomsonN7.Reg.crit_3_y	theorem	4484	4486	ThomsonN7.Reg.hF1 ThomsonN7.Reg.s1 ThomsonN7.Base.c2 ThomsonN7.Reg.hF2 ThomsonN7.Base.c1 ThomsonN7.Reg.s2 ThomsonN7.Reg.hF4
ThomsonN7.Case1Data.S0_B_l_22	def	9667	9667	
ThomsonN7.M3.cP._proof_1	theorem	0	0	
ThomsonN7.Kron.Ex.sub	def	1966	1967	ThomsonN7.Kron.Ex.neg ThomsonN7.Kron.Ex.add ThomsonN7.Kron.Ex
ThomsonN7.Reg.kk_3_18	theorem	7877	7879	ThomsonN7.Reg.cross_of_enc
ThomsonN7.Case1Data.F3_l_2	def	9637	9637	
ThomsonN7.Cert.unpackM_natAbs_le	theorem	14182	14190	ThomsonN7.Cert.unpackM_natAbs_le._f ThomsonN7.Cert.unpackM
ThomsonN7.SlabOneD.Par.mu1	def	15214	15214	ThomsonN7.SlabOneD.Par
ThomsonN7.M6.Imem	def	11306	11307	
ThomsonN7.Cert.tc_s94_93_A._proof_1	theorem	0	0	ThomsonN7.Cert.tc_s94_93 ThomsonN7.Cert.TCert.chkA
ThomsonN7.Cert.codeE.eq_13	theorem	0	0	ThomsonN7.Kron.Ex.sub ThomsonN7.Kron.Ex.T ThomsonN7.Kron.Ex.c ThomsonN7.Kron.Ex ThomsonN7.Kron.Ex.smul ThomsonN7.Cert.codeE
_private.ThomsonN7.Solution.0.ThomsonN7.CutOneD.peval.match_1.splitter	def	0	0	ThomsonN7.CutOneD.peval.match_1
ThomsonN7.Cert.TCert.blkP	def	14873	14874	ThomsonN7.Cert.Blk.empty ThomsonN7.Cert.Blk ThomsonN7.Cert.TCert ThomsonN7.Cert.TCert.FP
_private.ThomsonN7.Solution.0.ThomsonN7.Glue.Coerce.bernSum.match_1.eq_1	theorem	0	0	ThomsonN7.Glue.Coerce.bernSum.match_1
ThomsonN7.SlabOneD.Slab_s99_98.termHA_7	def	16427	16428	ThomsonN7.SlabOneD.Term ThomsonN7.SlabOneD.Term.mk
ThomsonN7.Glue.sum_cls3_seven	theorem	12169	12186	ThomsonN7.Glue.cls3
ThomsonN7.Reg.kk_9_19	theorem	8051	8053	ThomsonN7.Reg.cross_of_enc
ThomsonN7.M2.K8.one.eq_1	theorem	0	0	ThomsonN7.M2.K8 ThomsonN7.M2.K8.one ThomsonN7.M2.K8.mk
ThomsonN7.Glue.Coerce.ContactA.mk.injEq	theorem	0	0	ThomsonN7.Glue.Coerce.BPiece ThomsonN7.Glue.Coerce.ContactA.mk ThomsonN7.Glue.Coerce.ContactA ThomsonN7.Glue.Coerce.ContactA.mk.inj
ThomsonN7.Base.pent_inner_poles	theorem	480	481	ThomsonN7.pent_five ThomsonN7.R3 ThomsonN7.cyl ThomsonN7.pent_six ThomsonN7.pentBipyramid ThomsonN7.Base.inner_cyl
ThomsonN7.RegB.t0_14	theorem	4936	4937	ThomsonN7.RegB.t0_ring_lt ThomsonN7.Base.c2 ThomsonN7.RegB.t0 ThomsonN7.Base.cos_6pi5
ThomsonN7.Kron.Ex.mul.injEq	theorem	0	0	ThomsonN7.Kron.Ex.mul ThomsonN7.Kron.Ex.mul.inj ThomsonN7.Kron.Ex
ThomsonN7.SlabOneD.pmul.eq_def	theorem	0	0	ThomsonN7.SlabOneD.padd ThomsonN7.SlabOneD.pmul ThomsonN7.SlabOneD.pscale ThomsonN7.CutOneD.pmul.match_1 ThomsonN7.SlabOneD.pmul._f _private.ThomsonN7.Solution.0.ThomsonN7.CutOneD.pmul.match_1.splitter
ThomsonN7.Reg.CP_53.eq_1	theorem	0	0	ThomsonN7.triCapPrism._proof_2 ThomsonN7.RegB.phiCos._proof_1 ThomsonN7.Reg.CP_53
ThomsonN7.T4.pentIdx_ne_five	theorem	11833	11837	ThomsonN7.T4.pentIdx ThomsonN7.T4.pentIdx_ne_five._proof_1
ThomsonN7.Cert.Blk.ok.eq_1	theorem	0	0	ThomsonN7.Cert.Blk.del ThomsonN7.Cert.Blk.ok ThomsonN7.Cert.Blk ThomsonN7.Cert.Blk.dq
ThomsonN7.M3.cosB	def	3565	3566	ThomsonN7.pentBipyramid._proof_1 ThomsonN7.Base.c1._proof_1
ThomsonN7.Case1.c1_stat_S7	theorem	10419	10421	ThomsonN7.Cert.Cert3.ad ThomsonN7.Case1.c1Stat ThomsonN7.Case1Data.cf ThomsonN7.Case1.C1Stat ThomsonN7.Case1Data.S7 ThomsonN7.Case1.c1_stat_S7._proof_1 ThomsonN7.Cert.sblkE ThomsonN7.Cert.Cert3.an
ThomsonN7.RegB.phiCos.eq_1	theorem	0	0	ThomsonN7.M3.firstWhere._proof_1 ThomsonN7.RegB.phiCos._proof_2 ThomsonN7.RegB.phiCos._proof_1 ThomsonN7.R3 ThomsonN7.pentBipyramid._proof_1 ThomsonN7.RegB.phiCos._proof_3 ThomsonN7.Base.c1._proof_1 ThomsonN7.RegB.phiCos
ThomsonN7.RegB.phiCos._proof_1	theorem	0	0	
ThomsonN7.Reg.tau_symm	theorem	6650	6652	ThomsonN7.Reg.tau ThomsonN7.Reg.gP ThomsonN7.cyl._proof_1 ThomsonN7.R3 ThomsonN7.pentBipyramid
ThomsonN7.RegB.cos_16pi5	theorem	4982	4983	ThomsonN7.Base.c2 ThomsonN7.Base.cos_6pi5
ThomsonN7.Cert.quadF._f	def	0	0	ThomsonN7.Cert.quadF.match_1 ThomsonN7.Kron.Ex.add ThomsonN7.Kron.Ex.c ThomsonN7.Kron.Ex ThomsonN7.Cert.rowF
ThomsonN7.Case1Data.S5_B_D_27	def	10130	10130	
ThomsonN7.Cert.tc_s93_90_SG2	def	17659	17663	ThomsonN7.Cert.TBlk ThomsonN7.Cert.TBlk.mk
ThomsonN7.ThreePoint.Q3_eq_re	theorem	557	578	ThomsonN7.ThreePoint.Q3 ThomsonN7.cyl._proof_1
ThomsonN7.SlabOneD.Cert.mk.noConfusion	def	15236	15236	ThomsonN7.SlabOneD.Cert.mk ThomsonN7.SlabOneD.Term ThomsonN7.SlabOneD.Cert ThomsonN7.SlabOneD.Cert.noConfusion
ThomsonN7.Case1Data.S1_B_l_15	def	9778	9778	
ThomsonN7.Glue.Coerce.bernSum_nonneg	theorem	12950	12958	ThomsonN7.Glue.Coerce.peval_ppow ThomsonN7.CutOneD.padd ThomsonN7.CutOneD.peval_padd ThomsonN7.Glue.Coerce.ppow ThomsonN7.CutOneD.peval_pscale ThomsonN7.CutOneD.pscale ThomsonN7.CutOneD.pmul ThomsonN7.CutOneD.peval.eq_1 ThomsonN7.Glue.Coerce.bernSum ThomsonN7.CutOneD.peval_pmul ThomsonN7.CutOneD.peval
ThomsonN7.Reg.gP_5_6	theorem	8314	8314	ThomsonN7.Reg.g_5_6 ThomsonN7.Reg.gP
ThomsonN7.M3.val_colorOf	theorem	3840	3850	ThomsonN7.M3.cP._proof_1 ThomsonN7.M3.cosA ThomsonN7.M3.cosB ThomsonN7.M3.colorOf ThomsonN7.M3.val
ThomsonN7.Glue.Coerce.Contact1.Dq	def	13173	13173	ThomsonN7.Glue.Coerce.Contact1
ThomsonN7.M2.Pl.eval_eq_zero_of_allZero.match_1	def	0	0	ThomsonN7.M2.K8 ThomsonN7.M2.Pl.allZero
ThomsonN7.Cert.sbst._unsafe_rec	def	0	0	ThomsonN7.Cert.sbst._unsafe_rec ThomsonN7.Kron.Ex.mul ThomsonN7.Kron.Ex.mon ThomsonN7.Kron.Ex.add ThomsonN7.Kron.Ex.ev.match_1 ThomsonN7.Kron.Ex.c ThomsonN7.Kron.Ex
ThomsonN7.CutOneD.peval_pmul	theorem	9171	9175	ThomsonN7.CutOneD.padd ThomsonN7.CutOneD.peval_padd ThomsonN7.CutOneD.peval_pscale ThomsonN7.CutOneD.pscale ThomsonN7.CutOneD.pmul ThomsonN7.CutOneD.peval.eq_1 ThomsonN7.CutOneD.peval
ThomsonN7.Reg.kk_14_19	theorem	8147	8149	ThomsonN7.Reg.cross_of_enc
ThomsonN7.Reg.kk_16_16	theorem	8171	8173	ThomsonN7.Reg.diag_of_enc
ThomsonN7.ThreePoint.dsum_os_R	theorem	10671	10727	ThomsonN7.ThreePoint.sum_S3_eq_sum_Y3._simp_1 ThomsonN7.ThreePoint.dsum_pair12 ThomsonN7.ThreePoint.kap ThomsonN7.ThreePoint.sum_ne_eq_sub ThomsonN7.ThreePoint.sum_all_eq ThomsonN7.ThreePoint.dsum_Rs._proof_1 ThomsonN7.ThreePoint.mrg ThomsonN7.ThreePoint.dsum ThomsonN7.ThreePoint.dsum_const ThomsonN7.ThreePoint.dsum_add ThomsonN7.ThreePoint.dsum_mul_left
ThomsonN7.Case1Data.S5_B_D_31	def	10134	10134	
ThomsonN7.coulombEnergy	def	28	30	ThomsonN7.R3
ThomsonN7.Cert.offAbs.eq_2	theorem	0	0	ThomsonN7.Cert.offAbs
ThomsonN7.Reg.ss_20	theorem	8236	8236	
ThomsonN7.Cert.fpE.eq_1	theorem	0	0	ThomsonN7.Cert.Blk.del ThomsonN7.Kron.Ex.mul ThomsonN7.Kron.Ex.sumRange ThomsonN7.Kron.Ex.mon ThomsonN7.Cert.Blk ThomsonN7.Cert.Blk.lq ThomsonN7.Cert.Blk.dq ThomsonN7.Kron.Ex.add ThomsonN7.Cert.smulNZ ThomsonN7.Kron.Ex ThomsonN7.Cert.fpE
ThomsonN7.SlabOneD.Slab_s96_94.termHA_6	def	17082	17083	ThomsonN7.SlabOneD.Term ThomsonN7.SlabOneD.Term.mk
ThomsonN7.Case1Data.S0_B_l_16	def	9661	9661	
ThomsonN7.Case1Data.S3_B_l_3	def	9918	9918	
ThomsonN7.Reg.mhi_9	theorem	6995	6996	ThomsonN7.Reg.mon_hi ThomsonN7.Reg.InBox
ThomsonN7.Cert.proj.eq_1	theorem	0	0	ThomsonN7.Cert.proj
ThomsonN7.Cert.degK_smulNZ_le	theorem	14326	14330	ThomsonN7.Cert.degK.eq_4 ThomsonN7.Kron.Ex.mul ThomsonN7.Cert.smulNZ ThomsonN7.Kron.Ex.c ThomsonN7.Kron.Ex ThomsonN7.Kron.Ex.smul ThomsonN7.Cert.degK
ThomsonN7.Case1Data.S0_B_D_2	def	9704	9704	
ThomsonN7.Base.phi_sq_mul	theorem	4000	4004	ThomsonN7.Base.phi ThomsonN7.cyl._proof_1
ThomsonN7.Cert.ftotE.eq_1	theorem	0	0	ThomsonN7.Kron.Ex.sumRange ThomsonN7.Cert.ftotE ThomsonN7.Cert.sixE ThomsonN7.Kron.Ex.add ThomsonN7.Kron.Ex ThomsonN7.Kron.Ex.smul
ThomsonN7.ThreePoint.c7.eq_1	theorem	0	0	ThomsonN7.ThreePoint.instDecidableIsP ThomsonN7.ThreePoint.c7 ThomsonN7.cyl._proof_1 ThomsonN7.pentBipyramid._proof_1 ThomsonN7.ThreePoint.c7._proof_1 ThomsonN7.RegB.quadPart._proof_1 ThomsonN7.ThreePoint.isP
ThomsonN7.ThreePoint.matDot.eq_1	theorem	0	0	ThomsonN7.ThreePoint.matDot
ThomsonN7.Glue.Coerce.ContactA.G_ge	theorem	13383	13392	ThomsonN7.Glue.Coerce.ContactA.ya1 ThomsonN7.Glue.Coerce.ContactA.ya2 ThomsonN7.Glue.Coerce.ContactA.Dq ThomsonN7.CutOneD.pneg ThomsonN7.CutOneD.padd ThomsonN7.CutOneD.peval_padd ThomsonN7.Glue.Coerce.chainOK ThomsonN7.Glue.Coerce.ContactA.check ThomsonN7.Glue.Coerce.Fpoly ThomsonN7.CutOneD.peval_pscale ThomsonN7.CutOneD.pscale ThomsonN7.CutOneD.pmul ThomsonN7.Glue.Coerce.ContactA.pieces ThomsonN7.Glue.Coerce.chainOK_nonneg ThomsonN7.Glue.Coerce.ContactA.G ThomsonN7.Glue.Coerce.ContactA.g0d ThomsonN7.Glue.Coerce.ContactA ThomsonN7.Glue.Coerce.ContactA.g0n ThomsonN7.Glue.Coerce.ContactA.Q ThomsonN7.CutOneD.peval ThomsonN7.CutOneD.peval_pneg
ThomsonN7.SlabOneD.Slab_s94_93.certHC	def	17471	17475	ThomsonN7.SlabOneD.Cert.mk ThomsonN7.SlabOneD.Term ThomsonN7.SlabOneD.Slab_s94_93.termHC_3 ThomsonN7.SlabOneD.Slab_s94_93.termHC_1 ThomsonN7.SlabOneD.Cert ThomsonN7.SlabOneD.Slab_s94_93.termHC_0 ThomsonN7.SlabOneD.Slab_s94_93.termHC_2
ThomsonN7.SlabOneD.Slab_s94_93.certHA_ok._proof_1	theorem	0	0	ThomsonN7.SlabOneD.Slab_s94_93.certHA ThomsonN7.SlabOneD.Cert.check ThomsonN7.SlabOneD.Slab_s94_93.parHA
ThomsonN7.Case1Data.S2_B_l_19	def	9858	9858	
ThomsonN7.Cert.TCert.ψBaf	def	14964	14965	ThomsonN7.Cert.polyR ThomsonN7.Cert.TCert.ψBa ThomsonN7.Cert.TCert ThomsonN7.Cert.TCert.Lam
ThomsonN7.Cert.getD_nonneg_of_all	theorem	14005	14013	
ThomsonN7.Case1Data.S0_B_D_8	def	9710	9710	
ThomsonN7.M2.K8.recOn	def	2846	2856	ThomsonN7.M2.K8 ThomsonN7.M2.K8.rec ThomsonN7.M2.K8.mk
ThomsonN7.Reg.muP	def	4185	4187	ThomsonN7.Reg.W ThomsonN7.cyl._proof_1 ThomsonN7.R3 ThomsonN7.pentBipyramid
ThomsonN7.Cert.Cert3.check.eq_1	theorem	0	0	ThomsonN7.Cert.Cert3 ThomsonN7.Cert.Cert3.idE ThomsonN7.Cert.Cert3.ad ThomsonN7.Cert.Blk.ok ThomsonN7.Cert.chk ThomsonN7.Cert.Cert3.blk ThomsonN7.Cert.SBlk ThomsonN7.Cert.SBlk.z ThomsonN7.Cert.Cert3.m ThomsonN7.Cert.Cert3.Lam ThomsonN7.Cert.Cert3.K ThomsonN7.Cert.Cert3.S ThomsonN7.Cert.Cert3.n ThomsonN7.Cert.SBlk.B ThomsonN7.Cert.Cert3.check
ThomsonN7.Cert.tc_s99_98_FP4	def	16225	16228	ThomsonN7.Cert.Blk ThomsonN7.Cert.mkBlk
ThomsonN7.Glue.Coerce.Contact2R.R_nonneg	theorem	13675	13680	ThomsonN7.Glue.Coerce.Contact2R ThomsonN7.Glue.Coerce.Contact2R.Dq ThomsonN7.Glue.Coerce.Contact2R.Q ThomsonN7.Glue.Coerce.Contact2R.q2 ThomsonN7.Glue.Coerce.Contact2R.G ThomsonN7.CutOneD.pneg ThomsonN7.CutOneD.padd ThomsonN7.Glue.Coerce.chainOK ThomsonN7.Glue.Coerce.Fpoly ThomsonN7.Glue.Coerce.lin ThomsonN7.Glue.Coerce.Contact2R.pieces ThomsonN7.CutOneD.pscale ThomsonN7.Glue.Coerce.Contact2R.g0n ThomsonN7.Glue.Coerce.Contact2R.p2 ThomsonN7.Glue.Coerce.Contact2R.piecesR ThomsonN7.Glue.Coerce.Contact2R.g0d ThomsonN7.CutOneD.pmul ThomsonN7.Glue.Coerce.Contact2R.R ThomsonN7.Glue.Coerce.chainOK_nonneg ThomsonN7.Glue.Coerce.Contact2R.s ThomsonN7.Glue.Coerce.Contact2R.p1 ThomsonN7.Glue.Coerce.Contact2R.check ThomsonN7.CutOneD.peval ThomsonN7.Glue.Coerce.Contact2R.q1
ThomsonN7.Glue.Coerce.F_le_of_slack	theorem	13104	13117	ThomsonN7.Glue.Coerce.Fpoly ThomsonN7.Glue.Coerce.yOf ThomsonN7.Glue.Coerce.phi_sub_H ThomsonN7.Base.phi ThomsonN7.Glue.Coerce.yOf_pos ThomsonN7.CutOneD.peval
ThomsonN7.Glue.Coerce.ContactA.mk	ctor	13359	13359	ThomsonN7.Glue.Coerce.BPiece ThomsonN7.Glue.Coerce.ContactA.mk ThomsonN7.Glue.Coerce.ContactA
ThomsonN7.Cert.tc_cap_FP1	def	15898	15901	ThomsonN7.Cert.Blk ThomsonN7.Cert.mkBlk
ThomsonN7.Glue.Coerce.Contact2.pieces	def	13277	13277	ThomsonN7.Glue.Coerce.Contact2 ThomsonN7.Glue.Coerce.BPiece
ThomsonN7.SlabOneD.Slab_s99_98.termHC_2	def	16478	16479	ThomsonN7.SlabOneD.Term ThomsonN7.SlabOneD.Term.mk
ThomsonN7.Glue.Coerce.lin.eq_1	theorem	0	0	ThomsonN7.Glue.Coerce.lin
ThomsonN7.Case1Data.S0_B_l_53	def	9698	9698	
ThomsonN7.Glue.Coerce.bernSum	def	12944	12948	ThomsonN7.Glue.Coerce.bernSum._f
ThomsonN7.T4.ring_ge2	theorem	11875	11875	
ThomsonN7.Glue.Coerce.BPiece.casesOn	def	12960	12968	ThomsonN7.Glue.Coerce.BPiece.rec ThomsonN7.Glue.Coerce.BPiece.mk ThomsonN7.Glue.Coerce.BPiece
ThomsonN7.Cert.Blk.d	def	2161	2161	ThomsonN7.Cert.Blk
ThomsonN7.Cert.rowsN.eq_1	theorem	0	0	ThomsonN7.Cert.rowsN
ThomsonN7.Reg.W_5_4	theorem	4436	4437	ThomsonN7.Reg.W ThomsonN7.Reg.W_ne ThomsonN7.Reg.g_5_4 ThomsonN7.Base.phi ThomsonN7.R3 ThomsonN7.pentBipyramid
ThomsonN7.ThreePoint.dsum_G	theorem	10658	10669	ThomsonN7.ThreePoint.dsum_pair12 ThomsonN7.ThreePoint.dsum_pair13 ThomsonN7.ThreePoint.dsum_Rs._proof_1 ThomsonN7.ThreePoint.dsum_pair23 ThomsonN7.ThreePoint.dsum_sub ThomsonN7.ThreePoint.dsum ThomsonN7.ThreePoint.dsum_const ThomsonN7.ThreePoint.sum_ne_eq_two_sum_Ioi ThomsonN7.ThreePoint.dsum_add ThomsonN7.ThreePoint.dsum_mul_left
ThomsonN7.Reg.pen_eq	theorem	8996	9006	ThomsonN7.Reg.gaugeG ThomsonN7.Reg.Pen._proof_1 ThomsonN7.Reg.Pen ThomsonN7.Reg.gaugeG_zero ThomsonN7.Reg.inner_P_h ThomsonN7.cyl._proof_1 ThomsonN7.R3 ThomsonN7.pentBipyramid
ThomsonN7.Case1Data.F3_l_0	def	9635	9635	
ThomsonN7.Cert.SBlk.g	def	2607	2607	ThomsonN7.Cert.SBlk
ThomsonN7.Cert.tc_s93_90_FR4	def	17571	17574	ThomsonN7.Cert.Blk ThomsonN7.Cert.mkBlk
ThomsonN7.SlabOneD.compQ.eq_1	theorem	0	0	ThomsonN7.SlabOneD.compQ
ThomsonN7.Kron.Ex.toList.eq_1	theorem	0	0	ThomsonN7.Kron.Ex.Term ThomsonN7.Kron.Ex.toList ThomsonN7.Kron.Ex.c
ThomsonN7.Glue.inWindow_of_close	theorem	12350	12358	ThomsonN7.cyl._proof_1 ThomsonN7.R3 ThomsonN7.pentBipyramid ThomsonN7.TwoRegime.InWindow
ThomsonN7.Case1Data.S3_B_l_18	def	9933	9933	
ThomsonN7.Case1Data.S1_B_l_9	def	9772	9772	
ThomsonN7.Cert.idDeg	def	14456	14458	ThomsonN7.Cert.gT ThomsonN7.Cert.TBlk.g ThomsonN7.Cert.TBlk ThomsonN7.Cert.TBlk.z ThomsonN7.Kron.Ex ThomsonN7.Cert.mxs ThomsonN7.Cert.degK
ThomsonN7.Case1Data.S0_B_D	def	9758	9758	ThomsonN7.Case1Data.S0_B_D_39 ThomsonN7.Case1Data.S0_B_D_30 ThomsonN7.Case1Data.S0_B_D_51 ThomsonN7.Case1Data.S0_B_D_24 ThomsonN7.Case1Data.S0_B_D_38 ThomsonN7.Case1Data.S0_B_D_22 ThomsonN7.Case1Data.S0_B_D_55 ThomsonN7.Case1Data.S0_B_D_2 ThomsonN7.Case1Data.S0_B_D_19 ThomsonN7.Case1Data.S0_B_D_43 ThomsonN7.Case1Data.S0_B_D_36 ThomsonN7.Case1Data.S0_B_D_26 ThomsonN7.Case1Data.S0_B_D_28 ThomsonN7.Case1Data.S0_B_D_18 ThomsonN7.Case1Data.S0_B_D_34 ThomsonN7.Case1Data.S0_B_D_5 ThomsonN7.Case1Data.S0_B_D_29 ThomsonN7.Case1Data.S0_B_D_50 ThomsonN7.Case1Data.S0_B_D_6 ThomsonN7.Case1Data.S0_B_D_11 ThomsonN7.Case1Data.S0_B_D_46 ThomsonN7.Case1Data.S0_B_D_44 ThomsonN7.Case1Data.S0_B_D_25 ThomsonN7.Case1Data.S0_B_D_1 ThomsonN7.Case1Data.S0_B_D_32 ThomsonN7.Case1Data.S0_B_D_15 ThomsonN7.Case1Data.S0_B_D_47 ThomsonN7.Case1Data.S0_B_D_8 ThomsonN7.Case1Data.S0_B_D_52 ThomsonN7.Case1Data.S0_B_D_54 ThomsonN7.Case1Data.S0_B_D_3 ThomsonN7.Case1Data.S0_B_D_10 ThomsonN7.Case1Data.S0_B_D_7 ThomsonN7.Case1Data.S0_B_D_41 ThomsonN7.Case1Data.S0_B_D_53 ThomsonN7.Case1Data.S0_B_D_48 ThomsonN7.Case1Data.S0_B_D_31 ThomsonN7.Case1Data.S0_B_D_20 ThomsonN7.Case1Data.S0_B_D_4 ThomsonN7.Case1Data.S0_B_D_33 ThomsonN7.Case1Data.S0_B_D_0 ThomsonN7.Case1Data.S0_B_D_16 ThomsonN7.Case1Data.S0_B_D_27 ThomsonN7.Case1Data.S0_B_D_9 ThomsonN7.Case1Data.S0_B_D_35 ThomsonN7.Case1Data.S0_B_D_14 ThomsonN7.Case1Data.S0_B_D_37 ThomsonN7.Case1Data.S0_B_D_12 ThomsonN7.Case1Data.S0_B_D_13 ThomsonN7.Case1Data.S0_B_D_23 ThomsonN7.Case1Data.S0_B_D_49 ThomsonN7.Case1Data.S0_B_D_17 ThomsonN7.Case1Data.S0_B_D_42 ThomsonN7.Case1Data.S0_B_D_21 ThomsonN7.Case1Data.S0_B_D_45 ThomsonN7.Case1Data.S0_B_D_40
ThomsonN7.Cert.hybChk_sound._proof_5	theorem	0	0	ThomsonN7.Cert.TBlk.l1B ThomsonN7.Cert.gT ThomsonN7.Cert.TBlk.g ThomsonN7.Cert.TBlk ThomsonN7.Cert.hybVal ThomsonN7.Cert.tblkE ThomsonN7.Kron.Ex ThomsonN7.Kron.Ex.l1 ThomsonN7.Kron.Ex.sumE
ThomsonN7.Glue.Coerce.ContactA.ya2	def	13366	13366	ThomsonN7.Glue.Coerce.ContactA
ThomsonN7.Reg.CP_11.eq_1	theorem	0	0	ThomsonN7.triCapPrism._proof_1 ThomsonN7.Reg.CP_11 ThomsonN7.cyl._proof_1
ThomsonN7.Case1.c1Stat._sunfold	def	0	0	ThomsonN7.Case1.c1Stat ThomsonN7.Case1.C1Stat ThomsonN7.Kron.Ex.ev.match_1 ThomsonN7.Kron.Ex ThomsonN7.Case1.c1Add ThomsonN7.Case1.c1Mul ThomsonN7.Case1.c1C
ThomsonN7.Cert.TBlk.mk.noConfusion	def	14084	14084	ThomsonN7.Cert.TBlk.noConfusion ThomsonN7.Cert.TBlk ThomsonN7.Cert.TBlk.mk
ThomsonN7.Reg.CP_24	def	6761	6761	ThomsonN7.triCapPrism._proof_2 ThomsonN7.cyl._proof_1 ThomsonN7.Base.c1._proof_1
ThomsonN7.Reg.pb_0_1	theorem	8790	8791	ThomsonN7.Reg.gP_0_1 ThomsonN7.Reg.phi_c1_le ThomsonN7.Base.phi ThomsonN7.Reg.gP ThomsonN7.Base.c1
ThomsonN7.Reg.mlo_27	theorem	7065	7066	ThomsonN7.Reg.mon_lo ThomsonN7.Reg.InBox
ThomsonN7.Cert.degK_sqF_le._f	def	0	0	ThomsonN7.Cert.degK.eq_4 ThomsonN7.Kron.Ex.mul ThomsonN7.Cert.degK.eq_1 ThomsonN7.Cert.degK.eq_3 ThomsonN7.Cert.degK_sqF_le.match_1 ThomsonN7.Cert.degK_sqF_le._proof_1 ThomsonN7.Cert.smulNZ ThomsonN7.Cert.degK_smulNZ_le ThomsonN7.Cert.linF ThomsonN7.Cert.mxs ThomsonN7.Cert.degK_linF_le ThomsonN7.Kron.Ex.sq ThomsonN7.Cert.degK ThomsonN7.Cert.sqF
_private.ThomsonN7.Solution.0.ThomsonN7.ThreePoint.Q3.match_1.eq_1	theorem	0	0	ThomsonN7.ThreePoint.Q3.match_1
ThomsonN7.Case1Data.S0_B_D_0	def	9702	9702	
ThomsonN7.Cert.zzmon.eq_1	theorem	0	0	ThomsonN7.Cert.zzmon ThomsonN7.Kron.Ex.mon ThomsonN7.Kron.Ex ThomsonN7.Cert.zt
ThomsonN7.SlabOneD.padd	def	15124	15128	ThomsonN7.SlabOneD.padd._f
ThomsonN7.Case1Data.S6_B_D_2	def	10181	10181	
ThomsonN7.Cert.Blk.rec	rec	2159	2163	ThomsonN7.Cert.Blk ThomsonN7.Cert.Blk.mk
ThomsonN7.Cert.tc_s93_90_FP3	def	17536	17539	ThomsonN7.Cert.Blk ThomsonN7.Cert.mkBlk
ThomsonN7.Case1.c1_K	theorem	10423	10423	ThomsonN7.Case1Data.cf ThomsonN7.Cert.Cert3.K
ThomsonN7.M2.qlist_pos._proof_1	theorem	0	0	ThomsonN7.M2.K8 ThomsonN7.M2.K8.lb ThomsonN7.M2.qlist
ThomsonN7.Cert.zval	def	2480	2482	ThomsonN7.Cert.zt
ThomsonN7.SlabOneD.multZ.eq_1	theorem	0	0	ThomsonN7.SlabOneD.Term.f1 ThomsonN7.SlabOneD.Term.fy ThomsonN7.SlabOneD.Par.mu2 ThomsonN7.SlabOneD.Term ThomsonN7.SlabOneD.multZ ThomsonN7.SlabOneD.Par.nu1 ThomsonN7.SlabOneD.Par.mu1 ThomsonN7.SlabOneD.Term.f2 ThomsonN7.SlabOneD.Par ThomsonN7.SlabOneD.Par.nu2
ThomsonN7.Glue.Coerce.Contact2.factor	theorem	13287	13293	ThomsonN7.Glue.Coerce.Contact2.q2 ThomsonN7.CutOneD.pneg ThomsonN7.CutOneD.padd ThomsonN7.CutOneD.peval_padd ThomsonN7.Glue.Coerce.Contact2 ThomsonN7.Glue.Coerce.chainOK ThomsonN7.Glue.Coerce.Contact2.p2 ThomsonN7.Glue.Coerce.Fpoly ThomsonN7.Glue.Coerce.Contact2.pieces ThomsonN7.Glue.Coerce.Contact2.G ThomsonN7.Glue.Coerce.Contact2.q1 ThomsonN7.Glue.Coerce.Contact2.Q ThomsonN7.Glue.Coerce.lin ThomsonN7.CutOneD.pscale ThomsonN7.Glue.Coerce.Contact2.g0d ThomsonN7.Glue.Coerce.Contact2.check ThomsonN7.CutOneD.peval_eq_zero_of_all ThomsonN7.CutOneD.pmul ThomsonN7.Glue.Coerce.Contact2.g0n ThomsonN7.Glue.Coerce.Contact2.Dq ThomsonN7.Glue.Coerce.peval_lin ThomsonN7.CutOneD.peval_pmul ThomsonN7.Glue.Coerce.Contact2.p1 ThomsonN7.CutOneD.peval ThomsonN7.CutOneD.peval_pneg
ThomsonN7.T4.ring_rigid._proof_3	theorem	0	0	
ThomsonN7.Case1Data.F1_D_2	def	9617	9617	
ThomsonN7.Cert.TBlk.l1_le	theorem	14388	14392	ThomsonN7.Cert.TBlk.l1B ThomsonN7.Cert.TBlk.BD ThomsonN7.Cert.unpackM_natAbs_le ThomsonN7.Cert.TBlk.wf ThomsonN7.Cert.l1_sqfF_le ThomsonN7.Cert.TBlk.xl ThomsonN7.Cert.TBlk.xD ThomsonN7.Cert.unpackI_natAbs_le ThomsonN7.Cert.TBlk ThomsonN7.Cert.TBlk.xd ThomsonN7.Cert.sqfF ThomsonN7.Cert.TBlk.z ThomsonN7.Cert.TBlk.Bd ThomsonN7.Kron.Ex.l1 ThomsonN7.Cert.TBlk.r ThomsonN7.Cert.TBlk.B ThomsonN7.Cert.TBlk.Bl
ThomsonN7.Cert.tc_s93_90_FR3	def	17566	17569	ThomsonN7.Cert.Blk ThomsonN7.Cert.mkBlk
ThomsonN7.Cert.TBlk.mk.injEq	theorem	0	0	ThomsonN7.Cert.TBlk ThomsonN7.Cert.TBlk.mk.inj ThomsonN7.Cert.TBlk.mk
ThomsonN7.SlabOneD.Slab_s93_90.certHC	def	17800	17804	ThomsonN7.SlabOneD.Slab_s93_90.termHC_0 ThomsonN7.SlabOneD.Slab_s93_90.termHC_3 ThomsonN7.SlabOneD.Cert.mk ThomsonN7.SlabOneD.Term ThomsonN7.SlabOneD.Cert ThomsonN7.SlabOneD.Slab_s93_90.termHC_2 ThomsonN7.SlabOneD.Slab_s93_90.termHC_1
ThomsonN7.T4.col_comm	theorem	11767	11769	ThomsonN7.cyl._proof_1 ThomsonN7.R3 ThomsonN7.M3.cosB ThomsonN7.T4.col
ThomsonN7.M6.mul_le_max4._simp_1	theorem	0	0	
ThomsonN7.M2.aU	def	2937	2937	ThomsonN7.M2.aL
ThomsonN7.Case1Data.S6_B_D_23	def	10202	10202	
ThomsonN7.M2.qlist_coeff_pos	theorem	3187	3190	ThomsonN7.M2.K8 ThomsonN7.M2.K8.toReal ThomsonN7.M2.K8.lb ThomsonN7.M2.qlist_pos ThomsonN7.M2.K8.toReal_pos ThomsonN7.M2.qlist
ThomsonN7.SlabOneD.evalZ._f	def	0	0	ThomsonN7.SlabOneD.evalZ.match_1
ThomsonN7.Case1Data.S5_B_D_26	def	10129	10129	
ThomsonN7.Reg.pb_2_6	theorem	8832	8833	ThomsonN7.Reg.phi_zero_le ThomsonN7.Reg.gP_2_6 ThomsonN7.Base.phi ThomsonN7.Reg.gP
ThomsonN7.SlabOneD.sumTerms._unsafe_rec	def	0	0	ThomsonN7.SlabOneD.padd ThomsonN7.SlabOneD.sumTerms.match_1 ThomsonN7.SlabOneD.pmul ThomsonN7.SlabOneD.Term.mult ThomsonN7.SlabOneD.Term ThomsonN7.SlabOneD.sumTerms._unsafe_rec ThomsonN7.SlabOneD.Term.sq ThomsonN7.SlabOneD.sqSum ThomsonN7.SlabOneD.Par
ThomsonN7.SlabOneD.Slab_s93_90.termHC_2	def	17794	17795	ThomsonN7.SlabOneD.Term ThomsonN7.SlabOneD.Term.mk
ThomsonN7.Cert.TBlk.r	def	14087	14087	ThomsonN7.Cert.TBlk
_private.ThomsonN7.Solution.0.ThomsonN7.Cert.codeE.match_1.eq_12	theorem	0	0	ThomsonN7.Cert.codeE.match_1
ThomsonN7.Reg.isoOfMem.congr_simp	theorem	0	0	ThomsonN7.Reg.isoOfMem ThomsonN7.R3 ThomsonN7.Reg.IsoSet
ThomsonN7.T4.det3h_nonneg	theorem	11633	11641	ThomsonN7.cyl._proof_1 ThomsonN7.R3 ThomsonN7.M6.det3h
ThomsonN7.RegB.t0_25	theorem	5090	5090	ThomsonN7.RegB.t0_north ThomsonN7.RegB.t0
ThomsonN7.Reg.CP_18.eq_1	theorem	0	0	ThomsonN7.triCapPrism._proof_1 ThomsonN7.cyl._proof_1 ThomsonN7.RegB.phiCos._proof_1 ThomsonN7.Reg.CP_18
ThomsonN7.Case1Data.S2_B_l_17	def	9856	9856	
ThomsonN7.Case1Data.S2_B_D_32	def	9907	9907	
ThomsonN7.Case1Data.S3_B_l_8	def	9923	9923	
ThomsonN7.Reg.sum_W_inner_right	theorem	6639	6645	ThomsonN7.Reg.W ThomsonN7.Reg.pent_critical ThomsonN7.R3 ThomsonN7.Reg.muP ThomsonN7.pentBipyramid
ThomsonN7.Case1Data.S6_B_D_24	def	10203	10203	
ThomsonN7.Reg.mlo_3	theorem	6969	6970	ThomsonN7.Reg.mon_lo ThomsonN7.Reg.InBox
ThomsonN7.Cert.quadF.match_1	def	0	0	
ThomsonN7.M2.Pl.eval_scale._f	def	0	0	ThomsonN7.M2.K8 ThomsonN7.M2.Pl.scale ThomsonN7.M2.K8.toReal ThomsonN7.M2.Pl.eval_scale.match_1 ThomsonN7.M2.Pl.eval.eq_1 ThomsonN7.M2.Pl.eval.eq_2 ThomsonN7.M2.Pl.eval ThomsonN7.M2.K8.mul ThomsonN7.M2.K8.toReal_mul
ThomsonN7.Cert.tc_s98_96_SB0	def	16630	16634	ThomsonN7.Cert.TBlk ThomsonN7.Cert.TBlk.mk
ThomsonN7.Reg.kk_7_13	theorem	7988	7990	ThomsonN7.Reg.cross_of_enc
ThomsonN7.Base.phi	def	316	318	ThomsonN7.cyl._proof_1
ThomsonN7.Glue.Coerce.Contact2.q2	def	13273	13273	ThomsonN7.Glue.Coerce.Contact2
ThomsonN7.Reg.sq_0	theorem	8237	8237	
ThomsonN7.Case1Data.S6_B_l_16	def	10159	10159	
ThomsonN7.SlabOneD.Slab_s94_93.termHA_0	def	17393	17394	ThomsonN7.SlabOneD.Term ThomsonN7.SlabOneD.Term.mk
ThomsonN7.Glue.le_coulombEnergy_pent_of	theorem	12893	12897	ThomsonN7.coulombEnergy ThomsonN7.Glue.coulombEnergy_pent_enc40 ThomsonN7.pentBipyramid
ThomsonN7.Cert.tc_s93_90_FP4	def	17541	17544	ThomsonN7.Cert.Blk ThomsonN7.Cert.mkBlk
ThomsonN7.ThreePoint.W7.eq_1	theorem	0	0	ThomsonN7.ThreePoint.W7 ThomsonN7.triCapPrism._proof_1 ThomsonN7.ThreePoint.gm ThomsonN7.ThreePoint.instDecidableIsP ThomsonN7.cyl._proof_1 ThomsonN7.pentBipyramid._proof_1 ThomsonN7.Base.c1._proof_1 ThomsonN7.ThreePoint.isP
ThomsonN7.Reg.enc_15	theorem	7263	7272	ThomsonN7.triCapPrism._proof_1 ThomsonN7.Reg.mhi_33 ThomsonN7.Reg.mhi_23 ThomsonN7.Reg.mhi_32 ThomsonN7.Reg.mlo_32 ThomsonN7.Reg.mlo_33 ThomsonN7.Reg.mlo_23 ThomsonN7.triCapPrism._proof_2 ThomsonN7.Reg.CP_15 ThomsonN7.Reg.InBox
ThomsonN7.Glue.Coerce.PlainCert._sizeOf_1	def	0	0	ThomsonN7.Glue.Coerce.PlainCert.rec ThomsonN7.Glue.Coerce.PlainCert ThomsonN7.Glue.Coerce.BPiece ThomsonN7.Glue.Coerce.BPiece._sizeOf_inst
ThomsonN7.Reg.sq_9	theorem	8246	8246	
ThomsonN7.SlabOneD.pscale	def	15130	15131	
ThomsonN7.Glue.Coerce.Contact2R.recOn	def	13629	13643	ThomsonN7.Glue.Coerce.Contact2R ThomsonN7.Glue.Coerce.Contact2R.rec ThomsonN7.Glue.Coerce.Contact2R.mk ThomsonN7.Glue.Coerce.BPiece
ThomsonN7.Glue.Coerce.Contact2R.mk	ctor	13630	13630	ThomsonN7.Glue.Coerce.Contact2R ThomsonN7.Glue.Coerce.Contact2R.mk ThomsonN7.Glue.Coerce.BPiece
ThomsonN7.Reg.planeRot_apply	theorem	4718	4722	ThomsonN7.Reg.planeRot._proof_5 ThomsonN7.Reg.planeRot._proof_4 ThomsonN7.Reg.planeRot._proof_9 ThomsonN7.Reg.planeRot._proof_2 ThomsonN7.Reg.planeRot._proof_1 ThomsonN7.Reg.planeRot._proof_3 ThomsonN7.Reg.planeRot._proof_7 ThomsonN7.Reg.planeRot._proof_6 ThomsonN7.R3 ThomsonN7.Reg.planeRot._proof_8 ThomsonN7.Reg.planeRot ThomsonN7.Reg.planeRot._proof_10
ThomsonN7.Glue.energy_eq_sum	theorem	12188	12191	ThomsonN7.coulombEnergy ThomsonN7.SphereConfig ThomsonN7.Base.phi ThomsonN7.R3 ThomsonN7.Base.coulombEnergy_eq_sum_phi
ThomsonN7.T4.pentIdx_lt	theorem	11845	11845	ThomsonN7.T4.pentIdx
ThomsonN7.Glue.Coerce.BPiece.nonneg	theorem	12979	12992	ThomsonN7.Glue.Coerce.BPiece.Lam ThomsonN7.Glue.Coerce.BPiece.u1 ThomsonN7.CutOneD.pneg ThomsonN7.CutOneD.padd ThomsonN7.CutOneD.peval_padd ThomsonN7.Glue.Coerce.bernSum_nonneg ThomsonN7.Glue.Coerce.BPiece.w1 ThomsonN7.Glue.Coerce.BPiece.w2 ThomsonN7.Glue.Coerce.BPiece.diff ThomsonN7.CutOneD.peval_pscale ThomsonN7.Glue.Coerce.BPiece.u2 ThomsonN7.CutOneD.pscale ThomsonN7.Glue.Coerce.BPiece.check ThomsonN7.Glue.Coerce.BPiece ThomsonN7.CutOneD.peval_eq_zero_of_all ThomsonN7.Glue.Coerce.BPiece.β ThomsonN7.Glue.Coerce.bernSum ThomsonN7.CutOneD.peval ThomsonN7.CutOneD.peval_pneg
ThomsonN7.M3.tab4_correct	theorem	3594	3598	ThomsonN7.M3.det4h ThomsonN7.M3.ok4 ThomsonN7.M3.tab4_correct._proof_1 ThomsonN7.M3.val4
ThomsonN7.Reg.enc_21	theorem	7331	7338	ThomsonN7.triCapPrism._proof_1 ThomsonN7.Reg.mlo_22 ThomsonN7.Reg.mhi_22 ThomsonN7.Reg.CP_21 ThomsonN7.Reg.mhi_20 ThomsonN7.Reg.mlo_20 ThomsonN7.Reg.InBox ThomsonN7.Base.c1._proof_1
ThomsonN7.SlabOneD.l1.eq_2	theorem	0	0	ThomsonN7.SlabOneD.l1
_private.ThomsonN7.Solution.0.ThomsonN7.CutOneD.pmul.match_1.eq_2	theorem	0	0	ThomsonN7.CutOneD.pmul.match_1
ThomsonN7.Reg.mhi_36	theorem	7103	7104	ThomsonN7.Reg.mon_hi ThomsonN7.Reg.InBox
ThomsonN7.Cert.ftotE	def	2438	2445	ThomsonN7.Kron.Ex.sumRange ThomsonN7.Cert.sixE ThomsonN7.Kron.Ex.add ThomsonN7.Kron.Ex ThomsonN7.Kron.Ex.smul
ThomsonN7.SlabOneD.sqEval.eq_1	theorem	0	0	ThomsonN7.SlabOneD.sqEval ThomsonN7.SlabOneD.peval
ThomsonN7.Kron.coefk	def	1813	1816	ThomsonN7.Kron.Ex.Term ThomsonN7.Kron.coefk._f
ThomsonN7.GV.sin_2pi5_pos	theorem	5501	5504	
ThomsonN7.Cert.tc_s99_98_FR2	def	16245	16248	ThomsonN7.Cert.Blk ThomsonN7.Cert.mkBlk
_private.ThomsonN7.Solution.0.ThomsonN7.Kron.Ex.pw.match_1.eq_4	theorem	0	0	ThomsonN7.Kron.Ex.pw.match_1
ThomsonN7.Case1Data.S5_B_D_20	def	10123	10123	
ThomsonN7.Case1.c1Sum	def	10331	10332	ThomsonN7.Case1.C1Stat ThomsonN7.Case1.c1Add ThomsonN7.Case1.c1C
ThomsonN7.T4.pentIdx.eq_1	theorem	0	0	ThomsonN7.T4.pentIdx ThomsonN7.T4.pentIdx._proof_2
ThomsonN7.M3.tab4	def	3341	3342	
ThomsonN7.Cert.Cert3.casesOn	def	2637	2648	ThomsonN7.Cert.Cert3 ThomsonN7.Cert.Cert3.mk ThomsonN7.Cert.SBlk ThomsonN7.Cert.Blk ThomsonN7.Cert.Cert3.rec
ThomsonN7.Reg.muP_2	theorem	4512	4514	ThomsonN7.Reg.g_2_6 ThomsonN7.Reg.g_2_0 ThomsonN7.Reg.W_2_5 ThomsonN7.Reg.W ThomsonN7.Reg.g_2_4 ThomsonN7.Base.c2 ThomsonN7.Reg.W_2_3 ThomsonN7.Reg.W_2_1 ThomsonN7.Reg.g_2_1 ThomsonN7.Reg.W_2_6 ThomsonN7.Base.phi ThomsonN7.cyl._proof_1 ThomsonN7.R3 ThomsonN7.Base.c1 ThomsonN7.Reg.g_2_3 ThomsonN7.Reg.W_2_2 ThomsonN7.Reg.g_2_5 ThomsonN7.Reg.muP ThomsonN7.pentBipyramid ThomsonN7.Reg.W_2_0 ThomsonN7.Reg.W_2_4
ThomsonN7.Cert.tc_s98_96	def	16690	16712	ThomsonN7.Cert.tc_s98_96_SA5 ThomsonN7.Cert.tc_s98_96_SB4 ThomsonN7.Cert.tc_s98_96_SB3 ThomsonN7.Cert.tc_s98_96_FP3 ThomsonN7.Cert.tc_s98_96_FR0 ThomsonN7.Cert.tc_s98_96_SA0 ThomsonN7.Cert.tc_s98_96_FP0 ThomsonN7.Cert.tc_s98_96_SA4 ThomsonN7.Cert.tc_s98_96_SG4 ThomsonN7.Cert.tc_s98_96_SB1 ThomsonN7.Cert.tc_s98_96_FR4 ThomsonN7.Cert.Blk ThomsonN7.Cert.tc_s98_96_FR1 ThomsonN7.Cert.TBlk ThomsonN7.Cert.tc_s98_96_SG0 ThomsonN7.Cert.tc_s98_96_SG2 ThomsonN7.Cert.tc_s98_96_FR3 ThomsonN7.Cert.TCert.mk ThomsonN7.Cert.tc_s98_96_SA2 ThomsonN7.Cert.TCert ThomsonN7.Cert.tc_s98_96_FR5 ThomsonN7.Cert.tc_s98_96_SG3 ThomsonN7.Cert.tc_s98_96_SA3 ThomsonN7.Cert.tc_s98_96_FP2 ThomsonN7.Cert.tc_s98_96_FP5 ThomsonN7.Cert.tc_s98_96_FP1 ThomsonN7.Cert.tc_s98_96_SB2 ThomsonN7.Cert.tc_s98_96_FR2 ThomsonN7.Cert.tc_s98_96_SA1 ThomsonN7.Cert.tc_s98_96_SG1 ThomsonN7.Cert.tc_s98_96_FP4 ThomsonN7.Cert.tc_s98_96_SB0
ThomsonN7.Reg.Pen	def	8369	8372	ThomsonN7.Reg.gaugeG ThomsonN7.Reg.Pen._proof_1 ThomsonN7.cyl._proof_1 ThomsonN7.R3 ThomsonN7.pentBipyramid
ThomsonN7.Kron.Ex.dx.eq_1	theorem	0	0	ThomsonN7.Kron.Ex.dx ThomsonN7.Kron.Ex.c
ThomsonN7.Reg.mhi_13	theorem	7011	7012	ThomsonN7.Reg.mon_hi ThomsonN7.Reg.InBox
ThomsonN7.M2.K8.mk.injEq	theorem	0	0	ThomsonN7.M2.K8 ThomsonN7.M2.K8.mk.inj ThomsonN7.M2.K8.mk
ThomsonN7.T4.pentc.eq_1	theorem	0	0	ThomsonN7.T4.pentc
_private.ThomsonN7.Solution.0.ThomsonN7.CutOneD.compQ.match_1.splitter	def	0	0	ThomsonN7.CutOneD.compQ.match_1
ThomsonN7.SlabOneD.cqB.eq_2	theorem	0	0	ThomsonN7.SlabOneD.cqB
ThomsonN7.Glue.Coerce.Contact2R.q1	def	13634	13634	ThomsonN7.Glue.Coerce.Contact2R
ThomsonN7.SlabOneD.multZ	def	15306	15308	ThomsonN7.SlabOneD.Term.f1 ThomsonN7.SlabOneD.Term.fy ThomsonN7.SlabOneD.Par.mu2 ThomsonN7.SlabOneD.Term ThomsonN7.SlabOneD.Par.nu1 ThomsonN7.SlabOneD.Par.mu1 ThomsonN7.SlabOneD.Term.f2 ThomsonN7.SlabOneD.Par ThomsonN7.SlabOneD.Par.nu2
ThomsonN7.ThreePoint.dsum_H	theorem	990	1003	ThomsonN7.ThreePoint.dsum_pair12 ThomsonN7.ThreePoint.dsum_pair13 ThomsonN7.ThreePoint.dsum_Rs._proof_1 ThomsonN7.ThreePoint.dsum_pair23 ThomsonN7.ThreePoint.dsum_sub ThomsonN7.ThreePoint.dsum ThomsonN7.ThreePoint.dsum_const ThomsonN7.ThreePoint.sum_ne_eq_two_sum_Ioi ThomsonN7.ThreePoint.dsum_add ThomsonN7.ThreePoint.dsum_mul_left
ThomsonN7.Cert.tc_s93_90_meta	theorem	17701	17701	ThomsonN7.Cert.TCert.checkMeta ThomsonN7.Cert.tc_s93_90_meta._proof_1 ThomsonN7.Cert.tc_s93_90
ThomsonN7.SlabOneD.Slab_s98_96.termHA_4	def	16747	16748	ThomsonN7.SlabOneD.Term ThomsonN7.SlabOneD.Term.mk
ThomsonN7.Case1Data.S3_B_D_24	def	9975	9975	
ThomsonN7.SlabOneD.Slab_s96_94.certHB_ok._proof_1	theorem	0	0	ThomsonN7.SlabOneD.Slab_s96_94.parHB ThomsonN7.SlabOneD.Cert.check ThomsonN7.SlabOneD.Slab_s96_94.certHB
ThomsonN7.Glue.Coerce.BPiece.u2	def	12964	12964	ThomsonN7.Glue.Coerce.BPiece
ThomsonN7.Cert.ev_sqfF	theorem	13896	13909	ThomsonN7.Cert.Blk.del ThomsonN7.Cert.sqfF.eq_1 ThomsonN7.Cert.Blk.Δ ThomsonN7.Cert.Blk.l ThomsonN7.Cert.Blk.d ThomsonN7.Cert.Blk ThomsonN7.Cert.ev_sqfE ThomsonN7.Kron.Ex.ev ThomsonN7.Cert.Blk.lq ThomsonN7.Cert.Blk.dq ThomsonN7.Cert.sqfF ThomsonN7.Cert.ev_sqF ThomsonN7.Kron.Ex.add ThomsonN7.Cert.ev_quadF ThomsonN7.Cert.quadF ThomsonN7.Kron.Ex ThomsonN7.Cert.mv ThomsonN7.Kron.Ex.ev_add ThomsonN7.Cert.sqfE ThomsonN7.Cert.sqF ThomsonN7.Cert.zval
ThomsonN7.Reg.CP_26	def	6763	6763	ThomsonN7.triCapPrism._proof_2 ThomsonN7.cyl._proof_1 ThomsonN7.Base.c1._proof_1
ThomsonN7.ThreePoint.c7	def	11028	11035	ThomsonN7.ThreePoint.instDecidableIsP ThomsonN7.cyl._proof_1 ThomsonN7.pentBipyramid._proof_1 ThomsonN7.ThreePoint.c7._proof_1 ThomsonN7.RegB.quadPart._proof_1 ThomsonN7.ThreePoint.isP
ThomsonN7.M6.idet3_mem	theorem	11420	11431	ThomsonN7.M6.isq_mem ThomsonN7.M6.imul ThomsonN7.M6.iscale ThomsonN7.M6.iscale_mem ThomsonN7.cyl._proof_1 ThomsonN7.M6.iadd ThomsonN7.M6.Imem ThomsonN7.M6.idet3 ThomsonN7.M6.det3h ThomsonN7.M6.isq ThomsonN7.M6.imul_mem ThomsonN7.M6.iadd_mem
ThomsonN7.Reg.g_3_2	theorem	4258	4259	ThomsonN7.R3 ThomsonN7.Base.c1 ThomsonN7.Reg.g_2_3 ThomsonN7.pentBipyramid
ThomsonN7.Reg.mlo_11	theorem	7001	7002	ThomsonN7.Reg.mon_lo ThomsonN7.Reg.InBox
ThomsonN7.Case1Data.S0_B_l_50	def	9695	9695	
ThomsonN7.Final.a.eq_1	theorem	0	0	ThomsonN7.Final.a._proof_2 ThomsonN7.Final.a ThomsonN7.Final.a._proof_1
ThomsonN7.Glue.case2_of_rooted	theorem	12076	12086	ThomsonN7.M3.firstWhere._proof_1 ThomsonN7.SphereConfig ThomsonN7.Glue.Concl ThomsonN7.cyl._proof_1 ThomsonN7.R3 ThomsonN7.Base.sphereConfig_comp ThomsonN7.RegB.quadPart._proof_1 ThomsonN7.Glue.exists_minpair_perm ThomsonN7.Glue.RootedClaim ThomsonN7.Glue.concl_of_comp_perm ThomsonN7.Reg.CP_56._proof_2
ThomsonN7.Cert.rowsN_spec._proof_1	theorem	0	0	
ThomsonN7.Final.slab_s93_90	theorem	17825	17837	ThomsonN7.Cert.tc_s93_90_SB4 ThomsonN7.Cert.TCert.bn ThomsonN7.Cert.tc_s93_90_SG0 ThomsonN7.Cert.tc_s93_90_FP0 ThomsonN7.SlabOneD.Slab_s93_90.HA_le_phi ThomsonN7.Cert.tc_s93_90_SA3 ThomsonN7.Cert.tc_s93_90_SA0 ThomsonN7.Cert.TCert.bd ThomsonN7.Cert.tc_s93_90_meta ThomsonN7.Cert.tc_s93_90_FR1 ThomsonN7.Cert.tc_s93_90_FR5 ThomsonN7.Cert.tc_s93_90_FR3 ThomsonN7.Cert.tc_s93_90_SA2 ThomsonN7.Cert.TCert.ad ThomsonN7.Cert.tc_s93_90_FP3 ThomsonN7.Cert.tc_s93_90_SG3 ThomsonN7.Cert.TCert.ef ThomsonN7.Cert.tc_s93_90_SG4 ThomsonN7.Cert.Blk ThomsonN7.Cert.TCert.an ThomsonN7.Cert.tc_s93_90_G ThomsonN7.Glue.SlabSpec ThomsonN7.SlabOneD.Slab_s93_90.HB_le_phi ThomsonN7.Cert.tc_s93_90_FP4 ThomsonN7.Cert.TBlk ThomsonN7.Cert.tc_s93_90_A ThomsonN7.Cert.tc_s93_90_SB2 ThomsonN7.Cert.tc_s93_90_FP5 ThomsonN7.Cert.TCert.alo ThomsonN7.SlabOneD.Slab_s93_90.HC_le_phi ThomsonN7.Cert.tc_s93_90_SG1 ThomsonN7.Glue.slabSpec_of_data ThomsonN7.Cert.TCert.mk ThomsonN7.Cert.tc_s93_90_SB1 ThomsonN7.Cert.tc_s93_90_FR4 ThomsonN7.Cert.tc_s93_90_FP2 ThomsonN7.Cert.tc_s93_90_SA5 ThomsonN7.Cert.tc_s93_90_SB0 ThomsonN7.Cert.tc_s93_90_SA4 ThomsonN7.Cert.tc_s93_90_SB3 ThomsonN7.Cert.TCert.Lam ThomsonN7.Cert.tc_s93_90 ThomsonN7.Cert.tc_s93_90_FR2 ThomsonN7.Cert.tc_s93_90_FP1 ThomsonN7.Cert.tc_s93_90_FR0 ThomsonN7.Cert.tc_s93_90_SA1 ThomsonN7.Cert.tc_s93_90_B ThomsonN7.Cert.TCert.ahi ThomsonN7.Cert.TCert.e ThomsonN7.Cert.tc_s93_90_SG2
ThomsonN7.Kron.Ex.dz.eq_2	theorem	0	0	ThomsonN7.Kron.Ex.dz ThomsonN7.Kron.Ex.mon
ThomsonN7.Reg.enc_44	theorem	7603	7614	ThomsonN7.Reg.mhi_14 ThomsonN7.Reg.mhi_27 ThomsonN7.RegB.phiCos._proof_2 ThomsonN7.Reg.mlo_4 ThomsonN7.Reg.CP_44 ThomsonN7.Reg.mlo_27 ThomsonN7.Reg.InBox ThomsonN7.Reg.mlo_14 ThomsonN7.Reg.mlo_37 ThomsonN7.Base.c1._proof_1 ThomsonN7.Reg.mhi_4 ThomsonN7.Reg.mhi_37
ThomsonN7.Case1Data.S5_B_l_29	def	10096	10096	
ThomsonN7.coulombEnergy_seven	theorem	189	203	ThomsonN7.coulombEnergy ThomsonN7.R3
ThomsonN7.Cert.domAll._f	def	0	0	ThomsonN7.Cert.offAbs ThomsonN7.Cert.domAll.match_1
ThomsonN7.pent_dist_north	theorem	241	245	ThomsonN7.pent_five ThomsonN7.norm_eq_of_sq_eq ThomsonN7.R3 ThomsonN7.cyl ThomsonN7.norm_sq_cyl_sub ThomsonN7.pent_of_lt ThomsonN7.pentBipyramid
ThomsonN7.Reg.InBox._proof_1	theorem	0	0	
ThomsonN7.M2.K8.lb	def	2990	2994	ThomsonN7.M2.K8.x4 ThomsonN7.M2.K8.x1 ThomsonN7.M2.K8 ThomsonN7.M2.K8.tl ThomsonN7.M2.bL ThomsonN7.M2.K8.x3 ThomsonN7.M2.K8.x7 ThomsonN7.M2.bU ThomsonN7.M2.aL ThomsonN7.M2.K8.x2 ThomsonN7.M2.K8.x6 ThomsonN7.M2.K8.x5 ThomsonN7.M2.K8.x0 ThomsonN7.M2.aU
ThomsonN7.Cert.Cert3.mk._flat_ctor	def	0	0	ThomsonN7.Cert.Cert3 ThomsonN7.Cert.Cert3.mk ThomsonN7.Cert.SBlk ThomsonN7.Cert.Blk
ThomsonN7.SlabOneD.Cert.rec	rec	15235	15240	ThomsonN7.SlabOneD.Cert.mk ThomsonN7.SlabOneD.Term ThomsonN7.SlabOneD.Cert
ThomsonN7.Kron.Ex.ev._sunfold	def	0	0	ThomsonN7.Kron.Ex.ev ThomsonN7.Kron.Ex.ev.match_1 ThomsonN7.Kron.Ex
ThomsonN7.Cert.degK_rowF_le._f	def	0	0	ThomsonN7.Cert.proj_add ThomsonN7.Cert.degK.eq_1 ThomsonN7.Kron.Ex.mon ThomsonN7.Cert.proj ThomsonN7.Cert.degK.eq_3 ThomsonN7.Cert.degK_linF_le.match_1 ThomsonN7.Cert.smulNZ ThomsonN7.Cert.degK_smulNZ_le ThomsonN7.Cert.degK_rowF_le._proof_1 ThomsonN7.Cert.mxs ThomsonN7.Cert.degK ThomsonN7.Cert.rowF
ThomsonN7.Cert.TBlk.g	def	14085	14085	ThomsonN7.Cert.TBlk
ThomsonN7.SlabOneD.sumTermsZ._f	def	0	0	ThomsonN7.SlabOneD.sqSumZ ThomsonN7.SlabOneD.sumTerms.match_1 ThomsonN7.SlabOneD.Term ThomsonN7.SlabOneD.Term.sq ThomsonN7.SlabOneD.multZ ThomsonN7.SlabOneD.Par
ThomsonN7.Cert.vv1	theorem	14742	14742	ThomsonN7.Kron.Ex.varVal
ThomsonN7.GV.abs_le_one_of_sq_add	theorem	5220	5222	
ThomsonN7.Glue.Coerce.PlainCert.mk.inj	theorem	0	0	ThomsonN7.Glue.Coerce.PlainCert.mk.noConfusion ThomsonN7.Glue.Coerce.PlainCert.mk ThomsonN7.Glue.Coerce.PlainCert ThomsonN7.Glue.Coerce.BPiece
ThomsonN7.SlabOneD.l1_mult	theorem	15432	15445	ThomsonN7.SlabOneD.Term.f1 ThomsonN7.SlabOneD.Term.fy ThomsonN7.SlabOneD.pmul ThomsonN7.SlabOneD.Par.mu2 ThomsonN7.SlabOneD.Term.mult ThomsonN7.SlabOneD.Term ThomsonN7.SlabOneD.Par.nu1 ThomsonN7.SlabOneD.Par.mu1 ThomsonN7.SlabOneD.Term.f2 ThomsonN7.SlabOneD.multB ThomsonN7.SlabOneD.l1.eq_2 ThomsonN7.SlabOneD.l1 ThomsonN7.SlabOneD.l1_pmul ThomsonN7.SlabOneD.Par ThomsonN7.SlabOneD.Par.nu2
ThomsonN7.Case1Data.S7_B_D_3	def	10243	10243	
ThomsonN7.M2.Pl.add._sunfold	def	0	0	ThomsonN7.M2.K8.add ThomsonN7.M2.K8 ThomsonN7.M2.Pl.add.match_1 ThomsonN7.M2.Pl.add
ThomsonN7.Cert.degK_rowF_le	theorem	14341	14349	ThomsonN7.Cert.proj ThomsonN7.Cert.mxs ThomsonN7.Cert.degK ThomsonN7.Cert.rowF ThomsonN7.Cert.degK_rowF_le._f
ThomsonN7.M2.Pl.eval_pow	theorem	3084	3086	ThomsonN7.M2.K8 ThomsonN7.M2.Pl.pow ThomsonN7.M2.Pl.eval ThomsonN7.M2.Pl.eval_pow._f
ThomsonN7.Case1Data.S3_B_D_19	def	9970	9970	
ThomsonN7.Cert.tc_s93_90_SA1	def	17587	17591	ThomsonN7.Cert.TBlk ThomsonN7.Cert.TBlk.mk
ThomsonN7.Case1Data.S0_B_l_10	def	9655	9655	
ThomsonN7.Case1Data.S3_B_l_6	def	9921	9921	
ThomsonN7.Reg.CP_57	def	6794	6794	ThomsonN7.RegB.phiCos._proof_1 ThomsonN7.Reg.CP_57._proof_1
ThomsonN7.Reg.kk_6_12	theorem	7958	7960	ThomsonN7.Reg.cross_of_enc
ThomsonN7.Reg.kk_3_9	theorem	7859	7861	ThomsonN7.Reg.cross_of_enc
ThomsonN7.Reg.CP_42	def	6779	6779	ThomsonN7.triCapPrism._proof_1 ThomsonN7.triCapPrism._proof_2 ThomsonN7.cyl._proof_1 ThomsonN7.RegB.phiCos._proof_1
ThomsonN7.Case1.c1_stat_S2._proof_1	theorem	0	0	ThomsonN7.Cert.Cert3.ad ThomsonN7.Case1.c1Stat ThomsonN7.Case1Data.cf ThomsonN7.Case1Data.S2 ThomsonN7.Case1.C1Stat ThomsonN7.Cert.sblkE ThomsonN7.Cert.Cert3.an
ThomsonN7.Reg.kk_10_12	theorem	8057	8059	ThomsonN7.Reg.cross_of_enc
ThomsonN7.M6.Box6.noConfusion	def	11473	11479	ThomsonN7.M6.Box6 ThomsonN7.M6.Box6.casesOn ThomsonN7.M6.Box6.noConfusionType
ThomsonN7.Case1Data.S3_B	def	9987	9987	ThomsonN7.Case1Data.S3_B_d ThomsonN7.Case1Data.S3_B_D ThomsonN7.Cert.Blk ThomsonN7.Cert.Blk.mk ThomsonN7.Case1Data.S3_B_l
ThomsonN7.Reg.g_1_3	theorem	4218	4220	ThomsonN7.Reg.hF1 ThomsonN7.Reg.s1 ThomsonN7.Base.c2 ThomsonN7.Reg.inner_vec3 ThomsonN7.Reg.hF2 ThomsonN7.Reg.hF3 ThomsonN7.R3 ThomsonN7.Base.c1 ThomsonN7.Reg.s2 ThomsonN7.Reg.hF4 ThomsonN7.pentBipyramid ThomsonN7.Reg.pent_3 ThomsonN7.Reg.pent_1
ThomsonN7.Case1Data.S1_B_l_20	def	9783	9783	
ThomsonN7.Case1Data.S0_B_l_31	def	9676	9676	
ThomsonN7.Case1Data.S5_B_l_5	def	10072	10072	
ThomsonN7.Reg.pc_2_0	theorem	8327	8328	ThomsonN7.Base.c2 ThomsonN7.Reg.pent_2 ThomsonN7.R3 ThomsonN7.Reg.s2 ThomsonN7.pentBipyramid
ThomsonN7.T4.sig7_injective._proof_6	theorem	0	0	ThomsonN7.T4.sig7._proof_3 ThomsonN7.T4.sig7._proof_4 ThomsonN7.T4.pentIdx._proof_2
ThomsonN7.Cert.SBlk.recOn	def	2604	2610	ThomsonN7.Cert.SBlk ThomsonN7.Cert.Blk ThomsonN7.Cert.SBlk.rec ThomsonN7.Cert.SBlk.mk
ThomsonN7.triCapPrism._proof_1	theorem	0	0	
ThomsonN7.Case1Data.S6_B_D_12	def	10191	10191	
ThomsonN7.Cert.tc_s98_96_A	theorem	16716	16716	ThomsonN7.Cert.tc_s98_96_A._proof_1 ThomsonN7.Cert.TCert.chkA ThomsonN7.Cert.tc_s98_96
ThomsonN7.RegB.t0_03	theorem	4928	4929	ThomsonN7.RegB.t0_ring_lt ThomsonN7.Base.c2 ThomsonN7.RegB.t0 ThomsonN7.Base.cos_6pi5
ThomsonN7.Glue.Coerce.PlainCert.slab_lo	theorem	13477	13484	ThomsonN7.Glue.Coerce.PlainCert.check ThomsonN7.Glue.Coerce.PlainCert ThomsonN7.Glue.Coerce.PlainCert.Dq ThomsonN7.Base.phi ThomsonN7.Glue.Coerce.PlainCert.Q ThomsonN7.Glue.Coerce.PlainCert.le_phi ThomsonN7.CutOneD.peval
ThomsonN7.Cert.tc_s94_93_SA4	def	17276	17280	ThomsonN7.Cert.TBlk ThomsonN7.Cert.TBlk.mk
ThomsonN7.CutOneD.compQ._unsafe_rec	def	0	0	ThomsonN7.CutOneD.padd ThomsonN7.CutOneD.compQ._unsafe_rec ThomsonN7.CutOneD.pmul ThomsonN7.CutOneD.compQ.match_1
ThomsonN7.GV.frame	def	5421	5423	ThomsonN7.GV.L33 ThomsonN7.cyl._proof_1 ThomsonN7.R3 ThomsonN7.GV.L22 ThomsonN7.GV.L32
ThomsonN7.Kron.digit_unique._proof_2	theorem	0	0	
ThomsonN7.RegB.t0_02	theorem	4926	4927	ThomsonN7.RegB.t0_ring_lt ThomsonN7.Base.cos_4pi5 ThomsonN7.Base.c2 ThomsonN7.RegB.t0
ThomsonN7.ThreePoint.three_point_bound	theorem	1117	1152	ThomsonN7.ThreePoint.dsum_nonneg ThomsonN7.ThreePoint.sum_matDot_Rk ThomsonN7.ThreePoint.Rk ThomsonN7.ThreePoint.Rs ThomsonN7.ThreePoint.matDot ThomsonN7.ThreePoint.gramOK_inner ThomsonN7.ThreePoint.S3_swap12 ThomsonN7.ThreePoint.S3 ThomsonN7.R3 ThomsonN7.ThreePoint.S3_swap23 ThomsonN7.ThreePoint.GramOK ThomsonN7.ThreePoint.dsum ThomsonN7.ThreePoint.matDot_moment_nonneg ThomsonN7.ThreePoint.three_point_identity ThomsonN7.ThreePoint.sum4_swap
ThomsonN7.Kron.Ex.ctorIdx	def	0	0	ThomsonN7.Kron.Ex.casesOn ThomsonN7.Kron.Ex
ThomsonN7.Cert.hvE	def	14723	14724	ThomsonN7.Cert.sbst ThomsonN7.Cert.h1E ThomsonN7.Kron.Ex
ThomsonN7.Cert.TCert.nonneg_of_scaled	theorem	15000	15003	
ThomsonN7.Cert.quadF._unsafe_rec	def	0	0	ThomsonN7.Cert.quadF.match_1 ThomsonN7.Kron.Ex.add ThomsonN7.Kron.Ex.c ThomsonN7.Kron.Ex ThomsonN7.Cert.quadF._unsafe_rec ThomsonN7.Cert.rowF
ThomsonN7.M3.cos_pent_diff._proof_1	theorem	0	0	
ThomsonN7.Cert.tc_cap_G._proof_1	theorem	0	0	ThomsonN7.Cert.tc_cap ThomsonN7.Cert.TCert.chkG
ThomsonN7.M3.P_indep	theorem	3719	3759	ThomsonN7.M3.inner_P ThomsonN7.R3 ThomsonN7.pentBipyramid._proof_1 ThomsonN7.M3.cosB ThomsonN7.Base.c1._proof_1 ThomsonN7.pentBipyramid ThomsonN7.M3.val ThomsonN7.M3.cP
ThomsonN7.Reg.muP_3	theorem	4516	4518	ThomsonN7.Reg.W ThomsonN7.Reg.W_3_4 ThomsonN7.Reg.W_3_3 ThomsonN7.Reg.g_3_1 ThomsonN7.Reg.W_3_1 ThomsonN7.Reg.W_3_6 ThomsonN7.Reg.g_3_5 ThomsonN7.Base.c2 ThomsonN7.Reg.W_3_5 ThomsonN7.Reg.W_3_2 ThomsonN7.Reg.g_3_0 ThomsonN7.Base.phi ThomsonN7.cyl._proof_1 ThomsonN7.Reg.W_3_0 ThomsonN7.R3 ThomsonN7.Base.c1 ThomsonN7.Reg.g_3_6 ThomsonN7.Reg.g_3_4 ThomsonN7.Reg.muP ThomsonN7.pentBipyramid ThomsonN7.Reg.g_3_2
ThomsonN7.Cert.tc_s99_98_A	theorem	16387	16387	ThomsonN7.Cert.tc_s99_98_A._proof_1 ThomsonN7.Cert.tc_s99_98 ThomsonN7.Cert.TCert.chkA
ThomsonN7.Reg.CP_48	def	6785	6785	ThomsonN7.triCapPrism._proof_1 ThomsonN7.cyl._proof_1 ThomsonN7.Base.c1._proof_1
ThomsonN7.Glue.Coerce.Contact2R.G_ge	theorem	13663	13673	ThomsonN7.Glue.Coerce.Contact2R ThomsonN7.Glue.Coerce.Contact2R.Dq ThomsonN7.Glue.Coerce.Contact2R.Q ThomsonN7.Glue.Coerce.Contact2R.q2 ThomsonN7.Glue.Coerce.Contact2R.G ThomsonN7.CutOneD.pneg ThomsonN7.CutOneD.padd ThomsonN7.CutOneD.peval_padd ThomsonN7.Glue.Coerce.chainOK ThomsonN7.Glue.Coerce.Fpoly ThomsonN7.Glue.Coerce.lin ThomsonN7.Glue.Coerce.Contact2R.pieces ThomsonN7.CutOneD.peval_pscale ThomsonN7.CutOneD.pscale ThomsonN7.Glue.Coerce.Contact2R.g0n ThomsonN7.Glue.Coerce.Contact2R.p2 ThomsonN7.Glue.Coerce.Contact2R.piecesR ThomsonN7.Glue.Coerce.Contact2R.g0d ThomsonN7.CutOneD.pmul ThomsonN7.Glue.Coerce.Contact2R.R ThomsonN7.Glue.Coerce.chainOK_nonneg ThomsonN7.Glue.Coerce.Contact2R.s ThomsonN7.Glue.Coerce.Contact2R.p1 ThomsonN7.Glue.Coerce.Contact2R.check ThomsonN7.CutOneD.peval ThomsonN7.Glue.Coerce.Contact2R.q1 ThomsonN7.CutOneD.peval_pneg
ThomsonN7.Reg.comp_planeRot_mem	theorem	4793	4796	ThomsonN7.Reg.norm_planeRot ThomsonN7.R3 ThomsonN7.Reg.IsoSet ThomsonN7.Reg.planeRot
ThomsonN7.Cert.ev_linF	theorem	13832	13844	ThomsonN7.Cert.linF.eq_2 ThomsonN7.Cert.getD_tail_succ ThomsonN7.Kron.Ex.mon ThomsonN7.Kron.Ex.ev ThomsonN7.Kron.Ex.add ThomsonN7.Cert.smulNZ ThomsonN7.Kron.Ex ThomsonN7.Cert.linF ThomsonN7.Cert.mv ThomsonN7.Kron.Ex.ev_add ThomsonN7.Cert.ev_smulNZ
ThomsonN7.Case1.c1_stat_S1	theorem	10401	10403	ThomsonN7.Case1Data.S1 ThomsonN7.Cert.Cert3.ad ThomsonN7.Case1.c1Stat ThomsonN7.Case1Data.cf ThomsonN7.Case1.C1Stat ThomsonN7.Cert.sblkE ThomsonN7.Cert.Cert3.an ThomsonN7.Case1.c1_stat_S1._proof_1
ThomsonN7.SlabOneD.Term.ctorIdx	def	0	0	ThomsonN7.SlabOneD.Term
ThomsonN7.M3.imp	def	3376	3376	
ThomsonN7.Case1Data.S3_B_D_8	def	9959	9959	
ThomsonN7.Cert.lamGE	def	14780	14785	ThomsonN7.Kron.Ex.sub ThomsonN7.Cert.sbst ThomsonN7.Kron.Ex.add ThomsonN7.Kron.Ex.c ThomsonN7.Kron.Ex ThomsonN7.Kron.Ex.smul ThomsonN7.Cert.tgE
ThomsonN7.Reg.kk_3_19	theorem	7880	7882	ThomsonN7.Reg.cross_of_enc
ThomsonN7.Cert.tc_cap_SA5	def	15983	15987	ThomsonN7.Cert.TBlk ThomsonN7.Cert.TBlk.mk
ThomsonN7.ThreePoint.dsum_perm_vtu	theorem	1519	1523	ThomsonN7.ThreePoint.dsum_cyc ThomsonN7.ThreePoint.dsum
ThomsonN7.Case1Data.S6_B_D_26	def	10205	10205	
ThomsonN7.M3.cosA	def	3562	3563	ThomsonN7.pentBipyramid._proof_1 ThomsonN7.Base.c1._proof_1
ThomsonN7.M2.Pl.add.eq_1	theorem	0	0	ThomsonN7.M2.K8 ThomsonN7.M2.Pl.add
ThomsonN7.Reg.ss_7	theorem	8223	8223	
ThomsonN7.SlabOneD.Slab_s94_93.termHB_1	def	17435	17436	ThomsonN7.SlabOneD.Term ThomsonN7.SlabOneD.Term.mk
ThomsonN7.M6.Box6.mk.injEq	theorem	0	0	ThomsonN7.M6.Box6.mk.inj ThomsonN7.M6.Box6.mk ThomsonN7.M6.Box6
ThomsonN7.Final.capB.eq_1	theorem	0	0	ThomsonN7.Glue.Coerce.BPiece.mk ThomsonN7.Final.capB ThomsonN7.Glue.Coerce.Contact1R.mk ThomsonN7.Cert.tc_cap ThomsonN7.Glue.Coerce.Contact1R ThomsonN7.Glue.Coerce.BPiece ThomsonN7.Cert.TCert.HB ThomsonN7.Cert.TCert.Lam
ThomsonN7.Kron.Ex.deg_le._proof_17	theorem	0	0	ThomsonN7.Kron.Ex.Term ThomsonN7.Kron.Ex.dy ThomsonN7.Kron.Ex.dz ThomsonN7.Kron.Ex.dx ThomsonN7.Kron.Ex
ThomsonN7.SlabOneD.Term.nonneg	theorem	15517	15530	ThomsonN7.SlabOneD.sqEval ThomsonN7.SlabOneD.Term.f1 ThomsonN7.SlabOneD.peval ThomsonN7.SlabOneD.Term.fy ThomsonN7.SlabOneD.pmul ThomsonN7.SlabOneD.Par.mu2 ThomsonN7.SlabOneD.Term.mult ThomsonN7.SlabOneD.peval.eq_2 ThomsonN7.SlabOneD.Term ThomsonN7.SlabOneD.Term.sq ThomsonN7.SlabOneD.Par.nu1 ThomsonN7.SlabOneD.Par.mu1 ThomsonN7.SlabOneD.Term.f2 ThomsonN7.SlabOneD.peval_pmul ThomsonN7.SlabOneD.sqEval_nonneg ThomsonN7.SlabOneD.Par ThomsonN7.SlabOneD.Par.nu2
ThomsonN7.Cert.sqF._f	def	0	0	ThomsonN7.Kron.Ex.add ThomsonN7.Cert.smulNZ ThomsonN7.Kron.Ex.c ThomsonN7.Kron.Ex ThomsonN7.Cert.linF ThomsonN7.Cert.sqF.match_1 ThomsonN7.Kron.Ex.sq
ThomsonN7.SlabOneD.Slab_s93_90.certHA_ok	theorem	17752	17752	ThomsonN7.SlabOneD.Slab_s93_90.certHA_ok._proof_1 ThomsonN7.SlabOneD.Cert.check ThomsonN7.SlabOneD.Slab_s93_90.certHA ThomsonN7.SlabOneD.Slab_s93_90.parHA
ThomsonN7.Cert.matDot_fmat_Y3	theorem	2350	2360	ThomsonN7.Cert.sum_fin_eq_range ThomsonN7.ThreePoint.Y3 ThomsonN7.ThreePoint.Q3 ThomsonN7.Cert.Blk ThomsonN7.ThreePoint.matDot ThomsonN7.Kron.Ex.ev ThomsonN7.Cert.ev_fkE ThomsonN7.Cert.fmat ThomsonN7.Cert.Blk.ent ThomsonN7.Cert.fkE
ThomsonN7.Kron.Ex.subst._unsafe_rec	def	0	0	ThomsonN7.Kron.Ex.mul ThomsonN7.Kron.Ex.pw ThomsonN7.Kron.Ex.add ThomsonN7.Kron.Ex.ev.match_1 ThomsonN7.Kron.Ex.c ThomsonN7.Kron.Ex ThomsonN7.Kron.Ex.subst._unsafe_rec
ThomsonN7.Kron.digit_unique._proof_4	theorem	0	0	
ThomsonN7.Cert.linF._unsafe_rec	def	0	0	ThomsonN7.Cert.linF.match_1 ThomsonN7.Kron.Ex.mon ThomsonN7.Cert.linF._unsafe_rec ThomsonN7.Kron.Ex.add ThomsonN7.Cert.smulNZ ThomsonN7.Kron.Ex.c ThomsonN7.Kron.Ex
_private.ThomsonN7.Solution.0.ThomsonN7.Cert.q3E.match_1.eq_1	theorem	0	0	ThomsonN7.Cert.q3E.match_1
ThomsonN7.Case1Data.S1_B_l_6	def	9769	9769	
ThomsonN7.M2.H_le_phi	theorem	3256	3265	ThomsonN7.M2.H ThomsonN7.M2.eval_qlist_pos ThomsonN7.M2.phi_sub_H ThomsonN7.M2.ra ThomsonN7.M2.rs2 ThomsonN7.M2.sqrt_facts ThomsonN7.M2.rb ThomsonN7.M2.Pl.eval ThomsonN7.M2.qlist
ThomsonN7.SlabOneD.evalZ.eq_def	theorem	0	0	ThomsonN7.SlabOneD.evalZ.match_1 ThomsonN7.SlabOneD.evalZ _private.ThomsonN7.Solution.0.ThomsonN7.SlabOneD.evalZ.match_1.splitter ThomsonN7.SlabOneD.evalZ._f
ThomsonN7.Reg.IsoSet.eq_1	theorem	0	0	ThomsonN7.R3 ThomsonN7.Reg.IsoSet
ThomsonN7.Reg.mhi_3	theorem	6971	6972	ThomsonN7.Reg.mon_hi ThomsonN7.Reg.InBox
ThomsonN7.Reg.phi_neg_one_le	theorem	8788	8789	ThomsonN7.Base.phi ThomsonN7.Reg.phi_neg_one
ThomsonN7.CutOneD.peval_pneg	theorem	9164	9169	ThomsonN7.CutOneD.pneg ThomsonN7.CutOneD.peval.eq_2 ThomsonN7.CutOneD.peval.eq_1 ThomsonN7.CutOneD.peval
ThomsonN7.SlabOneD.Slab_s94_93.parHB	def	17430	17430	ThomsonN7.SlabOneD.Par.mk ThomsonN7.SlabOneD.Par
ThomsonN7.Reg.Fq	def	6799	6921	ThomsonN7.Reg.CP_36 ThomsonN7.Reg.CP_12 ThomsonN7.Reg.CP_35 ThomsonN7.Reg.CP_60 ThomsonN7.Reg.CP_52 ThomsonN7.Reg.CP_47 ThomsonN7.Reg.CP_20 ThomsonN7.Reg.CP_17 ThomsonN7.Reg.CP_43 ThomsonN7.Reg.CP_33 ThomsonN7.Reg.CP_2 ThomsonN7.Reg.CP_39 ThomsonN7.Reg.CP_5 ThomsonN7.Reg.CP_37 ThomsonN7.Reg.CP_25 ThomsonN7.Reg.CP_34 ThomsonN7.Reg.CP_32 ThomsonN7.Reg.CP_13 ThomsonN7.Reg.CP_54 ThomsonN7.Reg.CP_11 ThomsonN7.Reg.CP_3 ThomsonN7.Reg.CP_38 ThomsonN7.Reg.CP_0 ThomsonN7.Reg.CP_8 ThomsonN7.Reg.CP_19 ThomsonN7.Reg.CP_21 ThomsonN7.Reg.CP_14 ThomsonN7.Reg.CP_16 ThomsonN7.Reg.CP_55 ThomsonN7.Reg.CP_7 ThomsonN7.Reg.CP_30 ThomsonN7.Reg.CP_28 ThomsonN7.Reg.CP_31 ThomsonN7.Reg.CP_41 ThomsonN7.Reg.CP_51 ThomsonN7.Reg.CP_29 ThomsonN7.Reg.CP_40 ThomsonN7.Reg.CP_44 ThomsonN7.Reg.CP_15 ThomsonN7.Reg.CP_57 ThomsonN7.Reg.CP_59 ThomsonN7.Reg.CP_10 ThomsonN7.Reg.CP_49 ThomsonN7.Reg.CP_24 ThomsonN7.Reg.CP_42 ThomsonN7.Reg.CP_1 ThomsonN7.Reg.CP_56 ThomsonN7.Reg.CP_18 ThomsonN7.Reg.CP_26 ThomsonN7.Reg.CP_58 ThomsonN7.Reg.CP_46 ThomsonN7.Reg.CP_48 ThomsonN7.Reg.CP_27 ThomsonN7.Reg.CP_50 ThomsonN7.Reg.CP_6 ThomsonN7.Reg.CP_9 ThomsonN7.Reg.CP_53 ThomsonN7.Reg.CP_23 ThomsonN7.Reg.CP_45 ThomsonN7.Reg.CP_4 ThomsonN7.Reg.CP_22
ThomsonN7.Cert.smulNZ	def	2240	2241	ThomsonN7.Kron.Ex.c ThomsonN7.Kron.Ex ThomsonN7.Kron.Ex.smul
ThomsonN7.CutOneD.Cert.rec	rec	9211	9218	ThomsonN7.CutOneD.Cert.mk ThomsonN7.CutOneD.Cert
ThomsonN7.ThreePoint.dsum_cyc	theorem	828	842	ThomsonN7.ThreePoint.dsum
ThomsonN7.SlabOneD.Par._sizeOf_inst	def	0	0	ThomsonN7.SlabOneD.Par ThomsonN7.SlabOneD.Par._sizeOf_1
ThomsonN7.Case1Data.S0_B_D_49	def	9751	9751	
ThomsonN7.Glue.polyR_eq_peval	theorem	15692	15695	ThomsonN7.Cert.polyR ThomsonN7.SlabOneD.peval ThomsonN7.Cert.polyR.eq_1 ThomsonN7.Glue.peval_eq_sum
ThomsonN7.RegB.quadPart._proof_1	theorem	0	0	
ThomsonN7.M2.rb_le_bU	theorem	2978	2986	ThomsonN7.M2.rb_pos ThomsonN7.M2.r5L ThomsonN7.M2.r5L_le ThomsonN7.M2.bL ThomsonN7.M2.rb_sq ThomsonN7.M2.bU ThomsonN7.M2.rb
ThomsonN7.Reg.kk_8_20	theorem	8027	8029	ThomsonN7.Reg.cross_of_enc
ThomsonN7.RegB.t0_06	theorem	5093	5093	ThomsonN7.RegB.t0 ThomsonN7.RegB.t0_south
ThomsonN7.M2.Pl.mul._f	def	0	0	ThomsonN7.M2.K8 ThomsonN7.M2.Pl.scale ThomsonN7.M2.K8.zero ThomsonN7.M2.Pl.add ThomsonN7.M2.Pl.mul.match_1
ThomsonN7.Cert.TCert.casesOn	def	14833	14861	ThomsonN7.Cert.Blk ThomsonN7.Cert.TBlk ThomsonN7.Cert.TCert.mk ThomsonN7.Cert.TCert ThomsonN7.Cert.TCert.rec
_private.ThomsonN7.Solution.0.ThomsonN7.Cert.codeE.match_1.splitter	def	0	0	
ThomsonN7.Reg.sin_6pi5	theorem	4122	4124	ThomsonN7.pentBipyramid._proof_1 ThomsonN7.Reg.s2 ThomsonN7.Base.c1._proof_1
_private.ThomsonN7.Solution.0.ThomsonN7.Kron.coefk.match_1.eq_2	theorem	0	0	ThomsonN7.Kron.Ex.Term ThomsonN7.Kron.coefk.match_1
ThomsonN7.M2.K8.x7	def	2855	2855	ThomsonN7.M2.K8
ThomsonN7.GV.inner_frame2	theorem	5432	5434	ThomsonN7.GV.L33 ThomsonN7.cyl._proof_1 ThomsonN7.GV.inner_coord ThomsonN7.R3 ThomsonN7.GV.L32 ThomsonN7.GV.frame
ThomsonN7.M2.kB	def	3130	3131	ThomsonN7.M2.K8 ThomsonN7.M2.K8.mk
ThomsonN7.SlabOneD.sqSumB._f	def	0	0	ThomsonN7.CutOneD.sqSum.match_1 ThomsonN7.SlabOneD.l1
ThomsonN7.SlabOneD.Slab_s96_94.termHA_1	def	17067	17068	ThomsonN7.SlabOneD.Term ThomsonN7.SlabOneD.Term.mk
ThomsonN7.Reg.pent_4	theorem	4159	4164	ThomsonN7.Base.cos_8pi5 ThomsonN7.Reg.s1 ThomsonN7.cyl._proof_1 ThomsonN7.R3 ThomsonN7.Base.c1 ThomsonN7.cyl ThomsonN7.pent_of_lt ThomsonN7.pentBipyramid ThomsonN7.Reg.sin_8pi5
ThomsonN7.Case1Data.S7_B_l_11	def	10230	10230	
ThomsonN7.Case1Data.S2_B_D_33	def	9908	9908	
ThomsonN7.Cert.fmat	def	2346	2348	ThomsonN7.Cert.Blk ThomsonN7.Cert.Blk.ent
ThomsonN7.Case1Data.S0_B_D_18	def	9720	9720	
ThomsonN7.Kron.Ex.mul.elim	def	1604	1604	ThomsonN7.Kron.Ex.ctorIdx ThomsonN7.Kron.Ex.mul ThomsonN7.Kron.Ex.ctorElim ThomsonN7.Kron.Ex
ThomsonN7.SlabOneD.Slab_s99_98.termHB_0	def	16445	16446	ThomsonN7.SlabOneD.Term ThomsonN7.SlabOneD.Term.mk
ThomsonN7.Reg.kk_4_10	theorem	7895	7897	ThomsonN7.Reg.cross_of_enc
ThomsonN7.M2.aL.eq_1	theorem	0	0	ThomsonN7.M2.aL
ThomsonN7.Case1Data.S1_B_l_21	def	9784	9784	
ThomsonN7.SlabOneD.Cert.check.eq_1	theorem	0	0	ThomsonN7.SlabOneD.Cert.bound ThomsonN7.SlabOneD.Cert.check ThomsonN7.SlabOneD.Cert ThomsonN7.SlabOneD.Cert.m ThomsonN7.SlabOneD.Par ThomsonN7.SlabOneD.Cert.diffZ ThomsonN7.SlabOneD.Cert.Lam
ThomsonN7.Cert.tc_s94_93_SB0	def	17288	17292	ThomsonN7.Cert.TBlk ThomsonN7.Cert.TBlk.mk
ThomsonN7.Reg.CP_7.eq_1	theorem	0	0	ThomsonN7.triCapPrism._proof_2 ThomsonN7.Reg.CP_7 ThomsonN7.RegB.phiCos._proof_1
ThomsonN7.Cert.ev_fpE	theorem	2301	2325	ThomsonN7.Cert.Blk.del ThomsonN7.Kron.Ex.mul ThomsonN7.Kron.Ex.sumRange ThomsonN7.Kron.Ex.mon ThomsonN7.Cert.Blk ThomsonN7.Cert.cast_ent ThomsonN7.Kron.Ex.ev ThomsonN7.Cert.Blk.lq ThomsonN7.Cert.Blk.dq ThomsonN7.Cert.sum3_comm ThomsonN7.Cert.smulNZ ThomsonN7.Cert.fpE ThomsonN7.Cert.Blk.ent ThomsonN7.Kron.Ex.ev_sumRange ThomsonN7.Cert.ev_smulNZ
ThomsonN7.Cert.hE	def	2628	2630	ThomsonN7.Kron.Ex.sumRange ThomsonN7.Kron.Ex.mon ThomsonN7.Kron.Ex.add ThomsonN7.Cert.smulNZ ThomsonN7.Kron.Ex
ThomsonN7.Cert.tc_s99_98_G	theorem	16391	16391	ThomsonN7.Cert.tc_s99_98_G._proof_1 ThomsonN7.Cert.tc_s99_98 ThomsonN7.Cert.TCert.chkG
ThomsonN7.Reg.enc_35	theorem	7483	7490	ThomsonN7.Reg.CP_35 ThomsonN7.triCapPrism._proof_1 ThomsonN7.Reg.mhi_14 ThomsonN7.Reg.mhi_15 ThomsonN7.Reg.mlo_15 ThomsonN7.Reg.InBox ThomsonN7.Reg.mlo_14 ThomsonN7.Base.c1._proof_1
ThomsonN7.Cert.l1_sqF_le.match_1	def	0	0	
ThomsonN7.SlabOneD.Term.mk.injEq	theorem	0	0	ThomsonN7.SlabOneD.Term ThomsonN7.SlabOneD.Term.mk.inj ThomsonN7.SlabOneD.Term.mk
ThomsonN7.SlabOneD.Slab_s98_96.certHB_ok._proof_1	theorem	0	0	ThomsonN7.SlabOneD.Slab_s98_96.parHB ThomsonN7.SlabOneD.Cert.check ThomsonN7.SlabOneD.Slab_s98_96.certHB
ThomsonN7.SlabOneD.Slab_s93_90.parHB.eq_1	theorem	0	0	ThomsonN7.SlabOneD.Slab_s93_90.parHB ThomsonN7.SlabOneD.Par.mk ThomsonN7.SlabOneD.Par
ThomsonN7.Case1Data.S6_B_l_2	def	10145	10145	
ThomsonN7.SlabOneD.all_zero_of_evalZ.match_1	def	0	0	ThomsonN7.SlabOneD.evalZ
ThomsonN7.Cert.tc_s93_90_FR2	def	17561	17564	ThomsonN7.Cert.Blk ThomsonN7.Cert.mkBlk
ThomsonN7.Case1.c1_stat_S5._proof_1	theorem	0	0	ThomsonN7.Cert.Cert3.ad ThomsonN7.Case1Data.S5 ThomsonN7.Case1.c1Stat ThomsonN7.Case1Data.cf ThomsonN7.Case1.C1Stat ThomsonN7.Cert.sblkE ThomsonN7.Cert.Cert3.an
ThomsonN7.RegB.ringA2	def	4972	4975	ThomsonN7.M3.firstWhere._proof_1 ThomsonN7.cyl._proof_1 ThomsonN7.R3
ThomsonN7.Case1Data.S3_B_D_1	def	9952	9952	
ThomsonN7.Cert.gT.eq_1	theorem	0	0	ThomsonN7.Cert.gT ThomsonN7.Kron.Ex.mul ThomsonN7.Cert.codeT ThomsonN7.Kron.Ex.c ThomsonN7.Kron.Ex
ThomsonN7.CutOneD.Cert.noConfusionType	def	0	0	ThomsonN7.CutOneD.Cert.casesOn ThomsonN7.CutOneD.Cert
ThomsonN7.Glue.Coerce.chainOK	def	12994	13001	ThomsonN7.Glue.Coerce.chainOK._f ThomsonN7.Glue.Coerce.BPiece
ThomsonN7.SlabOneD.sumTerms.eq_1	theorem	0	0	ThomsonN7.SlabOneD.sumTerms ThomsonN7.SlabOneD.Term ThomsonN7.SlabOneD.Par
ThomsonN7.SlabOneD.Slab_s99_98.termHA_5	def	16421	16422	ThomsonN7.SlabOneD.Term ThomsonN7.SlabOneD.Term.mk
ThomsonN7.Kron.Ex.ev_add	theorem	1987	1987	ThomsonN7.Kron.Ex.ev ThomsonN7.Kron.Ex.add ThomsonN7.Kron.Ex
ThomsonN7.Reg.kk_8_8	theorem	8003	8005	ThomsonN7.Reg.diag_of_enc
ThomsonN7.Case1Data.S3_B_D_11	def	9962	9962	
ThomsonN7.Reg.norm_planeRot	theorem	4724	4742	ThomsonN7.R3 ThomsonN7.Reg.planeRot_apply ThomsonN7.Reg.planeRot
ThomsonN7.Kron.Ex.Wr_add	theorem	1718	1720	ThomsonN7.Kron.Ex.Wr
ThomsonN7.Kron.Ex.Wr.eq_1	theorem	0	0	ThomsonN7.Kron.Ex.Wr
ThomsonN7.Kron.Ex.dz.eq_3	theorem	0	0	ThomsonN7.Kron.Ex.dz ThomsonN7.Kron.Ex.add ThomsonN7.Kron.Ex
ThomsonN7.Case1Data.S0_B_D_11	def	9713	9713	
ThomsonN7.Glue.Coerce.Contact2R.rec	rec	13629	13643	ThomsonN7.Glue.Coerce.Contact2R ThomsonN7.Glue.Coerce.Contact2R.mk ThomsonN7.Glue.Coerce.BPiece
ThomsonN7.Kron.Ex.sumAbs_toList	theorem	1777	1783	ThomsonN7.Kron.Ex.toList.eq_4 ThomsonN7.Kron.Ex.Term ThomsonN7.Kron.Ex.sumAbs ThomsonN7.Kron.Ex.mul ThomsonN7.Kron.Ex.sumAbs_flatMap ThomsonN7.Kron.Ex.mon ThomsonN7.Kron.Ex.toList ThomsonN7.Kron.Ex.add ThomsonN7.Kron.Ex.l1.eq_4 ThomsonN7.Kron.Ex.c ThomsonN7.Kron.Ex ThomsonN7.Kron.Ex.l1 ThomsonN7.Kron.Ex.rec
ThomsonN7.M2.instDecidableEqK8.decEq._proof_6	theorem	0	0	ThomsonN7.M2.K8 ThomsonN7.M2.K8.mk.noConfusion ThomsonN7.M2.K8.mk
ThomsonN7.Reg.kk_18_19	theorem	8201	8203	ThomsonN7.Reg.cross_of_enc
ThomsonN7.GV.L32_bound	theorem	5234	5244	
ThomsonN7.Case1Data.S5_B_D_1	def	10104	10104	
ThomsonN7.Case1Data.S3_B_D_5	def	9956	9956	
ThomsonN7.Reg.mhi_30	theorem	7079	7080	ThomsonN7.Reg.mon_hi ThomsonN7.Reg.InBox
ThomsonN7.Reg.enc_22	theorem	7339	7358	ThomsonN7.Reg.mlo_10 ThomsonN7.Reg.mlo_18 ThomsonN7.Reg.mlo_16 ThomsonN7.Reg.mhi_12 ThomsonN7.triCapPrism._proof_1 ThomsonN7.Reg.mhi_18 ThomsonN7.Reg.mhi_10 ThomsonN7.Reg.mlo_36 ThomsonN7.Reg.mhi_27 ThomsonN7.Reg.mhi_36 ThomsonN7.triCapPrism._proof_2 ThomsonN7.Reg.mhi_16 ThomsonN7.cyl._proof_1 ThomsonN7.Reg.mlo_27 ThomsonN7.Reg.mhi_2 ThomsonN7.Reg.InBox ThomsonN7.Reg.mlo_2 ThomsonN7.Reg.mlo_12 ThomsonN7.Reg.mlo_37 ThomsonN7.Reg.mhi_37 ThomsonN7.Reg.CP_22
ThomsonN7.Kron.Ex.list_sum_range_map	theorem	2013	2018	
ThomsonN7.Case1.c1_stat_S3	theorem	10407	10409	ThomsonN7.Case1.c1_stat_S3._proof_1 ThomsonN7.Cert.Cert3.ad ThomsonN7.Case1.c1Stat ThomsonN7.Case1Data.cf ThomsonN7.Case1.C1Stat ThomsonN7.Case1Data.S3 ThomsonN7.Cert.sblkE ThomsonN7.Cert.Cert3.an
ThomsonN7.SlabOneD.Slab_s93_90.certHB_ok._proof_1	theorem	0	0	ThomsonN7.SlabOneD.Slab_s93_90.parHB ThomsonN7.SlabOneD.Cert.check ThomsonN7.SlabOneD.Slab_s93_90.certHB
ThomsonN7.Kron.Ex.l1.eq_1	theorem	0	0	ThomsonN7.Kron.Ex.c ThomsonN7.Kron.Ex.l1
ThomsonN7.Reg.mlo_33	theorem	7089	7090	ThomsonN7.Reg.mon_lo ThomsonN7.Reg.InBox
ThomsonN7.Case1Data.S6_B_l_27	def	10170	10170	
ThomsonN7.GV.dc_bound	theorem	5305	5323	ThomsonN7.GV.abs_mul_le'
ThomsonN7.GV.L33	def	5418	5419	ThomsonN7.GV.L32
ThomsonN7.Reg.kk_7_16	theorem	7994	7996	ThomsonN7.Reg.cross_of_enc
ThomsonN7.Cert.TCert.HCf	def	14961	14962	ThomsonN7.Cert.polyR ThomsonN7.Cert.TCert ThomsonN7.Cert.TCert.Lam ThomsonN7.Cert.TCert.HC
ThomsonN7.Cert.perm3.eq_3	theorem	0	0	ThomsonN7.Cert.perm3
ThomsonN7.Case1Data.S0_B_l_45	def	9690	9690	
ThomsonN7.Cert.Cert3.Hf	def	2665	2667	ThomsonN7.Cert.Cert3 ThomsonN7.Cert.Cert3.h ThomsonN7.Cert.Cert3.Lam
ThomsonN7.Kron.decode_code	theorem	1881	1898	ThomsonN7.Kron.decode_code._proof_3 ThomsonN7.Kron.decode_code._proof_1 ThomsonN7.Kron.decode_code._proof_2
ThomsonN7.Reg.procScore_continuous	theorem	4768	4771	ThomsonN7.cyl._proof_1 ThomsonN7.R3 ThomsonN7.Reg.procScore
ThomsonN7.Reg.mlo_1	theorem	6961	6962	ThomsonN7.Reg.mon_lo ThomsonN7.Reg.InBox
ThomsonN7.Case1Data.S3_B_D_10	def	9961	9961	
ThomsonN7.Reg.CP_41	def	6778	6778	ThomsonN7.triCapPrism._proof_2 ThomsonN7.RegB.phiCos._proof_1
ThomsonN7.M3.val_ccOf	theorem	3864	3870	ThomsonN7.M3.cP._proof_1 ThomsonN7.M3.ccOf ThomsonN7.cyl._proof_1 ThomsonN7.R3 ThomsonN7.M3.cosA ThomsonN7.M3.cosB ThomsonN7.M3.colorOf ThomsonN7.M3.val ThomsonN7.M3.val_colorOf
ThomsonN7.Reg.CP_18	def	6755	6755	ThomsonN7.triCapPrism._proof_1 ThomsonN7.cyl._proof_1 ThomsonN7.RegB.phiCos._proof_1
ThomsonN7.Reg.kk_7_7	theorem	7976	7978	ThomsonN7.Reg.diag_of_enc
ThomsonN7.RegB.inv_bregman_nonneg	theorem	5141	5148	
ThomsonN7.Reg.CP_59._proof_2	theorem	0	0	
ThomsonN7.M2.Pl.eval_eq_zero_of_allZero	theorem	3114	3119	ThomsonN7.M2.K8 ThomsonN7.M2.Pl.allZero ThomsonN7.M2.Pl.eval ThomsonN7.M2.Pl.eval_eq_zero_of_allZero._f
ThomsonN7.Cert.TBlk.recOn	def	14081	14093	ThomsonN7.Cert.TBlk ThomsonN7.Cert.TBlk.rec ThomsonN7.Cert.TBlk.mk
ThomsonN7.Case1Data.S4_B_l_21	def	10012	10012	
ThomsonN7.T4.pentIdx._proof_1	theorem	0	0	
ThomsonN7.Case1Data.F2_D	def	9632	9632	ThomsonN7.Case1Data.F2_D_1 ThomsonN7.Case1Data.F2_D_2 ThomsonN7.Case1Data.F2_D_0 ThomsonN7.Case1Data.F2_D_3
ThomsonN7.Case1Data.S7_B_D_13	def	10253	10253	
ThomsonN7.M2.instDecidableEqK8.decEq._proof_3	theorem	0	0	ThomsonN7.M2.K8 ThomsonN7.M2.K8.mk.noConfusion ThomsonN7.M2.K8.mk
ThomsonN7.Cert.tc_s96_94_B	theorem	17047	17047	ThomsonN7.Cert.TCert.chkB ThomsonN7.Cert.tc_s96_94 ThomsonN7.Cert.tc_s96_94_B._proof_1
ThomsonN7.Cert.l1_linF_le.match_1	def	0	0	
ThomsonN7.Cert.sbst.eq_3	theorem	0	0	ThomsonN7.Cert.sbst ThomsonN7.Kron.Ex.add ThomsonN7.Kron.Ex
ThomsonN7.Case1Data.S5_B_l_0	def	10067	10067	
ThomsonN7.Reg.CP_36.eq_1	theorem	0	0	ThomsonN7.Reg.CP_36 ThomsonN7.triCapPrism._proof_1 ThomsonN7.Base.c1._proof_1
ThomsonN7.SlabOneD.Slab_s94_93.certHC_ok	theorem	17477	17477	ThomsonN7.SlabOneD.Slab_s94_93.certHC ThomsonN7.SlabOneD.Cert.check ThomsonN7.SlabOneD.Slab_s94_93.parHC ThomsonN7.SlabOneD.Slab_s94_93.certHC_ok._proof_1
ThomsonN7.Case1Data.S3_B_l_13	def	9928	9928	
ThomsonN7.T4.sqrt5_bounds	theorem	11680	11683	
ThomsonN7.Cert.chk_sound._proof_3	theorem	0	0	ThomsonN7.Kron.Ex.dy ThomsonN7.Kron.Ex.kev ThomsonN7.Kron.Ex.dz ThomsonN7.Kron.Ex.dx ThomsonN7.Kron.Ex ThomsonN7.Kron.Ex.l1
ThomsonN7.Case1Data.S1_B_D_12	def	9811	9811	
ThomsonN7.Case1Data.S4_B_D_16	def	10043	10043	
ThomsonN7.Glue.cls3	def	12133	12136	
ThomsonN7.Reg.CP_0	def	6737	6737	ThomsonN7.triCapPrism._proof_1 ThomsonN7.cyl._proof_1 ThomsonN7.Base.c1._proof_1
ThomsonN7.SlabOneD.Slab_s93_90.termHC_3	def	17797	17798	ThomsonN7.SlabOneD.Term ThomsonN7.SlabOneD.Term.mk
ThomsonN7.Cert.tc_s98_96_SB3	def	16648	16652	ThomsonN7.Cert.TBlk ThomsonN7.Cert.TBlk.mk
ThomsonN7.ThreePoint.dsum_add	theorem	786	795	ThomsonN7.ThreePoint.dsum
ThomsonN7.Reg.enc_3	theorem	7145	7150	ThomsonN7.Reg.CP_3 ThomsonN7.Reg.mhi_0 ThomsonN7.Reg.mlo_0 ThomsonN7.Reg.InBox
ThomsonN7.M2.K8.zero	def	2865	2866	ThomsonN7.M2.K8 ThomsonN7.M2.K8.mk
ThomsonN7.Case1Data.S5_B_D_23	def	10126	10126	
ThomsonN7.Case1Data.S6_B_l_3	def	10146	10146	
ThomsonN7.Glue.Coerce.ContactA.G	def	13362	13362	ThomsonN7.Glue.Coerce.ContactA
ThomsonN7.Case1Data.S7_B_D_6	def	10246	10246	
ThomsonN7.Cert.tc_s99_98_SA5	def	16295	16299	ThomsonN7.Cert.TBlk ThomsonN7.Cert.TBlk.mk
ThomsonN7.Reg.kk_10_19	theorem	8072	8074	ThomsonN7.Reg.cross_of_enc
ThomsonN7.Case1.c1Stat._unsafe_rec	def	0	0	ThomsonN7.Case1.C1Stat ThomsonN7.Kron.Ex.ev.match_1 ThomsonN7.Case1.c1Stat._unsafe_rec ThomsonN7.Kron.Ex ThomsonN7.Case1.c1Add ThomsonN7.Case1.c1Mul ThomsonN7.Case1.c1C
_private.ThomsonN7.Solution.0.ThomsonN7.Kron.Ex.ev.match_1.eq_4	theorem	0	0	ThomsonN7.Kron.Ex.mul ThomsonN7.Kron.Ex.mon ThomsonN7.Kron.Ex.add ThomsonN7.Kron.Ex.ev.match_1 ThomsonN7.Kron.Ex.c ThomsonN7.Kron.Ex
ThomsonN7.Cert.linF.eq_2	theorem	0	0	ThomsonN7.Kron.Ex.mon ThomsonN7.Kron.Ex.add ThomsonN7.Cert.smulNZ ThomsonN7.Kron.Ex ThomsonN7.Cert.linF
ThomsonN7.Reg.pent_2	theorem	4145	4150	ThomsonN7.Base.cos_4pi5 ThomsonN7.Base.c2 ThomsonN7.cyl._proof_1 ThomsonN7.R3 ThomsonN7.pentBipyramid._proof_1 ThomsonN7.cyl ThomsonN7.Reg.s2 ThomsonN7.pent_of_lt ThomsonN7.Base.c1._proof_1 ThomsonN7.pentBipyramid
ThomsonN7.Reg.CP_23.eq_1	theorem	0	0	ThomsonN7.triCapPrism._proof_2 ThomsonN7.RegB.phiCos._proof_1 ThomsonN7.Reg.CP_23
ThomsonN7.M2.Qs_real	theorem	3199	3210	ThomsonN7.M2.K8.toReal_one ThomsonN7.M2.Pl.eval_eq_zero_of_allZero ThomsonN7.M2.K8 ThomsonN7.M2.Qs ThomsonN7.M2.Hlist ThomsonN7.M2.Pl.scale ThomsonN7.M2.K8.toReal ThomsonN7.M2.K8.zero ThomsonN7.M2.Pl.eval_mul ThomsonN7.M2.ra ThomsonN7.M2.Pl.comp ThomsonN7.M2.Pl.eval_comp ThomsonN7.M2.rs2 ThomsonN7.M2.toReal_kS2 ThomsonN7.M2.K8.neg ThomsonN7.M2.Pl.eval_add ThomsonN7.M2.Pl.eval_pow ThomsonN7.M2.toReal_kA ThomsonN7.M2.Pl.pow ThomsonN7.M2.K8.one ThomsonN7.M2.K8.toReal_zero ThomsonN7.M2.Pl.mul ThomsonN7.M2.K8.toReal_neg ThomsonN7.M2.kS2 ThomsonN7.M2.toReal_kB ThomsonN7.M2.K8.ofRat ThomsonN7.M2.rb ThomsonN7.M2.kA ThomsonN7.M2.K8.toReal_ofRat ThomsonN7.M2.Pl.eval ThomsonN7.M2.qlist ThomsonN7.M2.Pl.add ThomsonN7.M2.P0 ThomsonN7.M2.Pl.eval_scale ThomsonN7.M2.Qs_eq ThomsonN7.M2.kB
ThomsonN7.M2.K8.toReal_mul	theorem	2911	2915	ThomsonN7.M2.K8.mul_core ThomsonN7.M2.K8.x4 ThomsonN7.M2.K8.x1 ThomsonN7.M2.K8 ThomsonN7.M2.K8.toReal ThomsonN7.M2.ra ThomsonN7.M2.K8.x3 ThomsonN7.M2.K8.x7 ThomsonN7.M2.rb ThomsonN7.M2.K8.x2 ThomsonN7.M2.K8.x6 ThomsonN7.M2.K8.mul ThomsonN7.M2.K8.x5 ThomsonN7.M2.K8.x0
ThomsonN7.Case1Data.S1_B_D_11	def	9810	9810	
ThomsonN7.SlabOneD.evalZ_pscale	theorem	15268	15273	ThomsonN7.SlabOneD.evalZ.eq_2 ThomsonN7.SlabOneD.pscale ThomsonN7.SlabOneD.evalZ.eq_1 ThomsonN7.SlabOneD.evalZ
ThomsonN7.RegB.t0_46	theorem	5097	5097	ThomsonN7.RegB.t0 ThomsonN7.RegB.t0_south
ThomsonN7.Case1Data.S7_B_D_11	def	10251	10251	
ThomsonN7.Reg.W_6_2	theorem	4450	4451	ThomsonN7.Reg.W ThomsonN7.Reg.W_ne ThomsonN7.Reg.g_6_2 ThomsonN7.Base.phi ThomsonN7.R3 ThomsonN7.pentBipyramid
ThomsonN7.Cert.vv0	theorem	14741	14741	ThomsonN7.Kron.Ex.varVal
ThomsonN7.Cert.l1_smulNZ_le	theorem	14192	14196	ThomsonN7.Kron.Ex.l1.eq_4 ThomsonN7.Cert.smulNZ ThomsonN7.Kron.Ex.c ThomsonN7.Kron.Ex ThomsonN7.Kron.Ex.smul ThomsonN7.Kron.Ex.l1
ThomsonN7.Reg.kk_8_16	theorem	8015	8017	ThomsonN7.Reg.cross_of_enc
ThomsonN7.SlabOneD.compQ.eq_2	theorem	0	0	ThomsonN7.SlabOneD.padd ThomsonN7.SlabOneD.pmul ThomsonN7.SlabOneD.compQ
ThomsonN7.SlabOneD.Slab_s96_94.certHB	def	17115	17119	ThomsonN7.SlabOneD.Slab_s96_94.termHB_0 ThomsonN7.SlabOneD.Cert.mk ThomsonN7.SlabOneD.Term ThomsonN7.SlabOneD.Slab_s96_94.termHB_3 ThomsonN7.SlabOneD.Cert ThomsonN7.SlabOneD.Slab_s96_94.termHB_1 ThomsonN7.SlabOneD.Slab_s96_94.termHB_2
_private.ThomsonN7.Solution.0.ThomsonN7.Cert.perm3.match_1.eq_3	theorem	0	0	ThomsonN7.Cert.perm3.match_1
ThomsonN7.Reg.enc_59	theorem	7756	7760	ThomsonN7.Reg.CP_59._proof_1 ThomsonN7.Reg.CP_59._proof_2 ThomsonN7.Reg.InBox ThomsonN7.Reg.CP_59
ThomsonN7.Case1Data.S7_B_D_0	def	10240	10240	
ThomsonN7.Cert.tc_s99_98_FP0	def	16205	16208	ThomsonN7.Cert.Blk ThomsonN7.Cert.mkBlk
ThomsonN7.Case1Data.S7_B_D	def	10260	10260	ThomsonN7.Case1Data.S7_B_D_15 ThomsonN7.Case1Data.S7_B_D_13 ThomsonN7.Case1Data.S7_B_D_17 ThomsonN7.Case1Data.S7_B_D_18 ThomsonN7.Case1Data.S7_B_D_0 ThomsonN7.Case1Data.S7_B_D_16 ThomsonN7.Case1Data.S7_B_D_19 ThomsonN7.Case1Data.S7_B_D_4 ThomsonN7.Case1Data.S7_B_D_11 ThomsonN7.Case1Data.S7_B_D_9 ThomsonN7.Case1Data.S7_B_D_7 ThomsonN7.Case1Data.S7_B_D_6 ThomsonN7.Case1Data.S7_B_D_12 ThomsonN7.Case1Data.S7_B_D_8 ThomsonN7.Case1Data.S7_B_D_10 ThomsonN7.Case1Data.S7_B_D_1 ThomsonN7.Case1Data.S7_B_D_5 ThomsonN7.Case1Data.S7_B_D_14 ThomsonN7.Case1Data.S7_B_D_2 ThomsonN7.Case1Data.S7_B_D_3
ThomsonN7.tri_cap	theorem	141	145	ThomsonN7.triCapPrism._proof_1 ThomsonN7.tri_cap._proof_1 ThomsonN7.triCapPrism._proof_2 ThomsonN7.cyl._proof_1 ThomsonN7.R3 ThomsonN7.cyl ThomsonN7.tri_cap._proof_2 ThomsonN7.triCapPrism
_private.ThomsonN7.Solution.0.ThomsonN7.Cert.sqF.match_1.eq_1	theorem	0	0	ThomsonN7.Cert.sqF.match_1
ThomsonN7.Reg.g_4_2	theorem	4277	4278	ThomsonN7.Reg.g_2_4 ThomsonN7.Base.c2 ThomsonN7.R3 ThomsonN7.pentBipyramid
ThomsonN7.Cert.vv2	theorem	14743	14743	ThomsonN7.Kron.Ex.varVal
ThomsonN7.Glue.pair_facts._proof_2	theorem	0	0	
ThomsonN7.Cert.offAbs_eq._proof_4	theorem	0	0	
ThomsonN7.Glue.Coerce.Contact2R.s	def	13637	13637	ThomsonN7.Glue.Coerce.Contact2R
ThomsonN7.Kron.Ex.ctorElimType	def	0	0	ThomsonN7.Kron.Ex.mul ThomsonN7.Kron.Ex.mon ThomsonN7.Kron.Ex.add ThomsonN7.Kron.Ex.c ThomsonN7.Kron.Ex
ThomsonN7.Kron.Ex.mon.elim	def	1602	1602	ThomsonN7.Kron.Ex.ctorIdx ThomsonN7.Kron.Ex.mon ThomsonN7.Kron.Ex.ctorElim ThomsonN7.Kron.Ex
ThomsonN7.Cert.Blk.mk._flat_ctor	def	0	0	ThomsonN7.Cert.Blk ThomsonN7.Cert.Blk.mk
ThomsonN7.Reg.g_3_1	theorem	4255	4256	ThomsonN7.Reg.g_1_3 ThomsonN7.Base.c2 ThomsonN7.R3 ThomsonN7.pentBipyramid
ThomsonN7.Cert.TCert.chkA	def	14903	14904	ThomsonN7.Cert.TCert.SA ThomsonN7.Cert.fqCur ThomsonN7.Cert.TCert.bn ThomsonN7.Cert.TCert.FA ThomsonN7.Cert.TCert.bd ThomsonN7.Cert.TCert.ad ThomsonN7.Cert.TCert.an ThomsonN7.Cert.hybChk ThomsonN7.Cert.TCert
ThomsonN7.Reg.kk_4_7	theorem	7889	7891	ThomsonN7.Reg.cross_of_enc
ThomsonN7.Cert.tc_s94_93	def	17348	17370	ThomsonN7.Cert.tc_s94_93_SG3 ThomsonN7.Cert.tc_s94_93_FP2 ThomsonN7.Cert.tc_s94_93_SG1 ThomsonN7.Cert.tc_s94_93_SA0 ThomsonN7.Cert.tc_s94_93_FP4 ThomsonN7.Cert.tc_s94_93_SB1 ThomsonN7.Cert.tc_s94_93_FR2 ThomsonN7.Cert.tc_s94_93_FR5 ThomsonN7.Cert.tc_s94_93_SB4 ThomsonN7.Cert.tc_s94_93_FR0 ThomsonN7.Cert.tc_s94_93_SG2 ThomsonN7.Cert.tc_s94_93_SA3 ThomsonN7.Cert.tc_s94_93_SA1 ThomsonN7.Cert.Blk ThomsonN7.Cert.tc_s94_93_FP5 ThomsonN7.Cert.TBlk ThomsonN7.Cert.tc_s94_93_SG4 ThomsonN7.Cert.tc_s94_93_SB3 ThomsonN7.Cert.TCert.mk ThomsonN7.Cert.tc_s94_93_FR1 ThomsonN7.Cert.tc_s94_93_SB2 ThomsonN7.Cert.tc_s94_93_SA5 ThomsonN7.Cert.tc_s94_93_SA4 ThomsonN7.Cert.TCert ThomsonN7.Cert.tc_s94_93_FP0 ThomsonN7.Cert.tc_s94_93_SG0 ThomsonN7.Cert.tc_s94_93_FR3 ThomsonN7.Cert.tc_s94_93_FP1 ThomsonN7.Cert.tc_s94_93_SA2 ThomsonN7.Cert.tc_s94_93_FP3 ThomsonN7.Cert.tc_s94_93_SB0 ThomsonN7.Cert.tc_s94_93_FR4
ThomsonN7.Case1Data.S6_B_l_24	def	10167	10167	
ThomsonN7.Final.a.eq_3	theorem	0	0	ThomsonN7.Final.a._proof_5 ThomsonN7.Final.a ThomsonN7.Final.a._proof_6
ThomsonN7.Case1Data.S5_B_l_26	def	10093	10093	
ThomsonN7.Reg.CP_3	def	6740	6740	
ThomsonN7.Glue.Coerce.bernSum.eq_1	theorem	0	0	ThomsonN7.Glue.Coerce.bernSum
ThomsonN7.Reg.ss_18	theorem	8234	8234	
ThomsonN7.ThreePoint.matDot_Y3_swap	theorem	10981	10991	ThomsonN7.ThreePoint.Y3 ThomsonN7.ThreePoint.Q3 ThomsonN7.ThreePoint.Q3_swap ThomsonN7.ThreePoint.matDot
ThomsonN7.SlabOneD.Par.mu2	def	15212	15212	ThomsonN7.SlabOneD.Par
ThomsonN7.Case1Data.S3_B_l_12	def	9927	9927	
ThomsonN7.SlabOneD.Slab_s93_90.termHC_1	def	17791	17792	ThomsonN7.SlabOneD.Term ThomsonN7.SlabOneD.Term.mk
ThomsonN7.M3.search_spec	theorem	3455	3515	ThomsonN7.M3.leaf ThomsonN7.M3.search_spec._simp_2 ThomsonN7.M3.search_spec._simp_3 ThomsonN7.M3.imp ThomsonN7.M3.ok4 ThomsonN7.M3.search ThomsonN7.M3.search_eq ThomsonN7.M3.all4 ThomsonN7.M3.mk21
ThomsonN7.RegB.lam0	def	5079	5080	ThomsonN7.RegB.lam2 ThomsonN7.Base.c2 ThomsonN7.Base.phi ThomsonN7.cyl._proof_1 ThomsonN7.Base.c1 ThomsonN7.pentBipyramid._proof_1
ThomsonN7.ThreePoint.matDot_root_nonneg	theorem	10602	10636	ThomsonN7.ThreePoint.Y3 ThomsonN7.ThreePoint.matDot ThomsonN7.ThreePoint.quad_Y3_nonneg ThomsonN7.R3 ThomsonN7.ThreePoint.exists_tangent_frame
